x,y,value,rgb_distance
0,20,0,1
0.630630631,20,0,1
1.26126126,20,0,1
1.89189189,20,0,1
2.52252252,20,0,1
3.15315315,20,0,1
3.78378378,20,0,1
4.41441441,20,0,1
5.04504505,20,0,1
5.67567568,20,0,1
6.30630631,20,0,1
6.93693694,20,0,1
7.56756757,20,0,1
8.1981982,20,0,1
8.82882883,20,0,1
9.45945946,20,0,1
10.0900901,20,0,1
10.7207207,20,0,1
11.3513514,20,0,1
11.981982,20,0,1
12.6126126,20,0,1
13.2432432,20,0,1
13.8738739,20,0,1
14.5045045,20,0,1
15.1351351,20,0,1
15.7657658,20,0,1
16.3963964,20,0,1
17.027027,20,0,1
17.6576577,20,0,1
18.2882883,20,0,1
18.9189189,20,,58.54912
19.5495495,20,0,1
20.1801802,20,0,1
20.8108108,20,0,1
21.4414414,20,0,1
22.0720721,20,0,1
22.7027027,20,0,1
23.3333333,20,0,1
23.963964,20,0,1
24.5945946,20,0,1
25.2252252,20,0,1
25.8558559,20,0,1
26.4864865,20,0,1
27.1171171,20,0,1
27.7477477,20,0,1
28.3783784,20,0,1
29.009009,20,0,1
29.6396396,20,0,1
30.2702703,20,0,1
30.9009009,20,0,1
31.5315315,20,0,1
32.1621622,20,0,1
32.7927928,20,0,1
33.4234234,20,0,1
34.0540541,20,0,1
34.6846847,20,0,1
35.3153153,20,0,1
35.9459459,20,0,1
36.5765766,20,0,1
37.2072072,20,0,1
37.8378378,20,0,1
38.4684685,20,,143.035
39.0990991,20,0,1
39.7297297,20,0,1
40.3603604,20,0,1
40.990991,20,0,1
41.6216216,20,0,1
42.2522523,20,0,1
42.8828829,20,0,1
43.5135135,20,0,1
44.1441441,20,0,1
44.7747748,20,0,1
45.4054054,20,0,1
46.036036,20,0,1
46.6666667,20,0,1
47.2972973,20,0,1
47.9279279,20,0,1
48.5585586,20,0,1
49.1891892,20,0,1
49.8198198,20,0,1
50.4504505,20,0,1
51.0810811,20,0,1
51.7117117,20,0,1
52.3423423,20,0,1
52.972973,20,0,1
53.6036036,20,0,1
54.2342342,20,0,1
54.8648649,20,0,1
55.4954955,20,0,1
56.1261261,20,0,1
56.7567568,20,0,1
57.3873874,20,0,1
58.018018,20,0,1
58.6486486,20,0,1
59.2792793,20,0,1
59.9099099,20,0,1
60.5405405,20,0,1
61.1711712,20,0,1
61.8018018,20,0,1
62.4324324,20,0,1
63.0630631,20,0,1
63.6936937,20,0,1
64.3243243,20,0,1
64.954955,20,0,1
65.5855856,20,0,1
66.2162162,20,0,1
66.8468468,20,0,1
67.4774775,20,0,1
68.1081081,20,7.79617834395e-06,2.236068
68.7387387,20,7.89808917197e-06,0
69.3693694,20,7.89808917197e-06,0
70,20,7.89808917197e-06,0
0,19.5744681,0,1
0.630630631,19.5744681,0,1
1.26126126,19.5744681,0,1
1.89189189,19.5744681,0,1
2.52252252,19.5744681,0,1
3.15315315,19.5744681,0,1
3.78378378,19.5744681,0,1
4.41441441,19.5744681,0,1
5.04504505,19.5744681,0,1
5.67567568,19.5744681,0,1
6.30630631,19.5744681,0,1
6.93693694,19.5744681,0,1
7.56756757,19.5744681,0,1
8.1981982,19.5744681,0,1
8.82882883,19.5744681,0,1
9.45945946,19.5744681,0,1
10.0900901,19.5744681,0,1
10.7207207,19.5744681,0,1
11.3513514,19.5744681,0,1
11.981982,19.5744681,0,1
12.6126126,19.5744681,0,1
13.2432432,19.5744681,0,1
13.8738739,19.5744681,0,1
14.5045045,19.5744681,0,1
15.1351351,19.5744681,0,1
15.7657658,19.5744681,0,1
16.3963964,19.5744681,0,1
17.027027,19.5744681,0,1
17.6576577,19.5744681,0,1
18.2882883,19.5744681,0,1
18.9189189,19.5744681,,58.54912
19.5495495,19.5744681,0,1
20.1801802,19.5744681,0,1
20.8108108,19.5744681,0,1
21.4414414,19.5744681,0,1
22.0720721,19.5744681,0,1
22.7027027,19.5744681,0,1
23.3333333,19.5744681,0,1
23.963964,19.5744681,0,1
24.5945946,19.5744681,0,1
25.2252252,19.5744681,0,1
25.8558559,19.5744681,0,1
26.4864865,19.5744681,0,1
27.1171171,19.5744681,0,1
27.7477477,19.5744681,0,1
28.3783784,19.5744681,0,1
29.009009,19.5744681,0,1
29.6396396,19.5744681,0,1
30.2702703,19.5744681,0,1
30.9009009,19.5744681,0,1
31.5315315,19.5744681,0,1
32.1621622,19.5744681,0,1
32.7927928,19.5744681,0,1
33.4234234,19.5744681,0,1
34.0540541,19.5744681,0,1
34.6846847,19.5744681,0,1
35.3153153,19.5744681,0,1
35.9459459,19.5744681,0,1
36.5765766,19.5744681,0,1
37.2072072,19.5744681,0,1
37.8378378,19.5744681,0,1
38.4684685,19.5744681,,143.035
39.0990991,19.5744681,0,1
39.7297297,19.5744681,0,1
40.3603604,19.5744681,0,1
40.990991,19.5744681,0,1
41.6216216,19.5744681,0,1
42.2522523,19.5744681,0,1
42.8828829,19.5744681,0,1
43.5135135,19.5744681,0,1
44.1441441,19.5744681,0,1
44.7747748,19.5744681,0,1
45.4054054,19.5744681,0,1
46.036036,19.5744681,0,1
46.6666667,19.5744681,0,1
47.2972973,19.5744681,0,1
47.9279279,19.5744681,0,1
48.5585586,19.5744681,0,1
49.1891892,19.5744681,0,1
49.8198198,19.5744681,0,1
50.4504505,19.5744681,0,1
51.0810811,19.5744681,0,1
51.7117117,19.5744681,0,1
52.3423423,19.5744681,0,1
52.972973,19.5744681,0,1
53.6036036,19.5744681,0,1
54.2342342,19.5744681,0,1
54.8648649,19.5744681,0,1
55.4954955,19.5744681,0,1
56.1261261,19.5744681,0,1
56.7567568,19.5744681,0,1
57.3873874,19.5744681,0,1
58.018018,19.5744681,0,1
58.6486486,19.5744681,0,1
59.2792793,19.5744681,0,1
59.9099099,19.5744681,0,1
60.5405405,19.5744681,0,1
61.1711712,19.5744681,0,1
61.8018018,19.5744681,0,1
62.4324324,19.5744681,0,1
63.0630631,19.5744681,0,1
63.6936937,19.5744681,0,1
64.3243243,19.5744681,0,1
64.954955,19.5744681,0,1
65.5855856,19.5744681,0,1
66.2162162,19.5744681,0,1
66.8468468,19.5744681,0,1
67.4774775,19.5744681,0,1
68.1081081,19.5744681,7.79617834395e-06,1.414214
68.7387387,19.5744681,7.89808917197e-06,0
69.3693694,19.5744681,7.89808917197e-06,0
70,19.5744681,7.89808917197e-06,0
0,19.1489362,0,1
0.630630631,19.1489362,0,1
1.26126126,19.1489362,0,1
1.89189189,19.1489362,0,1
2.52252252,19.1489362,0,1
3.15315315,19.1489362,0,1
3.78378378,19.1489362,0,1
4.41441441,19.1489362,0,1
5.04504505,19.1489362,0,1
5.67567568,19.1489362,0,1
6.30630631,19.1489362,0,1
6.93693694,19.1489362,0,1
7.56756757,19.1489362,0,1
8.1981982,19.1489362,0,1
8.82882883,19.1489362,0,1
9.45945946,19.1489362,0,1
10.0900901,19.1489362,0,1
10.7207207,19.1489362,0,1
11.3513514,19.1489362,0,1
11.981982,19.1489362,0,1
12.6126126,19.1489362,0,1
13.2432432,19.1489362,0,1
13.8738739,19.1489362,0,1
14.5045045,19.1489362,0,1
15.1351351,19.1489362,0,1
15.7657658,19.1489362,0,1
16.3963964,19.1489362,0,1
17.027027,19.1489362,0,1
17.6576577,19.1489362,0,1
18.2882883,19.1489362,0,1
18.9189189,19.1489362,,58.54912
19.5495495,19.1489362,0,1
20.1801802,19.1489362,0,1
20.8108108,19.1489362,0,1
21.4414414,19.1489362,0,1
22.0720721,19.1489362,0,1
22.7027027,19.1489362,0,1
23.3333333,19.1489362,0,1
23.963964,19.1489362,0,1
24.5945946,19.1489362,0,1
25.2252252,19.1489362,0,1
25.8558559,19.1489362,0,1
26.4864865,19.1489362,0,1
27.1171171,19.1489362,0,1
27.7477477,19.1489362,0,1
28.3783784,19.1489362,0,1
29.009009,19.1489362,0,1
29.6396396,19.1489362,0,1
30.2702703,19.1489362,0,1
30.9009009,19.1489362,0,1
31.5315315,19.1489362,0,1
32.1621622,19.1489362,0,1
32.7927928,19.1489362,0,1
33.4234234,19.1489362,0,1
34.0540541,19.1489362,0,1
34.6846847,19.1489362,0,1
35.3153153,19.1489362,0,1
35.9459459,19.1489362,0,1
36.5765766,19.1489362,0,1
37.2072072,19.1489362,0,1
37.8378378,19.1489362,0,1
38.4684685,19.1489362,,143.035
39.0990991,19.1489362,0,1
39.7297297,19.1489362,0,1
40.3603604,19.1489362,0,1
40.990991,19.1489362,0,1
41.6216216,19.1489362,0,1
42.2522523,19.1489362,0,1
42.8828829,19.1489362,0,1
43.5135135,19.1489362,0,1
44.1441441,19.1489362,0,1
44.7747748,19.1489362,0,1
45.4054054,19.1489362,0,1
46.036036,19.1489362,0,1
46.6666667,19.1489362,0,1
47.2972973,19.1489362,0,1
47.9279279,19.1489362,0,1
48.5585586,19.1489362,0,1
49.1891892,19.1489362,0,1
49.8198198,19.1489362,0,1
50.4504505,19.1489362,0,1
51.0810811,19.1489362,0,1
51.7117117,19.1489362,0,1
52.3423423,19.1489362,0,1
52.972973,19.1489362,0,1
53.6036036,19.1489362,0,1
54.2342342,19.1489362,0,1
54.8648649,19.1489362,0,1
55.4954955,19.1489362,0,1
56.1261261,19.1489362,0,1
56.7567568,19.1489362,0,1
57.3873874,19.1489362,0,1
58.018018,19.1489362,0,1
58.6486486,19.1489362,0,1
59.2792793,19.1489362,0,1
59.9099099,19.1489362,0,1
60.5405405,19.1489362,0,1
61.1711712,19.1489362,0,1
61.8018018,19.1489362,0,1
62.4324324,19.1489362,0,1
63.0630631,19.1489362,0,1
63.6936937,19.1489362,0,1
64.3243243,19.1489362,0,1
64.954955,19.1489362,0,1
65.5855856,19.1489362,0,1
66.2162162,19.1489362,0,1
66.8468468,19.1489362,0,1
67.4774775,19.1489362,0,1
68.1081081,19.1489362,7.79617834395e-06,1.414214
68.7387387,19.1489362,7.89808917197e-06,0
69.3693694,19.1489362,7.89808917197e-06,0
70,19.1489362,7.89808917197e-06,0
0,18.7234043,0,1
0.630630631,18.7234043,0,1
1.26126126,18.7234043,0,1
1.89189189,18.7234043,0,1
2.52252252,18.7234043,0,1
3.15315315,18.7234043,0,1
3.78378378,18.7234043,0,1
4.41441441,18.7234043,0,1
5.04504505,18.7234043,0,1
5.67567568,18.7234043,0,1
6.30630631,18.7234043,0,1
6.93693694,18.7234043,0,1
7.56756757,18.7234043,0,1
8.1981982,18.7234043,0,1
8.82882883,18.7234043,0,1
9.45945946,18.7234043,0,1
10.0900901,18.7234043,0,1
10.7207207,18.7234043,0,1
11.3513514,18.7234043,0,1
11.981982,18.7234043,0,1
12.6126126,18.7234043,0,1
13.2432432,18.7234043,0,1
13.8738739,18.7234043,0,1
14.5045045,18.7234043,0,1
15.1351351,18.7234043,0,1
15.7657658,18.7234043,0,1
16.3963964,18.7234043,0,1
17.027027,18.7234043,0,1
17.6576577,18.7234043,0,1
18.2882883,18.7234043,0,1
18.9189189,18.7234043,0,1
19.5495495,18.7234043,0,1
20.1801802,18.7234043,0,1
20.8108108,18.7234043,0,1
21.4414414,18.7234043,0,1
22.0720721,18.7234043,0,1
22.7027027,18.7234043,0,1
23.3333333,18.7234043,0,1
23.963964,18.7234043,0,1
24.5945946,18.7234043,0,1
25.2252252,18.7234043,0,1
25.8558559,18.7234043,0,1
26.4864865,18.7234043,0,1
27.1171171,18.7234043,0,1
27.7477477,18.7234043,0,1
28.3783784,18.7234043,0,1
29.009009,18.7234043,0,1
29.6396396,18.7234043,0,1
30.2702703,18.7234043,0,1
30.9009009,18.7234043,0,1
31.5315315,18.7234043,0,1
32.1621622,18.7234043,0,1
32.7927928,18.7234043,0,1
33.4234234,18.7234043,0,1
34.0540541,18.7234043,0,1
34.6846847,18.7234043,0,1
35.3153153,18.7234043,0,1
35.9459459,18.7234043,0,1
36.5765766,18.7234043,0,1
37.2072072,18.7234043,0,1
37.8378378,18.7234043,0,1
38.4684685,18.7234043,0,1
39.0990991,18.7234043,0,1
39.7297297,18.7234043,0,1
40.3603604,18.7234043,0,1
40.990991,18.7234043,0,1
41.6216216,18.7234043,0,1
42.2522523,18.7234043,0,1
42.8828829,18.7234043,0,1
43.5135135,18.7234043,0,1
44.1441441,18.7234043,0,1
44.7747748,18.7234043,0,1
45.4054054,18.7234043,0,1
46.036036,18.7234043,0,1
46.6666667,18.7234043,0,1
47.2972973,18.7234043,0,1
47.9279279,18.7234043,0,1
48.5585586,18.7234043,0,1
49.1891892,18.7234043,0,1
49.8198198,18.7234043,0,1
50.4504505,18.7234043,0,1
51.0810811,18.7234043,0,1
51.7117117,18.7234043,0,1
52.3423423,18.7234043,0,1
52.972973,18.7234043,0,1
53.6036036,18.7234043,0,1
54.2342342,18.7234043,0,1
54.8648649,18.7234043,0,1
55.4954955,18.7234043,0,1
56.1261261,18.7234043,0,1
56.7567568,18.7234043,0,1
57.3873874,18.7234043,0,1
58.018018,18.7234043,0,1
58.6486486,18.7234043,0,1
59.2792793,18.7234043,0,1
59.9099099,18.7234043,0,1
60.5405405,18.7234043,0,1
61.1711712,18.7234043,,71.86793
61.8018018,18.7234043,,49.55805
62.4324324,18.7234043,,46.78675
63.0630631,18.7234043,,51.0196
63.6936937,18.7234043,0,1
64.3243243,18.7234043,,37.01351
64.954955,18.7234043,0,1
65.5855856,18.7234043,0,1
66.2162162,18.7234043,,143.035
66.8468468,18.7234043,0,1
67.4774775,18.7234043,0,1
68.1081081,18.7234043,7.79617834395e-06,1.414214
68.7387387,18.7234043,7.89808917197e-06,0
69.3693694,18.7234043,7.89808917197e-06,0
70,18.7234043,7.89808917197e-06,0
0,18.2978723,,67.00746
0.630630631,18.2978723,0,4.690416
1.26126126,18.2978723,0,1
1.89189189,18.2978723,0,1
2.52252252,18.2978723,0,1
3.15315315,18.2978723,0,1
3.78378378,18.2978723,0,1
4.41441441,18.2978723,0,1
5.04504505,18.2978723,0,1
5.67567568,18.2978723,0,1
6.30630631,18.2978723,0,1
6.93693694,18.2978723,0,1
7.56756757,18.2978723,0,1
8.1981982,18.2978723,0,1
8.82882883,18.2978723,0,1
9.45945946,18.2978723,0,1
10.0900901,18.2978723,0,1
10.7207207,18.2978723,0,1
11.3513514,18.2978723,0,1
11.981982,18.2978723,0,1
12.6126126,18.2978723,0,1
13.2432432,18.2978723,0,1
13.8738739,18.2978723,0,1
14.5045045,18.2978723,0,1
15.1351351,18.2978723,0,1
15.7657658,18.2978723,0,1
16.3963964,18.2978723,0,1
17.027027,18.2978723,0,1
17.6576577,18.2978723,0,1
18.2882883,18.2978723,0,1
18.9189189,18.2978723,0,1
19.5495495,18.2978723,0,1
20.1801802,18.2978723,0,1
20.8108108,18.2978723,0,1
21.4414414,18.2978723,0,1
22.0720721,18.2978723,0,1
22.7027027,18.2978723,0,1
23.3333333,18.2978723,0,1
23.963964,18.2978723,0,1
24.5945946,18.2978723,0,1
25.2252252,18.2978723,0,1
25.8558559,18.2978723,0,1
26.4864865,18.2978723,0,1
27.1171171,18.2978723,0,1
27.7477477,18.2978723,0,1
28.3783784,18.2978723,0,1
29.009009,18.2978723,0,1
29.6396396,18.2978723,0,1
30.2702703,18.2978723,0,1
30.9009009,18.2978723,0,1
31.5315315,18.2978723,0,1
32.1621622,18.2978723,0,1
32.7927928,18.2978723,0,1
33.4234234,18.2978723,0,1
34.0540541,18.2978723,0,1
34.6846847,18.2978723,0,1
35.3153153,18.2978723,0,1
35.9459459,18.2978723,0,1
36.5765766,18.2978723,0,1
37.2072072,18.2978723,0,1
37.8378378,18.2978723,0,1
38.4684685,18.2978723,0,1
39.0990991,18.2978723,0,1
39.7297297,18.2978723,0,1
40.3603604,18.2978723,0,1
40.990991,18.2978723,0,1
41.6216216,18.2978723,0,1
42.2522523,18.2978723,0,1
42.8828829,18.2978723,0,1
43.5135135,18.2978723,0,1
44.1441441,18.2978723,0,1
44.7747748,18.2978723,0,1
45.4054054,18.2978723,0,1
46.036036,18.2978723,0,1
46.6666667,18.2978723,0,1
47.2972973,18.2978723,0,1
47.9279279,18.2978723,0,1
48.5585586,18.2978723,0,1
49.1891892,18.2978723,0,1
49.8198198,18.2978723,0,1
50.4504505,18.2978723,0,1
51.0810811,18.2978723,0,1
51.7117117,18.2978723,0,1
52.3423423,18.2978723,0,1
52.972973,18.2978723,0,1
53.6036036,18.2978723,0,1
54.2342342,18.2978723,0,1
54.8648649,18.2978723,0,1
55.4954955,18.2978723,0,1
56.1261261,18.2978723,0,1
56.7567568,18.2978723,0,1
57.3873874,18.2978723,0,1
58.018018,18.2978723,0,1
58.6486486,18.2978723,0,1
59.2792793,18.2978723,0,1
59.9099099,18.2978723,0,1
60.5405405,18.2978723,0,1
61.1711712,18.2978723,0,1
61.8018018,18.2978723,0,1
62.4324324,18.2978723,7.74522292994e-06,32.15587
63.0630631,18.2978723,0,1
63.6936937,18.2978723,,62.20129
64.3243243,18.2978723,,60.61353
64.954955,18.2978723,0,1
65.5855856,18.2978723,0,1
66.2162162,18.2978723,,143.035
66.8468468,18.2978723,0,1
67.4774775,18.2978723,0,1
68.1081081,18.2978723,7.79617834395e-06,1.414214
68.7387387,18.2978723,7.89808917197e-06,0
69.3693694,18.2978723,7.89808917197e-06,0
70,18.2978723,7.89808917197e-06,0
0,17.8723404,0,1
0.630630631,17.8723404,0,1
1.26126126,17.8723404,0,1
1.89189189,17.8723404,0,1
2.52252252,17.8723404,0,1
3.15315315,17.8723404,0,1
3.78378378,17.8723404,0,1
4.41441441,17.8723404,0,1
5.04504505,17.8723404,0,1
5.67567568,17.8723404,0,1
6.30630631,17.8723404,0,1
6.93693694,17.8723404,0,1
7.56756757,17.8723404,0,1
8.1981982,17.8723404,0,1
8.82882883,17.8723404,0,1
9.45945946,17.8723404,0,1
10.0900901,17.8723404,0,1
10.7207207,17.8723404,0,1
11.3513514,17.8723404,0,1
11.981982,17.8723404,0,1
12.6126126,17.8723404,0,1
13.2432432,17.8723404,0,1
13.8738739,17.8723404,0,1
14.5045045,17.8723404,0,1
15.1351351,17.8723404,0,1
15.7657658,17.8723404,0,1
16.3963964,17.8723404,0,1
17.027027,17.8723404,0,1
17.6576577,17.8723404,0,1
18.2882883,17.8723404,0,1
18.9189189,17.8723404,0,1
19.5495495,17.8723404,0,1
20.1801802,17.8723404,0,1
20.8108108,17.8723404,0,1
21.4414414,17.8723404,0,1
22.0720721,17.8723404,0,1
22.7027027,17.8723404,0,1
23.3333333,17.8723404,0,1
23.963964,17.8723404,0,1
24.5945946,17.8723404,0,1
25.2252252,17.8723404,0,1
25.8558559,17.8723404,0,1
26.4864865,17.8723404,0,1
27.1171171,17.8723404,0,1
27.7477477,17.8723404,0,1
28.3783784,17.8723404,0,1
29.009009,17.8723404,0,1
29.6396396,17.8723404,0,1
30.2702703,17.8723404,0,1
30.9009009,17.8723404,0,1
31.5315315,17.8723404,0,1
32.1621622,17.8723404,0,1
32.7927928,17.8723404,0,1
33.4234234,17.8723404,0,1
34.0540541,17.8723404,0,1
34.6846847,17.8723404,0,1
35.3153153,17.8723404,0,1
35.9459459,17.8723404,0,1
36.5765766,17.8723404,0,1
37.2072072,17.8723404,0,1
37.8378378,17.8723404,0,1
38.4684685,17.8723404,0,1
39.0990991,17.8723404,0,1
39.7297297,17.8723404,0,1
40.3603604,17.8723404,0,1
40.990991,17.8723404,0,1
41.6216216,17.8723404,0,1
42.2522523,17.8723404,0,1
42.8828829,17.8723404,0,1
43.5135135,17.8723404,0,1
44.1441441,17.8723404,0,1
44.7747748,17.8723404,0,1
45.4054054,17.8723404,0,1
46.036036,17.8723404,0,1
46.6666667,17.8723404,0,1
47.2972973,17.8723404,0,1
47.9279279,17.8723404,0,1
48.5585586,17.8723404,0,1
49.1891892,17.8723404,0,1
49.8198198,17.8723404,0,1
50.4504505,17.8723404,0,1
51.0810811,17.8723404,0,1
51.7117117,17.8723404,0,1
52.3423423,17.8723404,0,1
52.972973,17.8723404,0,1
53.6036036,17.8723404,0,1
54.2342342,17.8723404,0,1
54.8648649,17.8723404,0,1
55.4954955,17.8723404,0,1
56.1261261,17.8723404,0,1
56.7567568,17.8723404,0,1
57.3873874,17.8723404,0,1
58.018018,17.8723404,0,1
58.6486486,17.8723404,0,1
59.2792793,17.8723404,0,1
59.9099099,17.8723404,0,1
60.5405405,17.8723404,,143.035
61.1711712,17.8723404,,46.69047
61.8018018,17.8723404,0,1
62.4324324,17.8723404,7.74522292994e-06,32.15587
63.0630631,17.8723404,,51.28353
63.6936937,17.8723404,0,1
64.3243243,17.8723404,,60.61353
64.954955,17.8723404,,51.28353
65.5855856,17.8723404,0,1
66.2162162,17.8723404,,143.035
66.8468468,17.8723404,0,1
67.4774775,17.8723404,0,1
68.1081081,17.8723404,7.79617834395e-06,1.414214
68.7387387,17.8723404,7.89808917197e-06,0
69.3693694,17.8723404,7.89808917197e-06,0
70,17.8723404,7.89808917197e-06,0
0,17.4468085,0,1
0.630630631,17.4468085,0,1
1.26126126,17.4468085,0,1
1.89189189,17.4468085,0,1
2.52252252,17.4468085,0,1
3.15315315,17.4468085,0,1
3.78378378,17.4468085,0,1
4.41441441,17.4468085,0,1
5.04504505,17.4468085,0,1
5.67567568,17.4468085,0,1
6.30630631,17.4468085,0,1
6.93693694,17.4468085,0,1
7.56756757,17.4468085,0,1
8.1981982,17.4468085,0,1
8.82882883,17.4468085,0,1
9.45945946,17.4468085,0,1
10.0900901,17.4468085,0,1
10.7207207,17.4468085,0,1
11.3513514,17.4468085,0,1
11.981982,17.4468085,0,1
12.6126126,17.4468085,0,1
13.2432432,17.4468085,0,1
13.8738739,17.4468085,0,1
14.5045045,17.4468085,0,1
15.1351351,17.4468085,0,1
15.7657658,17.4468085,0,1
16.3963964,17.4468085,0,1
17.027027,17.4468085,0,1
17.6576577,17.4468085,0,1
18.2882883,17.4468085,0,1
18.9189189,17.4468085,0,1
19.5495495,17.4468085,0,1
20.1801802,17.4468085,0,1
20.8108108,17.4468085,0,1
21.4414414,17.4468085,0,1
22.0720721,17.4468085,0,1
22.7027027,17.4468085,0,1
23.3333333,17.4468085,0,1
23.963964,17.4468085,0,1
24.5945946,17.4468085,0,1
25.2252252,17.4468085,0,1
25.8558559,17.4468085,0,1
26.4864865,17.4468085,0,1
27.1171171,17.4468085,0,1
27.7477477,17.4468085,0,1
28.3783784,17.4468085,0,1
29.009009,17.4468085,0,1
29.6396396,17.4468085,0,1
30.2702703,17.4468085,0,1
30.9009009,17.4468085,0,1
31.5315315,17.4468085,0,1
32.1621622,17.4468085,0,1
32.7927928,17.4468085,0,1
33.4234234,17.4468085,0,1
34.0540541,17.4468085,0,1
34.6846847,17.4468085,0,1
35.3153153,17.4468085,0,1
35.9459459,17.4468085,0,1
36.5765766,17.4468085,0,1
37.2072072,17.4468085,0,1
37.8378378,17.4468085,0,1
38.4684685,17.4468085,0,1
39.0990991,17.4468085,0,1
39.7297297,17.4468085,0,1
40.3603604,17.4468085,0,1
40.990991,17.4468085,0,1
41.6216216,17.4468085,0,1
42.2522523,17.4468085,0,1
42.8828829,17.4468085,0,1
43.5135135,17.4468085,0,1
44.1441441,17.4468085,0,1
44.7747748,17.4468085,0,1
45.4054054,17.4468085,0,1
46.036036,17.4468085,0,1
46.6666667,17.4468085,0,1
47.2972973,17.4468085,0,1
47.9279279,17.4468085,0,1
48.5585586,17.4468085,0,1
49.1891892,17.4468085,0,1
49.8198198,17.4468085,0,1
50.4504505,17.4468085,0,1
51.0810811,17.4468085,0,1
51.7117117,17.4468085,0,1
52.3423423,17.4468085,0,1
52.972973,17.4468085,0,1
53.6036036,17.4468085,0,1
54.2342342,17.4468085,0,1
54.8648649,17.4468085,0,1
55.4954955,17.4468085,0,1
56.1261261,17.4468085,0,1
56.7567568,17.4468085,0,1
57.3873874,17.4468085,0,1
58.018018,17.4468085,0,1
58.6486486,17.4468085,0,1
59.2792793,17.4468085,0,1
59.9099099,17.4468085,0,1
60.5405405,17.4468085,0,1
61.1711712,17.4468085,,54.35071
61.8018018,17.4468085,0,1
62.4324324,17.4468085,7.74522292994e-06,32.15587
63.0630631,17.4468085,,36.27671
63.6936937,17.4468085,0,1
64.3243243,17.4468085,,60.61353
64.954955,17.4468085,,140.0143
65.5855856,17.4468085,7.74522292994e-06,26.01922
66.2162162,17.4468085,,143.035
66.8468468,17.4468085,0,1
67.4774775,17.4468085,0,1
68.1081081,17.4468085,7.79617834395e-06,1.414214
68.7387387,17.4468085,7.89808917197e-06,0
69.3693694,17.4468085,7.89808917197e-06,0
70,17.4468085,7.89808917197e-06,0
0,17.0212766,0,1
0.630630631,17.0212766,0,1
1.26126126,17.0212766,0,1
1.89189189,17.0212766,0,1
2.52252252,17.0212766,0,1
3.15315315,17.0212766,0,1
3.78378378,17.0212766,0,1
4.41441441,17.0212766,0,1
5.04504505,17.0212766,0,1
5.67567568,17.0212766,0,1
6.30630631,17.0212766,0,1
6.93693694,17.0212766,0,1
7.56756757,17.0212766,0,1
8.1981982,17.0212766,0,1
8.82882883,17.0212766,0,1
9.45945946,17.0212766,0,1
10.0900901,17.0212766,0,1
10.7207207,17.0212766,0,1
11.3513514,17.0212766,0,1
11.981982,17.0212766,0,1
12.6126126,17.0212766,0,1
13.2432432,17.0212766,0,1
13.8738739,17.0212766,0,1
14.5045045,17.0212766,0,1
15.1351351,17.0212766,0,1
15.7657658,17.0212766,0,1
16.3963964,17.0212766,0,1
17.027027,17.0212766,0,1
17.6576577,17.0212766,0,1
18.2882883,17.0212766,0,1
18.9189189,17.0212766,0,1
19.5495495,17.0212766,0,1
20.1801802,17.0212766,0,1
20.8108108,17.0212766,0,1
21.4414414,17.0212766,0,1
22.0720721,17.0212766,0,1
22.7027027,17.0212766,0,1
23.3333333,17.0212766,0,1
23.963964,17.0212766,0,1
24.5945946,17.0212766,0,1
25.2252252,17.0212766,0,1
25.8558559,17.0212766,0,1
26.4864865,17.0212766,0,1
27.1171171,17.0212766,0,1
27.7477477,17.0212766,0,1
28.3783784,17.0212766,0,1
29.009009,17.0212766,0,1
29.6396396,17.0212766,0,1
30.2702703,17.0212766,0,1
30.9009009,17.0212766,0,1
31.5315315,17.0212766,0,1
32.1621622,17.0212766,0,1
32.7927928,17.0212766,0,1
33.4234234,17.0212766,0,1
34.0540541,17.0212766,0,1
34.6846847,17.0212766,0,1
35.3153153,17.0212766,0,1
35.9459459,17.0212766,0,1
36.5765766,17.0212766,0,1
37.2072072,17.0212766,0,1
37.8378378,17.0212766,0,1
38.4684685,17.0212766,0,1
39.0990991,17.0212766,0,1
39.7297297,17.0212766,0,1
40.3603604,17.0212766,0,1
40.990991,17.0212766,0,1
41.6216216,17.0212766,0,1
42.2522523,17.0212766,0,1
42.8828829,17.0212766,0,1
43.5135135,17.0212766,0,1
44.1441441,17.0212766,0,1
44.7747748,17.0212766,0,1
45.4054054,17.0212766,0,1
46.036036,17.0212766,0,1
46.6666667,17.0212766,0,1
47.2972973,17.0212766,0,1
47.9279279,17.0212766,0,1
48.5585586,17.0212766,0,1
49.1891892,17.0212766,0,1
49.8198198,17.0212766,0,1
50.4504505,17.0212766,0,1
51.0810811,17.0212766,0,1
51.7117117,17.0212766,0,1
52.3423423,17.0212766,0,1
52.972973,17.0212766,0,1
53.6036036,17.0212766,0,1
54.2342342,17.0212766,0,1
54.8648649,17.0212766,0,1
55.4954955,17.0212766,0,1
56.1261261,17.0212766,0,1
56.7567568,17.0212766,0,1
57.3873874,17.0212766,0,1
58.018018,17.0212766,0,1
58.6486486,17.0212766,0,1
59.2792793,17.0212766,0,1
59.9099099,17.0212766,0,1
60.5405405,17.0212766,0,1
61.1711712,17.0212766,0,1
61.8018018,17.0212766,0,1
62.4324324,17.0212766,7.74522292994e-06,32.15587
63.0630631,17.0212766,0,1
63.6936937,17.0212766,0,1
64.3243243,17.0212766,,60.61353
64.954955,17.0212766,0,3
65.5855856,17.0212766,0,1.414214
66.2162162,17.0212766,,143.035
66.8468468,17.0212766,0,1
67.4774775,17.0212766,0,1
68.1081081,17.0212766,7.79617834395e-06,1.414214
68.7387387,17.0212766,7.89808917197e-06,0
69.3693694,17.0212766,7.89808917197e-06,0
70,17.0212766,7.89808917197e-06,0
0,16.5957447,0,1
0.630630631,16.5957447,0,1
1.26126126,16.5957447,0,1
1.89189189,16.5957447,0,1
2.52252252,16.5957447,0,1
3.15315315,16.5957447,0,1
3.78378378,16.5957447,0,1
4.41441441,16.5957447,0,1
5.04504505,16.5957447,0,1
5.67567568,16.5957447,0,1
6.30630631,16.5957447,0,1
6.93693694,16.5957447,0,1
7.56756757,16.5957447,0,1
8.1981982,16.5957447,0,1
8.82882883,16.5957447,0,1
9.45945946,16.5957447,0,1
10.0900901,16.5957447,0,1
10.7207207,16.5957447,0,1
11.3513514,16.5957447,0,1
11.981982,16.5957447,0,1
12.6126126,16.5957447,0,1
13.2432432,16.5957447,0,1
13.8738739,16.5957447,0,1
14.5045045,16.5957447,0,1
15.1351351,16.5957447,0,1
15.7657658,16.5957447,0,1
16.3963964,16.5957447,0,1
17.027027,16.5957447,0,1
17.6576577,16.5957447,0,1
18.2882883,16.5957447,0,1
18.9189189,16.5957447,0,1
19.5495495,16.5957447,0,1
20.1801802,16.5957447,0,1
20.8108108,16.5957447,0,1
21.4414414,16.5957447,0,1
22.0720721,16.5957447,0,1
22.7027027,16.5957447,0,1
23.3333333,16.5957447,0,1
23.963964,16.5957447,0,1
24.5945946,16.5957447,0,1
25.2252252,16.5957447,0,1
25.8558559,16.5957447,0,1
26.4864865,16.5957447,0,1
27.1171171,16.5957447,0,1
27.7477477,16.5957447,0,1
28.3783784,16.5957447,0,1
29.009009,16.5957447,0,1
29.6396396,16.5957447,0,1
30.2702703,16.5957447,0,1
30.9009009,16.5957447,0,1
31.5315315,16.5957447,0,1
32.1621622,16.5957447,0,1
32.7927928,16.5957447,0,1
33.4234234,16.5957447,0,1
34.0540541,16.5957447,0,1
34.6846847,16.5957447,0,1
35.3153153,16.5957447,0,1
35.9459459,16.5957447,0,1
36.5765766,16.5957447,0,1
37.2072072,16.5957447,0,1
37.8378378,16.5957447,0,1
38.4684685,16.5957447,0,1
39.0990991,16.5957447,0,1
39.7297297,16.5957447,0,1
40.3603604,16.5957447,0,1
40.990991,16.5957447,0,1
41.6216216,16.5957447,0,1
42.2522523,16.5957447,0,1
42.8828829,16.5957447,0,1
43.5135135,16.5957447,0,1
44.1441441,16.5957447,0,1
44.7747748,16.5957447,0,1
45.4054054,16.5957447,0,1
46.036036,16.5957447,0,1
46.6666667,16.5957447,0,1
47.2972973,16.5957447,0,1
47.9279279,16.5957447,0,1
48.5585586,16.5957447,0,1
49.1891892,16.5957447,0,1
49.8198198,16.5957447,0,1
50.4504505,16.5957447,0,1
51.0810811,16.5957447,0,1
51.7117117,16.5957447,0,1
52.3423423,16.5957447,0,1
52.972973,16.5957447,0,1
53.6036036,16.5957447,0,1
54.2342342,16.5957447,0,1
54.8648649,16.5957447,0,1
55.4954955,16.5957447,0,1
56.1261261,16.5957447,0,1
56.7567568,16.5957447,0,1
57.3873874,16.5957447,0,1
58.018018,16.5957447,0,1
58.6486486,16.5957447,0,1
59.2792793,16.5957447,0,1
59.9099099,16.5957447,0,1
60.5405405,16.5957447,,71.86793
61.1711712,16.5957447,,61.64414
61.8018018,16.5957447,,45.32108
62.4324324,16.5957447,,49.76947
63.0630631,16.5957447,0,1
63.6936937,16.5957447,0,1
64.3243243,16.5957447,,49.76947
64.954955,16.5957447,0,1
65.5855856,16.5957447,0,1
66.2162162,16.5957447,,49.76947
66.8468468,16.5957447,0,1
67.4774775,16.5957447,0,1
68.1081081,16.5957447,7.79617834395e-06,1.414214
68.7387387,16.5957447,7.89808917197e-06,0
69.3693694,16.5957447,7.89808917197e-06,0
70,16.5957447,7.89808917197e-06,0
0,16.1702128,0,1
0.630630631,16.1702128,0,1
1.26126126,16.1702128,0,1
1.89189189,16.1702128,0,1
2.52252252,16.1702128,0,1
3.15315315,16.1702128,0,1
3.78378378,16.1702128,0,1
4.41441441,16.1702128,0,1
5.04504505,16.1702128,0,1
5.67567568,16.1702128,0,1
6.30630631,16.1702128,0,1
6.93693694,16.1702128,0,1
7.56756757,16.1702128,0,1
8.1981982,16.1702128,0,1
8.82882883,16.1702128,0,1
9.45945946,16.1702128,0,1
10.0900901,16.1702128,0,1
10.7207207,16.1702128,0,1
11.3513514,16.1702128,0,1
11.981982,16.1702128,0,1
12.6126126,16.1702128,0,1
13.2432432,16.1702128,0,1
13.8738739,16.1702128,0,1
14.5045045,16.1702128,0,1
15.1351351,16.1702128,0,1
15.7657658,16.1702128,0,1
16.3963964,16.1702128,0,1
17.027027,16.1702128,0,1
17.6576577,16.1702128,0,1
18.2882883,16.1702128,0,1
18.9189189,16.1702128,0,1
19.5495495,16.1702128,0,1
20.1801802,16.1702128,0,1
20.8108108,16.1702128,0,1
21.4414414,16.1702128,0,1
22.0720721,16.1702128,0,1
22.7027027,16.1702128,0,1
23.3333333,16.1702128,0,1
23.963964,16.1702128,0,1
24.5945946,16.1702128,0,1
25.2252252,16.1702128,0,1
25.8558559,16.1702128,0,1
26.4864865,16.1702128,0,1
27.1171171,16.1702128,0,1
27.7477477,16.1702128,0,1
28.3783784,16.1702128,0,1
29.009009,16.1702128,0,1
29.6396396,16.1702128,0,1
30.2702703,16.1702128,0,1
30.9009009,16.1702128,0,1
31.5315315,16.1702128,0,1
32.1621622,16.1702128,0,1
32.7927928,16.1702128,0,1
33.4234234,16.1702128,0,1
34.0540541,16.1702128,0,1
34.6846847,16.1702128,0,1
35.3153153,16.1702128,0,1
35.9459459,16.1702128,0,1
36.5765766,16.1702128,0,1
37.2072072,16.1702128,0,1
37.8378378,16.1702128,0,1
38.4684685,16.1702128,0,1
39.0990991,16.1702128,0,1
39.7297297,16.1702128,0,1
40.3603604,16.1702128,0,1
40.990991,16.1702128,0,1
41.6216216,16.1702128,0,1
42.2522523,16.1702128,0,1
42.8828829,16.1702128,0,1
43.5135135,16.1702128,0,1
44.1441441,16.1702128,0,1
44.7747748,16.1702128,0,1
45.4054054,16.1702128,0,1
46.036036,16.1702128,0,1
46.6666667,16.1702128,0,1
47.2972973,16.1702128,0,1
47.9279279,16.1702128,0,1
48.5585586,16.1702128,0,1
49.1891892,16.1702128,0,1
49.8198198,16.1702128,0,1
50.4504505,16.1702128,0,1
51.0810811,16.1702128,0,1
51.7117117,16.1702128,0,1
52.3423423,16.1702128,0,1
52.972973,16.1702128,0,1
53.6036036,16.1702128,0,1
54.2342342,16.1702128,0,1
54.8648649,16.1702128,0,1
55.4954955,16.1702128,0,2
56.1261261,16.1702128,0,1
56.7567568,16.1702128,0,1
57.3873874,16.1702128,0,1
58.018018,16.1702128,0,1
58.6486486,16.1702128,0,1
59.2792793,16.1702128,0,1
59.9099099,16.1702128,0,1
60.5405405,16.1702128,0,1
61.1711712,16.1702128,0,1
61.8018018,16.1702128,0,1
62.4324324,16.1702128,0,1
63.0630631,16.1702128,0,1
63.6936937,16.1702128,0,1
64.3243243,16.1702128,0,1
64.954955,16.1702128,0,1
65.5855856,16.1702128,0,1
66.2162162,16.1702128,0,1
66.8468468,16.1702128,0,1
67.4774775,16.1702128,0,1
68.1081081,16.1702128,7.79617834395e-06,1.414214
68.7387387,16.1702128,7.89808917197e-06,0
69.3693694,16.1702128,7.89808917197e-06,0
70,16.1702128,7.89808917197e-06,0
0,15.7446809,0,1
0.630630631,15.7446809,0,1
1.26126126,15.7446809,0,1
1.89189189,15.7446809,0,1
2.52252252,15.7446809,0,1
3.15315315,15.7446809,0,1
3.78378378,15.7446809,0,1
4.41441441,15.7446809,0,1
5.04504505,15.7446809,0,1
5.67567568,15.7446809,0,1
6.30630631,15.7446809,0,1
6.93693694,15.7446809,0,1
7.56756757,15.7446809,0,1
8.1981982,15.7446809,0,1
8.82882883,15.7446809,0,1
9.45945946,15.7446809,0,1
10.0900901,15.7446809,0,1
10.7207207,15.7446809,0,1
11.3513514,15.7446809,0,1
11.981982,15.7446809,0,1
12.6126126,15.7446809,0,1
13.2432432,15.7446809,0,1
13.8738739,15.7446809,0,1
14.5045045,15.7446809,0,1
15.1351351,15.7446809,0,1
15.7657658,15.7446809,0,1
16.3963964,15.7446809,0,1
17.027027,15.7446809,0,1
17.6576577,15.7446809,0,1
18.2882883,15.7446809,0,1
18.9189189,15.7446809,0,1
19.5495495,15.7446809,0,1
20.1801802,15.7446809,0,1
20.8108108,15.7446809,0,1
21.4414414,15.7446809,0,1
22.0720721,15.7446809,0,1
22.7027027,15.7446809,0,1
23.3333333,15.7446809,0,1
23.963964,15.7446809,0,1
24.5945946,15.7446809,0,1
25.2252252,15.7446809,0,1
25.8558559,15.7446809,0,1
26.4864865,15.7446809,0,1
27.1171171,15.7446809,0,1
27.7477477,15.7446809,0,1
28.3783784,15.7446809,0,1
29.009009,15.7446809,0,1
29.6396396,15.7446809,0,1
30.2702703,15.7446809,0,1
30.9009009,15.7446809,0,1
31.5315315,15.7446809,0,1
32.1621622,15.7446809,0,1
32.7927928,15.7446809,0,1
33.4234234,15.7446809,0,1
34.0540541,15.7446809,0,1
34.6846847,15.7446809,0,1
35.3153153,15.7446809,0,1
35.9459459,15.7446809,0,1
36.5765766,15.7446809,0,1
37.2072072,15.7446809,0,1
37.8378378,15.7446809,0,1
38.4684685,15.7446809,0,1
39.0990991,15.7446809,0,1
39.7297297,15.7446809,0,1
40.3603604,15.7446809,0,1
40.990991,15.7446809,0,1
41.6216216,15.7446809,0,1
42.2522523,15.7446809,0,1
42.8828829,15.7446809,0,1
43.5135135,15.7446809,0,1
44.1441441,15.7446809,0,1
44.7747748,15.7446809,0,1
45.4054054,15.7446809,0,1
46.036036,15.7446809,0,1
46.6666667,15.7446809,0,1
47.2972973,15.7446809,0,1
47.9279279,15.7446809,0,1
48.5585586,15.7446809,0,2.44949
49.1891892,15.7446809,0,3.316625
49.8198198,15.7446809,5.09554140127e-08,3.741657
50.4504505,15.7446809,5.09554140127e-08,7.348469
51.0810811,15.7446809,0,3.316625
51.7117117,15.7446809,0,2.236068
52.3423423,15.7446809,0,3.162278
52.972973,15.7446809,0,4.898979
53.6036036,15.7446809,0,1.414214
54.2342342,15.7446809,0,3.741657
54.8648649,15.7446809,5.09554140127e-08,4.582576
55.4954955,15.7446809,5.09554140127e-08,5.477226
56.1261261,15.7446809,0,2.828427
56.7567568,15.7446809,0,1.414214
57.3873874,15.7446809,0,1
58.018018,15.7446809,0,1
58.6486486,15.7446809,0,1
59.2792793,15.7446809,0,1
59.9099099,15.7446809,0,1
60.5405405,15.7446809,0,1
61.1711712,15.7446809,0,1
61.8018018,15.7446809,0,1
62.4324324,15.7446809,0,1
63.0630631,15.7446809,0,1
63.6936937,15.7446809,0,1
64.3243243,15.7446809,0,1
64.954955,15.7446809,0,1
65.5855856,15.7446809,0,1
66.2162162,15.7446809,0,1
66.8468468,15.7446809,0,1
67.4774775,15.7446809,0,1
68.1081081,15.7446809,7.79617834395e-06,1.414214
68.7387387,15.7446809,7.89808917197e-06,0
69.3693694,15.7446809,7.89808917197e-06,0
70,15.7446809,7.89808917197e-06,0
0,15.3191489,0,1
0.630630631,15.3191489,0,1
1.26126126,15.3191489,0,1
1.89189189,15.3191489,0,1
2.52252252,15.3191489,0,1
3.15315315,15.3191489,0,1
3.78378378,15.3191489,0,1
4.41441441,15.3191489,0,1
5.04504505,15.3191489,0,1
5.67567568,15.3191489,0,1
6.30630631,15.3191489,0,1
6.93693694,15.3191489,0,1
7.56756757,15.3191489,0,1
8.1981982,15.3191489,0,1
8.82882883,15.3191489,0,1
9.45945946,15.3191489,0,1
10.0900901,15.3191489,0,1
10.7207207,15.3191489,0,1
11.3513514,15.3191489,0,1
11.981982,15.3191489,0,1
12.6126126,15.3191489,0,1
13.2432432,15.3191489,0,1
13.8738739,15.3191489,0,1
14.5045045,15.3191489,0,1
15.1351351,15.3191489,0,1
15.7657658,15.3191489,0,1
16.3963964,15.3191489,0,1
17.027027,15.3191489,0,1
17.6576577,15.3191489,0,1
18.2882883,15.3191489,0,1
18.9189189,15.3191489,0,1
19.5495495,15.3191489,0,1
20.1801802,15.3191489,0,1
20.8108108,15.3191489,0,1
21.4414414,15.3191489,0,1
22.0720721,15.3191489,0,1
22.7027027,15.3191489,0,1
23.3333333,15.3191489,0,1
23.963964,15.3191489,0,1
24.5945946,15.3191489,0,1
25.2252252,15.3191489,0,1
25.8558559,15.3191489,0,1
26.4864865,15.3191489,0,1
27.1171171,15.3191489,0,1
27.7477477,15.3191489,0,1
28.3783784,15.3191489,0,1
29.009009,15.3191489,0,1
29.6396396,15.3191489,0,1
30.2702703,15.3191489,0,1
30.9009009,15.3191489,0,1
31.5315315,15.3191489,0,1
32.1621622,15.3191489,0,1
32.7927928,15.3191489,0,1
33.4234234,15.3191489,0,1
34.0540541,15.3191489,0,1
34.6846847,15.3191489,0,1
35.3153153,15.3191489,0,1
35.9459459,15.3191489,0,1
36.5765766,15.3191489,0,1
37.2072072,15.3191489,0,1
37.8378378,15.3191489,0,1
38.4684685,15.3191489,0,1
39.0990991,15.3191489,0,1
39.7297297,15.3191489,0,1
40.3603604,15.3191489,0,1
40.990991,15.3191489,0,1
41.6216216,15.3191489,0,1
42.2522523,15.3191489,0,1
42.8828829,15.3191489,0,1
43.5135135,15.3191489,0,1
44.1441441,15.3191489,0,1
44.7747748,15.3191489,0,1
45.4054054,15.3191489,0,1
46.036036,15.3191489,0,1
46.6666667,15.3191489,0,1
47.2972973,15.3191489,0,1
47.9279279,15.3191489,0,1
48.5585586,15.3191489,0,2.236068
49.1891892,15.3191489,4.07643312102e-07,14.42221
49.8198198,15.3191489,6.62420382166e-07,16.79286
50.4504505,15.3191489,2.54777070064e-07,9.380832
51.0810811,15.3191489,8.15286624204e-07,16.76305
51.7117117,15.3191489,9.17197452229e-07,11.91638
52.3423423,15.3191489,5.09554140127e-08,5.385165
52.972973,15.3191489,5.6050955414e-07,15.68439
53.6036036,15.3191489,1.27388535032e-06,3.741657
54.2342342,15.3191489,1.27388535032e-06,1.732051
54.8648649,15.3191489,7.13375796178e-07,10.81665
55.4954955,15.3191489,3.56687898089e-07,9.848858
56.1261261,15.3191489,1.01910828025e-07,8.544004
56.7567568,15.3191489,0,3.162278
57.3873874,15.3191489,0,1
58.018018,15.3191489,0,1
58.6486486,15.3191489,0,1
59.2792793,15.3191489,0,1
59.9099099,15.3191489,0,1
60.5405405,15.3191489,0,1
61.1711712,15.3191489,0,1
61.8018018,15.3191489,0,1
62.4324324,15.3191489,0,1
63.0630631,15.3191489,0,1
63.6936937,15.3191489,0,1
64.3243243,15.3191489,0,1
64.954955,15.3191489,0,1
65.5855856,15.3191489,0,1
66.2162162,15.3191489,0,1
66.8468468,15.3191489,0,1
67.4774775,15.3191489,0,1
68.1081081,15.3191489,7.79617834395e-06,1.414214
68.7387387,15.3191489,7.89808917197e-06,0
69.3693694,15.3191489,7.89808917197e-06,0
70,15.3191489,7.89808917197e-06,0
0,14.893617,0,1
0.630630631,14.893617,0,1
1.26126126,14.893617,0,1
1.89189189,14.893617,0,1
2.52252252,14.893617,0,1
3.15315315,14.893617,0,1
3.78378378,14.893617,0,1
4.41441441,14.893617,0,1
5.04504505,14.893617,0,1
5.67567568,14.893617,0,1
6.30630631,14.893617,0,1
6.93693694,14.893617,0,1
7.56756757,14.893617,0,1
8.1981982,14.893617,0,1
8.82882883,14.893617,0,1
9.45945946,14.893617,0,1
10.0900901,14.893617,0,1
10.7207207,14.893617,0,1
11.3513514,14.893617,0,1
11.981982,14.893617,0,1
12.6126126,14.893617,0,1
13.2432432,14.893617,0,1
13.8738739,14.893617,0,1
14.5045045,14.893617,0,1
15.1351351,14.893617,0,1
15.7657658,14.893617,0,1
16.3963964,14.893617,0,1
17.027027,14.893617,0,1
17.6576577,14.893617,0,1
18.2882883,14.893617,0,1
18.9189189,14.893617,0,1
19.5495495,14.893617,0,1
20.1801802,14.893617,0,1
20.8108108,14.893617,0,1
21.4414414,14.893617,0,1
22.0720721,14.893617,0,1
22.7027027,14.893617,0,1
23.3333333,14.893617,0,1
23.963964,14.893617,0,1
24.5945946,14.893617,0,1
25.2252252,14.893617,0,1
25.8558559,14.893617,0,1
26.4864865,14.893617,0,1
27.1171171,14.893617,0,1
27.7477477,14.893617,0,1
28.3783784,14.893617,0,1
29.009009,14.893617,0,1
29.6396396,14.893617,0,1
30.2702703,14.893617,0,1
30.9009009,14.893617,0,1
31.5315315,14.893617,0,1
32.1621622,14.893617,0,1
32.7927928,14.893617,0,1
33.4234234,14.893617,0,1
34.0540541,14.893617,0,1
34.6846847,14.893617,0,1
35.3153153,14.893617,0,1
35.9459459,14.893617,0,1
36.5765766,14.893617,0,1
37.2072072,14.893617,0,1
37.8378378,14.893617,0,1
38.4684685,14.893617,0,1
39.0990991,14.893617,0,1
39.7297297,14.893617,0,1
40.3603604,14.893617,0,1
40.990991,14.893617,0,1
41.6216216,14.893617,0,1
42.2522523,14.893617,0,1
42.8828829,14.893617,0,1
43.5135135,14.893617,0,1
44.1441441,14.893617,0,1
44.7747748,14.893617,0,1
45.4054054,14.893617,0,1
46.036036,14.893617,0,1
46.6666667,14.893617,0,1
47.2972973,14.893617,0,1
47.9279279,14.893617,0,2.236068
48.5585586,14.893617,0,4.690416
49.1891892,14.893617,1.37579617834e-06,5.477226
49.8198198,14.893617,1.42675159236e-06,1
50.4504505,14.893617,1.37579617834e-06,1.414214
51.0810811,14.893617,1.32484076433e-06,1.414214
51.7117117,14.893617,1.27388535032e-06,1.414214
52.3423423,14.893617,1.27388535032e-06,3.741657
52.972973,14.893617,1.32484076433e-06,1
53.6036036,14.893617,1.42675159236e-06,8.544004
54.2342342,14.893617,1.42675159236e-06,3
54.8648649,14.893617,1.37579617834e-06,1
55.4954955,14.893617,1.37579617834e-06,2.236068
56.1261261,14.893617,1.27388535032e-06,1.732051
56.7567568,14.893617,0,6.164414
57.3873874,14.893617,0,2.236068
58.018018,14.893617,0,1.732051
58.6486486,14.893617,0,1
59.2792793,14.893617,0,1
59.9099099,14.893617,0,1
60.5405405,14.893617,0,1
61.1711712,14.893617,0,1
61.8018018,14.893617,0,1
62.4324324,14.893617,0,1
63.0630631,14.893617,0,1
63.6936937,14.893617,0,1
64.3243243,14.893617,0,1
64.954955,14.893617,0,1
65.5855856,14.893617,0,1
66.2162162,14.893617,0,1
66.8468468,14.893617,0,1
67.4774775,14.893617,0,1
68.1081081,14.893617,7.79617834395e-06,1.414214
68.7387387,14.893617,7.89808917197e-06,0
69.3693694,14.893617,7.89808917197e-06,0
70,14.893617,7.89808917197e-06,0
0,14.4680851,0,1
0.630630631,14.4680851,0,1
1.26126126,14.4680851,0,1
1.89189189,14.4680851,0,1
2.52252252,14.4680851,0,1
3.15315315,14.4680851,0,1
3.78378378,14.4680851,0,1
4.41441441,14.4680851,0,1
5.04504505,14.4680851,0,1
5.67567568,14.4680851,0,1
6.30630631,14.4680851,0,1
6.93693694,14.4680851,0,1
7.56756757,14.4680851,0,1
8.1981982,14.4680851,0,1
8.82882883,14.4680851,0,1
9.45945946,14.4680851,0,1
10.0900901,14.4680851,0,1
10.7207207,14.4680851,0,1
11.3513514,14.4680851,0,1
11.981982,14.4680851,0,1
12.6126126,14.4680851,0,1
13.2432432,14.4680851,0,1
13.8738739,14.4680851,0,1
14.5045045,14.4680851,0,1
15.1351351,14.4680851,0,1
15.7657658,14.4680851,0,1
16.3963964,14.4680851,0,1
17.027027,14.4680851,0,1
17.6576577,14.4680851,0,1
18.2882883,14.4680851,0,1
18.9189189,14.4680851,0,1
19.5495495,14.4680851,0,1
20.1801802,14.4680851,0,1
20.8108108,14.4680851,0,1
21.4414414,14.4680851,0,1
22.0720721,14.4680851,0,1
22.7027027,14.4680851,0,1
23.3333333,14.4680851,0,1
23.963964,14.4680851,0,1
24.5945946,14.4680851,0,1
25.2252252,14.4680851,0,1
25.8558559,14.4680851,0,1
26.4864865,14.4680851,0,1
27.1171171,14.4680851,0,1
27.7477477,14.4680851,0,1
28.3783784,14.4680851,0,1
29.009009,14.4680851,0,1
29.6396396,14.4680851,0,1
30.2702703,14.4680851,0,1
30.9009009,14.4680851,0,1
31.5315315,14.4680851,0,1
32.1621622,14.4680851,0,1
32.7927928,14.4680851,0,1
33.4234234,14.4680851,0,1
34.0540541,14.4680851,0,1
34.6846847,14.4680851,0,1
35.3153153,14.4680851,0,1
35.9459459,14.4680851,0,1
36.5765766,14.4680851,0,1
37.2072072,14.4680851,0,1
37.8378378,14.4680851,0,1
38.4684685,14.4680851,0,1
39.0990991,14.4680851,0,1
39.7297297,14.4680851,0,1
40.3603604,14.4680851,0,1
40.990991,14.4680851,0,1
41.6216216,14.4680851,0,1
42.2522523,14.4680851,0,1
42.8828829,14.4680851,0,1
43.5135135,14.4680851,0,1
44.1441441,14.4680851,0,1
44.7747748,14.4680851,0,1
45.4054054,14.4680851,0,1
46.036036,14.4680851,0,1
46.6666667,14.4680851,0,1
47.2972973,14.4680851,0,1
47.9279279,14.4680851,0,4.472136
48.5585586,14.4680851,1.32484076433e-06,1
49.1891892,14.4680851,1.57961783439e-06,3.162278
49.8198198,14.4680851,1.57961783439e-06,4.123106
50.4504505,14.4680851,1.52866242038e-06,3
51.0810811,14.4680851,1.47770700637e-06,3.162278
51.7117117,14.4680851,1.57961783439e-06,1.414214
52.3423423,14.4680851,1.57961783439e-06,2
52.972973,14.4680851,1.52866242038e-06,4.242641
53.6036036,14.4680851,1.68152866242e-06,5.830952
54.2342342,14.4680851,1.52866242038e-06,2.44949
54.8648649,14.4680851,1.47770700637e-06,2.44949
55.4954955,14.4680851,1.57961783439e-06,2.236068
56.1261261,14.4680851,1.42675159236e-06,5.385165
56.7567568,14.4680851,6.62420382166e-07,14.3527
57.3873874,14.4680851,0,7.81025
58.018018,14.4680851,0,1
58.6486486,14.4680851,0,1
59.2792793,14.4680851,0,1
59.9099099,14.4680851,0,1
60.5405405,14.4680851,0,1
61.1711712,14.4680851,0,1
61.8018018,14.4680851,0,1
62.4324324,14.4680851,0,1
63.0630631,14.4680851,0,1
63.6936937,14.4680851,0,1
64.3243243,14.4680851,0,1
64.954955,14.4680851,0,1
65.5855856,14.4680851,0,1
66.2162162,14.4680851,0,1
66.8468468,14.4680851,0,1
67.4774775,14.4680851,0,1
68.1081081,14.4680851,7.79617834395e-06,1.414214
68.7387387,14.4680851,7.89808917197e-06,0
69.3693694,14.4680851,7.89808917197e-06,0
70,14.4680851,7.89808917197e-06,0
0,14.0425532,0,1
0.630630631,14.0425532,0,1
1.26126126,14.0425532,0,1
1.89189189,14.0425532,0,1
2.52252252,14.0425532,0,1
3.15315315,14.0425532,0,1
3.78378378,14.0425532,0,1
4.41441441,14.0425532,0,1
5.04504505,14.0425532,0,1
5.67567568,14.0425532,0,1
6.30630631,14.0425532,0,1
6.93693694,14.0425532,0,1
7.56756757,14.0425532,0,1
8.1981982,14.0425532,0,1
8.82882883,14.0425532,0,1
9.45945946,14.0425532,0,1
10.0900901,14.0425532,0,1
10.7207207,14.0425532,0,1
11.3513514,14.0425532,0,1
11.981982,14.0425532,0,1
12.6126126,14.0425532,0,1
13.2432432,14.0425532,0,1
13.8738739,14.0425532,0,1
14.5045045,14.0425532,0,1
15.1351351,14.0425532,0,1
15.7657658,14.0425532,0,1
16.3963964,14.0425532,0,1
17.027027,14.0425532,0,1
17.6576577,14.0425532,0,1
18.2882883,14.0425532,0,1
18.9189189,14.0425532,0,1
19.5495495,14.0425532,0,1
20.1801802,14.0425532,0,1
20.8108108,14.0425532,0,1
21.4414414,14.0425532,0,1
22.0720721,14.0425532,0,1
22.7027027,14.0425532,0,1
23.3333333,14.0425532,0,1
23.963964,14.0425532,0,1
24.5945946,14.0425532,0,1
25.2252252,14.0425532,0,1
25.8558559,14.0425532,0,1
26.4864865,14.0425532,0,1
27.1171171,14.0425532,0,1
27.7477477,14.0425532,0,1
28.3783784,14.0425532,0,1
29.009009,14.0425532,0,1
29.6396396,14.0425532,0,1
30.2702703,14.0425532,0,1
30.9009009,14.0425532,0,1
31.5315315,14.0425532,0,1
32.1621622,14.0425532,0,1
32.7927928,14.0425532,0,1
33.4234234,14.0425532,0,1
34.0540541,14.0425532,0,1
34.6846847,14.0425532,0,1
35.3153153,14.0425532,0,1
35.9459459,14.0425532,0,1
36.5765766,14.0425532,0,1
37.2072072,14.0425532,0,1
37.8378378,14.0425532,0,1
38.4684685,14.0425532,0,1
39.0990991,14.0425532,0,1
39.7297297,14.0425532,0,1
40.3603604,14.0425532,0,1
40.990991,14.0425532,0,1
41.6216216,14.0425532,0,1
42.2522523,14.0425532,0,1
42.8828829,14.0425532,0,1
43.5135135,14.0425532,0,1
44.1441441,14.0425532,0,1
44.7747748,14.0425532,0,1
45.4054054,14.0425532,0,1
46.036036,14.0425532,0,1
46.6666667,14.0425532,0,1
47.2972973,14.0425532,0,3.605551
47.9279279,14.0425532,1.42675159236e-06,12.80625
48.5585586,14.0425532,1.63057324841e-06,4.472136
49.1891892,14.0425532,1.68152866242e-06,1.732051
49.8198198,14.0425532,1.73248407643e-06,1
50.4504505,14.0425532,1.68152866242e-06,4.472136
51.0810811,14.0425532,1.57961783439e-06,1
51.7117117,14.0425532,1.68152866242e-06,4.582576
52.3423423,14.0425532,1.73248407643e-06,2
52.972973,14.0425532,1.83439490446e-06,8.602325
53.6036036,14.0425532,1.83439490446e-06,7.071068
54.2342342,14.0425532,1.78343949045e-06,1
54.8648649,14.0425532,1.57961783439e-06,0
55.4954955,14.0425532,1.57961783439e-06,1
56.1261261,14.0425532,1.52866242038e-06,4.582576
56.7567568,14.0425532,1.37579617834e-06,1.732051
57.3873874,14.0425532,5.09554140127e-08,6.403124
58.018018,14.0425532,0,1
58.6486486,14.0425532,0,1
59.2792793,14.0425532,0,1
59.9099099,14.0425532,0,1
60.5405405,14.0425532,0,1
61.1711712,14.0425532,0,1
61.8018018,14.0425532,0,1
62.4324324,14.0425532,0,1
63.0630631,14.0425532,0,1
63.6936937,14.0425532,0,1
64.3243243,14.0425532,0,1
64.954955,14.0425532,0,1
65.5855856,14.0425532,0,1
66.2162162,14.0425532,0,1
66.8468468,14.0425532,0,1
67.4774775,14.0425532,0,1
68.1081081,14.0425532,7.79617834395e-06,1.414214
68.7387387,14.0425532,7.89808917197e-06,0
69.3693694,14.0425532,7.89808917197e-06,0
70,14.0425532,7.89808917197e-06,0
0,13.6170213,0,1
0.630630631,13.6170213,0,1
1.26126126,13.6170213,0,1
1.89189189,13.6170213,0,1
2.52252252,13.6170213,0,1
3.15315315,13.6170213,0,1
3.78378378,13.6170213,0,1
4.41441441,13.6170213,0,1
5.04504505,13.6170213,0,1
5.67567568,13.6170213,0,1
6.30630631,13.6170213,0,1
6.93693694,13.6170213,0,1
7.56756757,13.6170213,0,1
8.1981982,13.6170213,0,1
8.82882883,13.6170213,0,1
9.45945946,13.6170213,0,1
10.0900901,13.6170213,0,1
10.7207207,13.6170213,0,1
11.3513514,13.6170213,0,1
11.981982,13.6170213,0,1
12.6126126,13.6170213,0,1
13.2432432,13.6170213,0,1
13.8738739,13.6170213,0,1
14.5045045,13.6170213,0,1
15.1351351,13.6170213,0,1
15.7657658,13.6170213,0,1
16.3963964,13.6170213,0,1
17.027027,13.6170213,0,1
17.6576577,13.6170213,0,1
18.2882883,13.6170213,0,1
18.9189189,13.6170213,0,1
19.5495495,13.6170213,0,1
20.1801802,13.6170213,0,1
20.8108108,13.6170213,0,1
21.4414414,13.6170213,0,1
22.0720721,13.6170213,0,1
22.7027027,13.6170213,0,1
23.3333333,13.6170213,0,1
23.963964,13.6170213,0,1
24.5945946,13.6170213,0,1
25.2252252,13.6170213,0,1
25.8558559,13.6170213,0,1
26.4864865,13.6170213,0,1
27.1171171,13.6170213,0,1
27.7477477,13.6170213,0,1
28.3783784,13.6170213,0,1
29.009009,13.6170213,0,1
29.6396396,13.6170213,0,1
30.2702703,13.6170213,0,1
30.9009009,13.6170213,0,1
31.5315315,13.6170213,0,1
32.1621622,13.6170213,0,1
32.7927928,13.6170213,0,1
33.4234234,13.6170213,0,1
34.0540541,13.6170213,0,1
34.6846847,13.6170213,0,1
35.3153153,13.6170213,0,1
35.9459459,13.6170213,0,1
36.5765766,13.6170213,0,1
37.2072072,13.6170213,0,1
37.8378378,13.6170213,0,1
38.4684685,13.6170213,0,1
39.0990991,13.6170213,0,1
39.7297297,13.6170213,0,1
40.3603604,13.6170213,0,1
40.990991,13.6170213,0,1
41.6216216,13.6170213,0,1
42.2522523,13.6170213,0,1
42.8828829,13.6170213,0,1
43.5135135,13.6170213,0,1
44.1441441,13.6170213,0,1
44.7747748,13.6170213,0,1
45.4054054,13.6170213,0,1
46.036036,13.6170213,0,3
46.6666667,13.6170213,0,3.316625
47.2972973,13.6170213,9.17197452229e-07,15.23155
47.9279279,13.6170213,1.63057324841e-06,3
48.5585586,13.6170213,1.83439490446e-06,3.316625
49.1891892,13.6170213,1.93630573248e-06,1.732051
49.8198198,13.6170213,1.88535031847e-06,1
50.4504505,13.6170213,1.83439490446e-06,8
51.0810811,13.6170213,1.78343949045e-06,2.236068
51.7117117,13.6170213,1.78343949045e-06,2.236068
52.3423423,13.6170213,1.83439490446e-06,4.123106
52.972973,13.6170213,2.14012738854e-06,6.164414
53.6036036,13.6170213,2.14012738854e-06,4.582576
54.2342342,13.6170213,1.9872611465e-06,5.196152
54.8648649,13.6170213,1.78343949045e-06,1
55.4954955,13.6170213,1.68152866242e-06,9.055385
56.1261261,13.6170213,1.52866242038e-06,1.414214
56.7567568,13.6170213,1.37579617834e-06,1.414214
57.3873874,13.6170213,0,3
58.018018,13.6170213,0,3.162278
58.6486486,13.6170213,0,1
59.2792793,13.6170213,0,1
59.9099099,13.6170213,0,1
60.5405405,13.6170213,0,1
61.1711712,13.6170213,0,1
61.8018018,13.6170213,0,1
62.4324324,13.6170213,0,1
63.0630631,13.6170213,0,1
63.6936937,13.6170213,0,1
64.3243243,13.6170213,0,1
64.954955,13.6170213,0,1
65.5855856,13.6170213,0,1
66.2162162,13.6170213,0,1
66.8468468,13.6170213,0,1
67.4774775,13.6170213,0,1
68.1081081,13.6170213,7.79617834395e-06,1.414214
68.7387387,13.6170213,7.89808917197e-06,0
69.3693694,13.6170213,7.89808917197e-06,0
70,13.6170213,7.89808917197e-06,0
0,13.1914894,0,1
0.630630631,13.1914894,0,1
1.26126126,13.1914894,0,1
1.89189189,13.1914894,0,1
2.52252252,13.1914894,0,1
3.15315315,13.1914894,0,1
3.78378378,13.1914894,0,1
4.41441441,13.1914894,0,1
5.04504505,13.1914894,0,1
5.67567568,13.1914894,0,1
6.30630631,13.1914894,0,1
6.93693694,13.1914894,0,1
7.56756757,13.1914894,0,1
8.1981982,13.1914894,0,1
8.82882883,13.1914894,0,1
9.45945946,13.1914894,0,1
10.0900901,13.1914894,0,1
10.7207207,13.1914894,0,1
11.3513514,13.1914894,0,1
11.981982,13.1914894,0,1
12.6126126,13.1914894,0,1
13.2432432,13.1914894,0,1
13.8738739,13.1914894,0,1
14.5045045,13.1914894,0,1
15.1351351,13.1914894,0,1
15.7657658,13.1914894,0,1
16.3963964,13.1914894,0,1
17.027027,13.1914894,0,1
17.6576577,13.1914894,0,1
18.2882883,13.1914894,0,1
18.9189189,13.1914894,0,1
19.5495495,13.1914894,0,1
20.1801802,13.1914894,0,1
20.8108108,13.1914894,0,1
21.4414414,13.1914894,0,1
22.0720721,13.1914894,0,1
22.7027027,13.1914894,0,1
23.3333333,13.1914894,0,1
23.963964,13.1914894,0,1
24.5945946,13.1914894,0,1
25.2252252,13.1914894,0,1
25.8558559,13.1914894,0,1
26.4864865,13.1914894,0,1
27.1171171,13.1914894,0,1
27.7477477,13.1914894,0,1
28.3783784,13.1914894,0,1
29.009009,13.1914894,0,1
29.6396396,13.1914894,0,1
30.2702703,13.1914894,0,1
30.9009009,13.1914894,0,1
31.5315315,13.1914894,0,1
32.1621622,13.1914894,0,1
32.7927928,13.1914894,0,1
33.4234234,13.1914894,0,1
34.0540541,13.1914894,0,1
34.6846847,13.1914894,0,1
35.3153153,13.1914894,0,1
35.9459459,13.1914894,0,1
36.5765766,13.1914894,0,1
37.2072072,13.1914894,0,1
37.8378378,13.1914894,0,1
38.4684685,13.1914894,0,1
39.0990991,13.1914894,0,1
39.7297297,13.1914894,0,1
40.3603604,13.1914894,0,1
40.990991,13.1914894,0,1
41.6216216,13.1914894,0,1
42.2522523,13.1914894,0,1
42.8828829,13.1914894,0,1
43.5135135,13.1914894,0,1
44.1441441,13.1914894,0,1
44.7747748,13.1914894,0,1
45.4054054,13.1914894,0,2.828427
46.036036,13.1914894,0,3.605551
46.6666667,13.1914894,9.17197452229e-07,15.93738
47.2972973,13.1914894,1.63057324841e-06,3.162278
47.9279279,13.1914894,1.9872611465e-06,4.242641
48.5585586,13.1914894,2.14012738854e-06,6.403124
49.1891892,13.1914894,2.14012738854e-06,2.828427
49.8198198,13.1914894,2.19108280255e-06,1.414214
50.4504505,13.1914894,2.03821656051e-06,3.741657
51.0810811,13.1914894,1.9872611465e-06,1.414214
51.7117117,13.1914894,1.93630573248e-06,1
52.3423423,13.1914894,2.14012738854e-06,2.236068
52.972973,13.1914894,2.34394904459e-06,9.899495
53.6036036,13.1914894,2.34394904459e-06,1.414214
54.2342342,13.1914894,2.03821656051e-06,5
54.8648649,13.1914894,1.78343949045e-06,8.124038
55.4954955,13.1914894,1.73248407643e-06,2.236068
56.1261261,13.1914894,1.57961783439e-06,3
56.7567568,13.1914894,1.27388535032e-06,2.236068
57.3873874,13.1914894,0,1
58.018018,13.1914894,0,5.09902
58.6486486,13.1914894,0,1
59.2792793,13.1914894,0,1
59.9099099,13.1914894,0,1
60.5405405,13.1914894,0,1
61.1711712,13.1914894,0,1
61.8018018,13.1914894,0,1
62.4324324,13.1914894,0,1
63.0630631,13.1914894,0,1
63.6936937,13.1914894,0,1
64.3243243,13.1914894,0,1
64.954955,13.1914894,0,1
65.5855856,13.1914894,0,1
66.2162162,13.1914894,0,1
66.8468468,13.1914894,0,1
67.4774775,13.1914894,0,1
68.1081081,13.1914894,7.79617834395e-06,1.414214
68.7387387,13.1914894,7.89808917197e-06,0
69.3693694,13.1914894,7.89808917197e-06,0
70,13.1914894,7.89808917197e-06,0
0,12.7659574,0,1
0.630630631,12.7659574,0,1
1.26126126,12.7659574,0,1
1.89189189,12.7659574,0,1
2.52252252,12.7659574,0,1
3.15315315,12.7659574,0,1
3.78378378,12.7659574,0,1
4.41441441,12.7659574,0,1
5.04504505,12.7659574,0,1
5.67567568,12.7659574,0,1
6.30630631,12.7659574,0,1
6.93693694,12.7659574,0,1
7.56756757,12.7659574,0,1
8.1981982,12.7659574,0,1
8.82882883,12.7659574,0,1
9.45945946,12.7659574,0,1
10.0900901,12.7659574,0,1
10.7207207,12.7659574,0,1
11.3513514,12.7659574,0,1
11.981982,12.7659574,0,1
12.6126126,12.7659574,0,1
13.2432432,12.7659574,0,1
13.8738739,12.7659574,0,1
14.5045045,12.7659574,0,1
15.1351351,12.7659574,0,1
15.7657658,12.7659574,0,1
16.3963964,12.7659574,0,1
17.027027,12.7659574,0,1
17.6576577,12.7659574,0,1
18.2882883,12.7659574,0,1
18.9189189,12.7659574,0,1
19.5495495,12.7659574,0,1
20.1801802,12.7659574,0,1
20.8108108,12.7659574,0,1
21.4414414,12.7659574,0,1
22.0720721,12.7659574,0,1
22.7027027,12.7659574,0,1
23.3333333,12.7659574,0,1
23.963964,12.7659574,0,1
24.5945946,12.7659574,0,1
25.2252252,12.7659574,0,1
25.8558559,12.7659574,0,1
26.4864865,12.7659574,0,1
27.1171171,12.7659574,0,1
27.7477477,12.7659574,0,1
28.3783784,12.7659574,0,1
29.009009,12.7659574,0,1
29.6396396,12.7659574,0,1
30.2702703,12.7659574,0,1
30.9009009,12.7659574,0,1
31.5315315,12.7659574,0,1
32.1621622,12.7659574,0,1
32.7927928,12.7659574,0,1
33.4234234,12.7659574,0,1
34.0540541,12.7659574,0,1
34.6846847,12.7659574,0,1
35.3153153,12.7659574,0,1
35.9459459,12.7659574,0,1
36.5765766,12.7659574,0,1
37.2072072,12.7659574,0,1
37.8378378,12.7659574,0,1
38.4684685,12.7659574,0,1
39.0990991,12.7659574,0,1
39.7297297,12.7659574,0,1
40.3603604,12.7659574,0,1
40.990991,12.7659574,0,1
41.6216216,12.7659574,0,1
42.2522523,12.7659574,0,1
42.8828829,12.7659574,0,1
43.5135135,12.7659574,0,1
44.1441441,12.7659574,0,1
44.7747748,12.7659574,0,4.123106
45.4054054,12.7659574,5.09554140127e-08,5.196152
46.036036,12.7659574,1.27388535032e-06,4.582576
46.6666667,12.7659574,1.57961783439e-06,4.472136
47.2972973,12.7659574,1.9872611465e-06,3.464102
47.9279279,12.7659574,2.08917197452e-06,7.141428
48.5585586,12.7659574,2.34394904459e-06,1
49.1891892,12.7659574,2.34394904459e-06,3
49.8198198,12.7659574,2.3949044586e-06,1.414214
50.4504505,12.7659574,2.24203821656e-06,6.403124
51.0810811,12.7659574,2.14012738854e-06,2.44949
51.7117117,12.7659574,2.24203821656e-06,9.69536
52.3423423,12.7659574,2.44585987261e-06,8
52.972973,12.7659574,2.59872611465e-06,15.55635
53.6036036,12.7659574,2.49681528662e-06,2.236068
54.2342342,12.7659574,2.19108280255e-06,5.385165
54.8648649,12.7659574,1.93630573248e-06,1.414214
55.4954955,12.7659574,1.9872611465e-06,4.472136
56.1261261,12.7659574,1.52866242038e-06,8.602325
56.7567568,12.7659574,1.32484076433e-06,1.414214
57.3873874,12.7659574,4.58598726115e-07,10.04988
58.018018,12.7659574,0,3
58.6486486,12.7659574,0,1
59.2792793,12.7659574,0,1
59.9099099,12.7659574,0,1
60.5405405,12.7659574,0,1
61.1711712,12.7659574,0,1
61.8018018,12.7659574,0,1
62.4324324,12.7659574,0,1
63.0630631,12.7659574,0,1
63.6936937,12.7659574,0,1
64.3243243,12.7659574,0,1
64.954955,12.7659574,0,1
65.5855856,12.7659574,0,1
66.2162162,12.7659574,0,1
66.8468468,12.7659574,0,1
67.4774775,12.7659574,0,1
68.1081081,12.7659574,7.79617834395e-06,1.414214
68.7387387,12.7659574,7.89808917197e-06,0
69.3693694,12.7659574,7.89808917197e-06,0
70,12.7659574,7.89808917197e-06,0
0,12.3404255,0,1
0.630630631,12.3404255,0,1
1.26126126,12.3404255,0,1
1.89189189,12.3404255,0,1
2.52252252,12.3404255,0,1
3.15315315,12.3404255,0,1
3.78378378,12.3404255,0,1
4.41441441,12.3404255,0,1
5.04504505,12.3404255,0,1
5.67567568,12.3404255,0,1
6.30630631,12.3404255,0,1
6.93693694,12.3404255,0,1
7.56756757,12.3404255,0,1
8.1981982,12.3404255,0,1
8.82882883,12.3404255,0,1
9.45945946,12.3404255,0,1
10.0900901,12.3404255,0,1
10.7207207,12.3404255,0,1
11.3513514,12.3404255,0,1
11.981982,12.3404255,0,1
12.6126126,12.3404255,0,1
13.2432432,12.3404255,0,1
13.8738739,12.3404255,0,1
14.5045045,12.3404255,0,1
15.1351351,12.3404255,0,1
15.7657658,12.3404255,0,1
16.3963964,12.3404255,0,1
17.027027,12.3404255,0,1
17.6576577,12.3404255,0,1
18.2882883,12.3404255,0,1
18.9189189,12.3404255,0,1
19.5495495,12.3404255,0,1
20.1801802,12.3404255,0,1
20.8108108,12.3404255,0,1
21.4414414,12.3404255,0,1
22.0720721,12.3404255,0,1
22.7027027,12.3404255,0,1
23.3333333,12.3404255,0,1
23.963964,12.3404255,0,1
24.5945946,12.3404255,0,1
25.2252252,12.3404255,0,1
25.8558559,12.3404255,0,1
26.4864865,12.3404255,0,1
27.1171171,12.3404255,0,1
27.7477477,12.3404255,0,1
28.3783784,12.3404255,0,1
29.009009,12.3404255,0,1
29.6396396,12.3404255,0,1
30.2702703,12.3404255,0,1
30.9009009,12.3404255,0,1
31.5315315,12.3404255,0,1
32.1621622,12.3404255,0,1
32.7927928,12.3404255,0,1
33.4234234,12.3404255,0,1
34.0540541,12.3404255,0,1
34.6846847,12.3404255,0,1
35.3153153,12.3404255,0,1
35.9459459,12.3404255,0,1
36.5765766,12.3404255,0,1
37.2072072,12.3404255,0,1
37.8378378,12.3404255,0,1
38.4684685,12.3404255,0,1
39.0990991,12.3404255,0,1
39.7297297,12.3404255,0,1
40.3603604,12.3404255,0,1
40.990991,12.3404255,0,1
41.6216216,12.3404255,0,1
42.2522523,12.3404255,0,1
42.8828829,12.3404255,0,1
43.5135135,12.3404255,0,3
44.1441441,12.3404255,0,1
44.7747748,12.3404255,0,9.433981
45.4054054,12.3404255,1.42675159236e-06,7.874008
46.036036,12.3404255,1.63057324841e-06,3.162278
46.6666667,12.3404255,1.9872611465e-06,3.741657
47.2972973,12.3404255,2.08917197452e-06,4.472136
47.9279279,12.3404255,2.34394904459e-06,7.874008
48.5585586,12.3404255,2.59872611465e-06,8.831761
49.1891892,12.3404255,2.64968152866e-06,3.741657
49.8198198,12.3404255,2.59872611465e-06,5.09902
50.4504505,12.3404255,2.49681528662e-06,3.464102
51.0810811,12.3404255,2.44585987261e-06,3.316625
51.7117117,12.3404255,2.49681528662e-06,4.472136
52.3423423,12.3404255,2.54777070064e-06,0
52.972973,12.3404255,2.75159235669e-06,3
53.6036036,12.3404255,2.64968152866e-06,15.58846
54.2342342,12.3404255,2.24203821656e-06,8.246211
54.8648649,12.3404255,2.19108280255e-06,2.828427
55.4954955,12.3404255,2.03821656051e-06,2.44949
56.1261261,12.3404255,1.73248407643e-06,8.306624
56.7567568,12.3404255,1.57961783439e-06,2.828427
57.3873874,12.3404255,1.27388535032e-06,4.123106
58.018018,12.3404255,1.52866242038e-07,4.123106
58.6486486,12.3404255,0,2.236068
59.2792793,12.3404255,0,1
59.9099099,12.3404255,0,1
60.5405405,12.3404255,0,1
61.1711712,12.3404255,0,1
61.8018018,12.3404255,0,1
62.4324324,12.3404255,0,1
63.0630631,12.3404255,0,1
63.6936937,12.3404255,0,1
64.3243243,12.3404255,0,1
64.954955,12.3404255,0,1
65.5855856,12.3404255,0,1
66.2162162,12.3404255,0,1
66.8468468,12.3404255,0,1
67.4774775,12.3404255,0,1
68.1081081,12.3404255,7.79617834395e-06,1.414214
68.7387387,12.3404255,7.89808917197e-06,0
69.3693694,12.3404255,7.89808917197e-06,0
70,12.3404255,7.89808917197e-06,0
0,11.9148936,0,1
0.630630631,11.9148936,0,1
1.26126126,11.9148936,0,1
1.89189189,11.9148936,0,1
2.52252252,11.9148936,0,1
3.15315315,11.9148936,0,1
3.78378378,11.9148936,0,1
4.41441441,11.9148936,0,1
5.04504505,11.9148936,0,1
5.67567568,11.9148936,0,1
6.30630631,11.9148936,0,1
6.93693694,11.9148936,0,1
7.56756757,11.9148936,0,1
8.1981982,11.9148936,0,1
8.82882883,11.9148936,0,1
9.45945946,11.9148936,0,1
10.0900901,11.9148936,0,1
10.7207207,11.9148936,0,1
11.3513514,11.9148936,0,1
11.981982,11.9148936,0,1
12.6126126,11.9148936,0,1
13.2432432,11.9148936,0,1
13.8738739,11.9148936,0,1
14.5045045,11.9148936,0,1
15.1351351,11.9148936,0,1
15.7657658,11.9148936,0,1
16.3963964,11.9148936,0,1
17.027027,11.9148936,0,1
17.6576577,11.9148936,0,1
18.2882883,11.9148936,0,1
18.9189189,11.9148936,0,1
19.5495495,11.9148936,0,1
20.1801802,11.9148936,0,1
20.8108108,11.9148936,0,1
21.4414414,11.9148936,0,1
22.0720721,11.9148936,0,1
22.7027027,11.9148936,0,1
23.3333333,11.9148936,0,1
23.963964,11.9148936,0,1
24.5945946,11.9148936,0,1
25.2252252,11.9148936,0,1
25.8558559,11.9148936,0,1
26.4864865,11.9148936,0,1
27.1171171,11.9148936,0,1
27.7477477,11.9148936,0,1
28.3783784,11.9148936,0,1
29.009009,11.9148936,0,1
29.6396396,11.9148936,0,1
30.2702703,11.9148936,0,1
30.9009009,11.9148936,0,1
31.5315315,11.9148936,0,1
32.1621622,11.9148936,0,1
32.7927928,11.9148936,0,1
33.4234234,11.9148936,0,1
34.0540541,11.9148936,0,1
34.6846847,11.9148936,0,1
35.3153153,11.9148936,0,1
35.9459459,11.9148936,0,1
36.5765766,11.9148936,0,1
37.2072072,11.9148936,0,1
37.8378378,11.9148936,0,1
38.4684685,11.9148936,0,1
39.0990991,11.9148936,0,1
39.7297297,11.9148936,0,1
40.3603604,11.9148936,0,1
40.990991,11.9148936,0,1
41.6216216,11.9148936,0,1
42.2522523,11.9148936,0,1
42.8828829,11.9148936,0,1
43.5135135,11.9148936,5.09554140127e-08,5.744563
44.1441441,11.9148936,5.09554140127e-08,6.164414
44.7747748,11.9148936,1.42675159236e-06,4.123106
45.4054054,11.9148936,1.73248407643e-06,2
46.036036,11.9148936,1.9872611465e-06,1.414214
46.6666667,11.9148936,2.24203821656e-06,7
47.2972973,11.9148936,2.44585987261e-06,2.44949
47.9279279,11.9148936,2.75159235669e-06,3
48.5585586,11.9148936,2.95541401274e-06,4.123106
49.1891892,11.9148936,3.00636942675e-06,4.582576
49.8198198,11.9148936,2.95541401274e-06,4.242641
50.4504505,11.9148936,2.75159235669e-06,6.78233
51.0810811,11.9148936,2.70063694268e-06,4.242641
51.7117117,11.9148936,2.70063694268e-06,1.414214
52.3423423,11.9148936,2.75159235669e-06,2.236068
52.972973,11.9148936,2.70063694268e-06,2.828427
53.6036036,11.9148936,2.70063694268e-06,2.236068
54.2342342,11.9148936,2.29299363057e-06,5.385165
54.8648649,11.9148936,2.14012738854e-06,3.741657
55.4954955,11.9148936,2.14012738854e-06,4.898979
56.1261261,11.9148936,1.73248407643e-06,2.236068
56.7567568,11.9148936,1.57961783439e-06,3.741657
57.3873874,11.9148936,1.52866242038e-06,3.162278
58.018018,11.9148936,0,6.164414
58.6486486,11.9148936,0,1
59.2792793,11.9148936,0,1
59.9099099,11.9148936,0,1
60.5405405,11.9148936,0,1
61.1711712,11.9148936,0,1
61.8018018,11.9148936,0,1
62.4324324,11.9148936,0,1
63.0630631,11.9148936,0,1
63.6936937,11.9148936,0,1
64.3243243,11.9148936,0,1
64.954955,11.9148936,0,1
65.5855856,11.9148936,0,1
66.2162162,11.9148936,0,1
66.8468468,11.9148936,0,1
67.4774775,11.9148936,0,1
68.1081081,11.9148936,7.79617834395e-06,1.414214
68.7387387,11.9148936,7.89808917197e-06,0
69.3693694,11.9148936,7.89808917197e-06,0
70,11.9148936,7.89808917197e-06,0
0,11.4893617,0,1
0.630630631,11.4893617,0,1
1.26126126,11.4893617,0,1
1.89189189,11.4893617,0,1
2.52252252,11.4893617,0,1
3.15315315,11.4893617,0,1
3.78378378,11.4893617,0,1
4.41441441,11.4893617,0,1
5.04504505,11.4893617,0,1
5.67567568,11.4893617,0,1
6.30630631,11.4893617,0,1
6.93693694,11.4893617,0,1
7.56756757,11.4893617,0,1
8.1981982,11.4893617,0,1
8.82882883,11.4893617,0,1
9.45945946,11.4893617,0,1
10.0900901,11.4893617,0,1
10.7207207,11.4893617,0,1
11.3513514,11.4893617,0,1
11.981982,11.4893617,0,1
12.6126126,11.4893617,0,1
13.2432432,11.4893617,0,1
13.8738739,11.4893617,0,1
14.5045045,11.4893617,0,1
15.1351351,11.4893617,0,1
15.7657658,11.4893617,0,1
16.3963964,11.4893617,0,1
17.027027,11.4893617,0,1
17.6576577,11.4893617,0,1
18.2882883,11.4893617,0,1
18.9189189,11.4893617,0,1
19.5495495,11.4893617,0,1
20.1801802,11.4893617,0,1
20.8108108,11.4893617,0,1
21.4414414,11.4893617,0,1
22.0720721,11.4893617,0,1
22.7027027,11.4893617,0,1
23.3333333,11.4893617,0,1
23.963964,11.4893617,0,1
24.5945946,11.4893617,0,1
25.2252252,11.4893617,0,1
25.8558559,11.4893617,0,1
26.4864865,11.4893617,0,1
27.1171171,11.4893617,0,1
27.7477477,11.4893617,0,1
28.3783784,11.4893617,0,1
29.009009,11.4893617,0,1
29.6396396,11.4893617,0,1
30.2702703,11.4893617,0,1
30.9009009,11.4893617,0,1
31.5315315,11.4893617,0,1
32.1621622,11.4893617,0,1
32.7927928,11.4893617,0,1
33.4234234,11.4893617,0,1
34.0540541,11.4893617,0,1
34.6846847,11.4893617,0,1
35.3153153,11.4893617,0,1
35.9459459,11.4893617,0,1
36.5765766,11.4893617,0,1
37.2072072,11.4893617,0,1
37.8378378,11.4893617,0,1
38.4684685,11.4893617,0,1
39.0990991,11.4893617,0,1
39.7297297,11.4893617,0,1
40.3603604,11.4893617,0,1
40.990991,11.4893617,0,1
41.6216216,11.4893617,0,1
42.2522523,11.4893617,0,1
42.8828829,11.4893617,0,4.582576
43.5135135,11.4893617,4.58598726115e-07,13.74773
44.1441441,11.4893617,1.47770700637e-06,5.91608
44.7747748,11.4893617,1.73248407643e-06,6.324555
45.4054054,11.4893617,2.14012738854e-06,6.164414
46.036036,11.4893617,2.24203821656e-06,3.741657
46.6666667,11.4893617,2.54777070064e-06,0
47.2972973,11.4893617,2.75159235669e-06,4.582576
47.9279279,11.4893617,3.15923566879e-06,6.164414
48.5585586,11.4893617,3.2101910828e-06,10.24695
49.1891892,11.4893617,3.26114649682e-06,8.3666
49.8198198,11.4893617,3.2101910828e-06,19.33908
50.4504505,11.4893617,3.05732484076e-06,4.472136
51.0810811,11.4893617,3.05732484076e-06,18.02776
51.7117117,11.4893617,2.90445859873e-06,2.44949
52.3423423,11.4893617,2.95541401274e-06,11.35782
52.972973,11.4893617,2.90445859873e-06,2.236068
53.6036036,11.4893617,2.8025477707e-06,9.433981
54.2342342,11.4893617,2.34394904459e-06,3.162278
54.8648649,11.4893617,2.24203821656e-06,5
55.4954955,11.4893617,2.08917197452e-06,4.242641
56.1261261,11.4893617,1.78343949045e-06,4.582576
56.7567568,11.4893617,1.68152866242e-06,3.316625
57.3873874,11.4893617,1.42675159236e-06,9.486833
58.018018,11.4893617,0,4.898979
58.6486486,11.4893617,0,2
59.2792793,11.4893617,0,1
59.9099099,11.4893617,0,1
60.5405405,11.4893617,0,1
61.1711712,11.4893617,0,1
61.8018018,11.4893617,0,1
62.4324324,11.4893617,0,1
63.0630631,11.4893617,0,1
63.6936937,11.4893617,0,1
64.3243243,11.4893617,0,1
64.954955,11.4893617,0,1
65.5855856,11.4893617,0,1
66.2162162,11.4893617,0,1
66.8468468,11.4893617,0,1
67.4774775,11.4893617,0,1
68.1081081,11.4893617,7.79617834395e-06,1.414214
68.7387387,11.4893617,7.89808917197e-06,0
69.3693694,11.4893617,7.89808917197e-06,0
70,11.4893617,7.89808917197e-06,0
0,11.0638298,0,1
0.630630631,11.0638298,0,1
1.26126126,11.0638298,0,1
1.89189189,11.0638298,0,1
2.52252252,11.0638298,0,1
3.15315315,11.0638298,0,1
3.78378378,11.0638298,0,1
4.41441441,11.0638298,0,1
5.04504505,11.0638298,0,1
5.67567568,11.0638298,0,1
6.30630631,11.0638298,0,1
6.93693694,11.0638298,0,1
7.56756757,11.0638298,0,1
8.1981982,11.0638298,0,1
8.82882883,11.0638298,0,1
9.45945946,11.0638298,0,1
10.0900901,11.0638298,0,1
10.7207207,11.0638298,0,1
11.3513514,11.0638298,0,1
11.981982,11.0638298,0,1
12.6126126,11.0638298,0,1
13.2432432,11.0638298,0,1
13.8738739,11.0638298,0,1
14.5045045,11.0638298,0,1
15.1351351,11.0638298,0,1
15.7657658,11.0638298,0,1
16.3963964,11.0638298,0,1
17.027027,11.0638298,0,1
17.6576577,11.0638298,0,1
18.2882883,11.0638298,0,1
18.9189189,11.0638298,0,1
19.5495495,11.0638298,0,1
20.1801802,11.0638298,0,1
20.8108108,11.0638298,0,1
21.4414414,11.0638298,0,1
22.0720721,11.0638298,0,1
22.7027027,11.0638298,0,1
23.3333333,11.0638298,0,1
23.963964,11.0638298,0,1
24.5945946,11.0638298,0,1
25.2252252,11.0638298,0,1
25.8558559,11.0638298,0,1
26.4864865,11.0638298,0,1
27.1171171,11.0638298,0,1
27.7477477,11.0638298,0,1
28.3783784,11.0638298,0,1
29.009009,11.0638298,0,1
29.6396396,11.0638298,0,1
30.2702703,11.0638298,0,1
30.9009009,11.0638298,0,1
31.5315315,11.0638298,0,1
32.1621622,11.0638298,0,1
32.7927928,11.0638298,0,1
33.4234234,11.0638298,0,1
34.0540541,11.0638298,0,1
34.6846847,11.0638298,0,1
35.3153153,11.0638298,0,1
35.9459459,11.0638298,0,1
36.5765766,11.0638298,0,1
37.2072072,11.0638298,0,1
37.8378378,11.0638298,0,1
38.4684685,11.0638298,0,1
39.0990991,11.0638298,0,1
39.7297297,11.0638298,0,1
40.3603604,11.0638298,0,1
40.990991,11.0638298,0,1
41.6216216,11.0638298,0,1
42.2522523,11.0638298,0,1
42.8828829,11.0638298,2.54777070064e-07,9.486833
43.5135135,11.0638298,1.63057324841e-06,5.385165
44.1441441,11.0638298,1.83439490446e-06,3.741657
44.7747748,11.0638298,2.14012738854e-06,7.28011
45.4054054,11.0638298,2.29299363057e-06,2.44949
46.036036,11.0638298,2.59872611465e-06,3.464102
46.6666667,11.0638298,2.95541401274e-06,14.86607
47.2972973,11.0638298,3.15923566879e-06,13.49074
47.9279279,11.0638298,3.71974522293e-06,1.414214
48.5585586,11.0638298,3.6178343949e-06,1
49.1891892,11.0638298,3.97452229299e-06,2.236068
49.8198198,11.0638298,3.92356687898e-06,3.741657
50.4504505,11.0638298,3.51592356688e-06,3.316625
51.0810811,11.0638298,3.26114649682e-06,9.273618
51.7117117,11.0638298,3.15923566879e-06,5
52.3423423,11.0638298,3.05732484076e-06,3.316625
52.972973,11.0638298,2.85350318471e-06,2.236068
53.6036036,11.0638298,2.90445859873e-06,1.414214
54.2342342,11.0638298,2.34394904459e-06,10.48809
54.8648649,11.0638298,2.29299363057e-06,0
55.4954955,11.0638298,2.19108280255e-06,2.44949
56.1261261,11.0638298,1.9872611465e-06,2.44949
56.7567568,11.0638298,1.73248407643e-06,7.348469
57.3873874,11.0638298,1.27388535032e-06,9.433981
58.018018,11.0638298,5.09554140127e-08,5.09902
58.6486486,11.0638298,0,2
59.2792793,11.0638298,0,1
59.9099099,11.0638298,0,1
60.5405405,11.0638298,0,1
61.1711712,11.0638298,0,1
61.8018018,11.0638298,0,1
62.4324324,11.0638298,0,1
63.0630631,11.0638298,0,1
63.6936937,11.0638298,0,1
64.3243243,11.0638298,0,1
64.954955,11.0638298,0,1
65.5855856,11.0638298,0,1
66.2162162,11.0638298,0,1
66.8468468,11.0638298,0,1
67.4774775,11.0638298,0,1
68.1081081,11.0638298,7.79617834395e-06,1.414214
68.7387387,11.0638298,7.89808917197e-06,0
69.3693694,11.0638298,7.89808917197e-06,0
70,11.0638298,7.89808917197e-06,0
0,10.6382979,0,1
0.630630631,10.6382979,0,1
1.26126126,10.6382979,0,1
1.89189189,10.6382979,0,1
2.52252252,10.6382979,0,1
3.15315315,10.6382979,0,1
3.78378378,10.6382979,0,1
4.41441441,10.6382979,0,1
5.04504505,10.6382979,0,1
5.67567568,10.6382979,0,1
6.30630631,10.6382979,0,1
6.93693694,10.6382979,0,1
7.56756757,10.6382979,0,1
8.1981982,10.6382979,0,1
8.82882883,10.6382979,0,1
9.45945946,10.6382979,0,1
10.0900901,10.6382979,0,1
10.7207207,10.6382979,0,1
11.3513514,10.6382979,0,1
11.981982,10.6382979,0,1
12.6126126,10.6382979,0,1
13.2432432,10.6382979,0,1
13.8738739,10.6382979,0,1
14.5045045,10.6382979,0,1
15.1351351,10.6382979,0,1
15.7657658,10.6382979,0,1
16.3963964,10.6382979,0,1
17.027027,10.6382979,0,1
17.6576577,10.6382979,0,1
18.2882883,10.6382979,0,1
18.9189189,10.6382979,0,1
19.5495495,10.6382979,0,1
20.1801802,10.6382979,0,1
20.8108108,10.6382979,0,1
21.4414414,10.6382979,0,1
22.0720721,10.6382979,0,1
22.7027027,10.6382979,0,1
23.3333333,10.6382979,0,1
23.963964,10.6382979,0,1
24.5945946,10.6382979,0,1
25.2252252,10.6382979,0,1
25.8558559,10.6382979,0,1
26.4864865,10.6382979,0,1
27.1171171,10.6382979,0,1
27.7477477,10.6382979,0,1
28.3783784,10.6382979,0,1
29.009009,10.6382979,0,1
29.6396396,10.6382979,0,1
30.2702703,10.6382979,0,1
30.9009009,10.6382979,0,1
31.5315315,10.6382979,0,1
32.1621622,10.6382979,0,1
32.7927928,10.6382979,0,1
33.4234234,10.6382979,0,1
34.0540541,10.6382979,0,1
34.6846847,10.6382979,0,1
35.3153153,10.6382979,0,1
35.9459459,10.6382979,0,1
36.5765766,10.6382979,0,1
37.2072072,10.6382979,0,1
37.8378378,10.6382979,0,1
38.4684685,10.6382979,0,1
39.0990991,10.6382979,0,1
39.7297297,10.6382979,0,1
40.3603604,10.6382979,0,1
40.990991,10.6382979,0,1
41.6216216,10.6382979,5.09554140127e-08,5.744563
42.2522523,10.6382979,6.62420382166e-07,10.48809
42.8828829,10.6382979,1.63057324841e-06,5
43.5135135,10.6382979,2.03821656051e-06,2.236068
44.1441441,10.6382979,2.19108280255e-06,4.123106
44.7747748,10.6382979,2.34394904459e-06,4.358899
45.4054054,10.6382979,2.64968152866e-06,15.58846
46.036036,10.6382979,3.00636942675e-06,4.123106
46.6666667,10.6382979,3.26114649682e-06,18.13836
47.2972973,10.6382979,3.82165605096e-06,7.071068
47.9279279,10.6382979,4.07643312102e-06,3.605551
48.5585586,10.6382979,4.17834394904e-06,3.464102
49.1891892,10.6382979,4.63694267516e-06,5.477226
49.8198198,10.6382979,4.58598726115e-06,4.582576
50.4504505,10.6382979,4.22929936306e-06,3.741657
51.0810811,10.6382979,3.77070063694e-06,3.464102
51.7117117,10.6382979,3.51592356688e-06,3
52.3423423,10.6382979,3.2101910828e-06,19.72308
52.972973,10.6382979,3.05732484076e-06,3.605551
53.6036036,10.6382979,2.95541401274e-06,11.22497
54.2342342,10.6382979,2.59872611465e-06,5.196152
54.8648649,10.6382979,2.3949044586e-06,1
55.4954955,10.6382979,2.24203821656e-06,7.348469
56.1261261,10.6382979,1.9872611465e-06,2.236068
56.7567568,10.6382979,1.73248407643e-06,3.464102
57.3873874,10.6382979,4.58598726115e-07,8.306624
58.018018,10.6382979,0,1.414214
58.6486486,10.6382979,0,1
59.2792793,10.6382979,0,1
59.9099099,10.6382979,0,1
60.5405405,10.6382979,0,1
61.1711712,10.6382979,0,1
61.8018018,10.6382979,0,1
62.4324324,10.6382979,0,1
63.0630631,10.6382979,0,1
63.6936937,10.6382979,0,1
64.3243243,10.6382979,0,1
64.954955,10.6382979,0,1
65.5855856,10.6382979,0,1
66.2162162,10.6382979,0,1
66.8468468,10.6382979,0,1
67.4774775,10.6382979,0,1
68.1081081,10.6382979,7.79617834395e-06,1.414214
68.7387387,10.6382979,7.89808917197e-06,0
69.3693694,10.6382979,7.89808917197e-06,0
70,10.6382979,7.89808917197e-06,0
0,10.212766,0,1
0.630630631,10.212766,0,1
1.26126126,10.212766,0,1
1.89189189,10.212766,0,1
2.52252252,10.212766,0,1
3.15315315,10.212766,0,1
3.78378378,10.212766,0,1
4.41441441,10.212766,0,1
5.04504505,10.212766,0,1
5.67567568,10.212766,0,1
6.30630631,10.212766,0,1
6.93693694,10.212766,0,1
7.56756757,10.212766,0,1
8.1981982,10.212766,0,1
8.82882883,10.212766,0,1
9.45945946,10.212766,0,1
10.0900901,10.212766,0,1
10.7207207,10.212766,0,1
11.3513514,10.212766,0,1
11.981982,10.212766,0,1
12.6126126,10.212766,0,1
13.2432432,10.212766,0,1
13.8738739,10.212766,0,1
14.5045045,10.212766,0,1
15.1351351,10.212766,0,1
15.7657658,10.212766,0,1
16.3963964,10.212766,0,1
17.027027,10.212766,0,1
17.6576577,10.212766,0,1
18.2882883,10.212766,0,1
18.9189189,10.212766,0,1
19.5495495,10.212766,0,1
20.1801802,10.212766,0,1
20.8108108,10.212766,0,1
21.4414414,10.212766,0,1
22.0720721,10.212766,0,1
22.7027027,10.212766,0,1
23.3333333,10.212766,0,1
23.963964,10.212766,0,1
24.5945946,10.212766,0,1
25.2252252,10.212766,0,1
25.8558559,10.212766,0,1
26.4864865,10.212766,0,1
27.1171171,10.212766,0,1
27.7477477,10.212766,0,1
28.3783784,10.212766,0,1
29.009009,10.212766,0,1
29.6396396,10.212766,0,1
30.2702703,10.212766,0,1
30.9009009,10.212766,0,1
31.5315315,10.212766,0,1
32.1621622,10.212766,0,1
32.7927928,10.212766,0,1
33.4234234,10.212766,0,1
34.0540541,10.212766,0,1
34.6846847,10.212766,0,1
35.3153153,10.212766,0,1
35.9459459,10.212766,0,1
36.5765766,10.212766,0,1
37.2072072,10.212766,0,1
37.8378378,10.212766,0,1
38.4684685,10.212766,0,1
39.0990991,10.212766,0,3.162278
39.7297297,10.212766,0,4.898979
40.3603604,10.212766,0,1.414214
40.990991,10.212766,0,4
41.6216216,10.212766,9.17197452229e-07,16
42.2522523,10.212766,1.73248407643e-06,6.708204
42.8828829,10.212766,2.03821656051e-06,5.385165
43.5135135,10.212766,2.34394904459e-06,3.741657
44.1441441,10.212766,2.44585987261e-06,6
44.7747748,10.212766,2.64968152866e-06,4.898979
45.4054054,10.212766,3.05732484076e-06,13.74773
46.036036,10.212766,3.46496815287e-06,3.741657
46.6666667,10.212766,4.02547770701e-06,3
47.2972973,10.212766,4.58598726115e-06,1.414214
47.9279279,10.212766,4.73885350318e-06,5.09902
48.5585586,10.212766,5.14649681529e-06,2.828427
49.1891892,10.212766,5.24840764331e-06,2.44949
49.8198198,10.212766,5.14649681529e-06,4.123106
50.4504505,10.212766,4.99363057325e-06,5
51.0810811,10.212766,4.43312101911e-06,5.385165
51.7117117,10.212766,3.87261146497e-06,3.605551
52.3423423,10.212766,3.41401273885e-06,6.164414
52.972973,10.212766,3.15923566879e-06,2.44949
53.6036036,10.212766,2.75159235669e-06,2.44949
54.2342342,10.212766,2.59872611465e-06,7.141428
54.8648649,10.212766,2.54777070064e-06,2
55.4954955,10.212766,2.34394904459e-06,2.44949
56.1261261,10.212766,1.88535031847e-06,5.385165
56.7567568,10.212766,1.68152866242e-06,3.316625
57.3873874,10.212766,0,5.477226
58.018018,10.212766,0,1.414214
58.6486486,10.212766,0,1
59.2792793,10.212766,0,1
59.9099099,10.212766,0,1
60.5405405,10.212766,0,1
61.1711712,10.212766,0,1
61.8018018,10.212766,0,1
62.4324324,10.212766,0,1
63.0630631,10.212766,0,1
63.6936937,10.212766,0,1
64.3243243,10.212766,0,1
64.954955,10.212766,0,1
65.5855856,10.212766,0,1
66.2162162,10.212766,0,1
66.8468468,10.212766,0,1
67.4774775,10.212766,0,1
68.1081081,10.212766,7.79617834395e-06,1.414214
68.7387387,10.212766,7.89808917197e-06,0
69.3693694,10.212766,7.89808917197e-06,0
70,10.212766,7.89808917197e-06,0
0,9.78723404,0,1
0.630630631,9.78723404,0,1
1.26126126,9.78723404,0,1
1.89189189,9.78723404,0,1
2.52252252,9.78723404,0,1
3.15315315,9.78723404,0,1
3.78378378,9.78723404,0,1
4.41441441,9.78723404,0,1
5.04504505,9.78723404,0,1
5.67567568,9.78723404,0,1
6.30630631,9.78723404,0,1
6.93693694,9.78723404,0,1
7.56756757,9.78723404,0,1
8.1981982,9.78723404,0,1
8.82882883,9.78723404,0,1
9.45945946,9.78723404,0,1
10.0900901,9.78723404,0,1
10.7207207,9.78723404,0,1
11.3513514,9.78723404,0,1
11.981982,9.78723404,0,1
12.6126126,9.78723404,0,1
13.2432432,9.78723404,0,1
13.8738739,9.78723404,0,1
14.5045045,9.78723404,0,1
15.1351351,9.78723404,0,1
15.7657658,9.78723404,0,1
16.3963964,9.78723404,0,1
17.027027,9.78723404,0,1
17.6576577,9.78723404,0,1
18.2882883,9.78723404,0,1
18.9189189,9.78723404,0,1
19.5495495,9.78723404,0,1
20.1801802,9.78723404,0,1
20.8108108,9.78723404,0,1
21.4414414,9.78723404,0,1
22.0720721,9.78723404,0,1
22.7027027,9.78723404,0,1
23.3333333,9.78723404,0,1
23.963964,9.78723404,0,1
24.5945946,9.78723404,0,1
25.2252252,9.78723404,0,1
25.8558559,9.78723404,0,1
26.4864865,9.78723404,0,1
27.1171171,9.78723404,0,1
27.7477477,9.78723404,0,1
28.3783784,9.78723404,0,1
29.009009,9.78723404,0,1
29.6396396,9.78723404,0,1
30.2702703,9.78723404,0,1
30.9009009,9.78723404,0,1
31.5315315,9.78723404,0,1
32.1621622,9.78723404,0,1
32.7927928,9.78723404,0,1
33.4234234,9.78723404,0,1
34.0540541,9.78723404,0,1
34.6846847,9.78723404,0,1
35.3153153,9.78723404,0,1
35.9459459,9.78723404,0,1
36.5765766,9.78723404,0,1
37.2072072,9.78723404,0,1
37.8378378,9.78723404,0,1
38.4684685,9.78723404,0,1
39.0990991,9.78723404,0,2.236068
39.7297297,9.78723404,0,9
40.3603604,9.78723404,6.62420382166e-07,16.30951
40.990991,9.78723404,1.47770700637e-06,8.831761
41.6216216,9.78723404,1.83439490446e-06,7.28011
42.2522523,9.78723404,2.19108280255e-06,3.316625
42.8828829,9.78723404,2.44585987261e-06,3.316625
43.5135135,9.78723404,2.64968152866e-06,10.34408
44.1441441,9.78723404,2.8025477707e-06,15.26434
44.7747748,9.78723404,3.00636942675e-06,24.18677
45.4054054,9.78723404,3.92356687898e-06,4.582576
46.036036,9.78723404,4.17834394904e-06,4.358899
46.6666667,9.78723404,4.7898089172e-06,5.09902
47.2972973,9.78723404,5.14649681529e-06,4.242641
47.9279279,9.78723404,5.55414012739e-06,1.732051
48.5585586,9.78723404,5.75796178344e-06,6.708204
49.1891892,9.78723404,5.75796178344e-06,3.162278
49.8198198,9.78723404,5.40127388535e-06,2.44949
50.4504505,9.78723404,5.40127388535e-06,2
51.0810811,9.78723404,4.89171974522e-06,2.236068
51.7117117,9.78723404,4.17834394904e-06,3.741657
52.3423423,9.78723404,3.6178343949e-06,1
52.972973,9.78723404,3.2101910828e-06,15.29706
53.6036036,9.78723404,2.75159235669e-06,2.236068
54.2342342,9.78723404,2.75159235669e-06,3.162278
54.8648649,9.78723404,2.54777070064e-06,3
55.4954955,9.78723404,2.29299363057e-06,2.236068
56.1261261,9.78723404,1.88535031847e-06,3.464102
56.7567568,9.78723404,1.63057324841e-06,3.741657
57.3873874,9.78723404,2.54777070064e-07,10.44031
58.018018,9.78723404,0,2
58.6486486,9.78723404,0,1
59.2792793,9.78723404,0,1
59.9099099,9.78723404,0,1
60.5405405,9.78723404,0,1
61.1711712,9.78723404,0,1
61.8018018,9.78723404,0,1
62.4324324,9.78723404,0,1
63.0630631,9.78723404,0,1
63.6936937,9.78723404,0,1
64.3243243,9.78723404,0,1
64.954955,9.78723404,0,1
65.5855856,9.78723404,0,1
66.2162162,9.78723404,0,1
66.8468468,9.78723404,0,1
67.4774775,9.78723404,0,1
68.1081081,9.78723404,7.79617834395e-06,1.414214
68.7387387,9.78723404,7.89808917197e-06,0
69.3693694,9.78723404,7.89808917197e-06,0
70,9.78723404,7.89808917197e-06,0
0,9.36170213,0,1
0.630630631,9.36170213,0,1
1.26126126,9.36170213,0,1
1.89189189,9.36170213,0,1
2.52252252,9.36170213,0,1
3.15315315,9.36170213,0,1
3.78378378,9.36170213,0,1
4.41441441,9.36170213,0,1
5.04504505,9.36170213,0,1
5.67567568,9.36170213,0,1
6.30630631,9.36170213,0,1
6.93693694,9.36170213,0,1
7.56756757,9.36170213,0,1
8.1981982,9.36170213,0,1
8.82882883,9.36170213,0,1
9.45945946,9.36170213,0,1
10.0900901,9.36170213,0,1
10.7207207,9.36170213,0,1
11.3513514,9.36170213,0,1
11.981982,9.36170213,0,1
12.6126126,9.36170213,0,1
13.2432432,9.36170213,0,1
13.8738739,9.36170213,0,1
14.5045045,9.36170213,0,1
15.1351351,9.36170213,0,1
15.7657658,9.36170213,0,1
16.3963964,9.36170213,0,1
17.027027,9.36170213,0,1
17.6576577,9.36170213,0,1
18.2882883,9.36170213,0,1
18.9189189,9.36170213,0,1
19.5495495,9.36170213,0,1
20.1801802,9.36170213,0,1
20.8108108,9.36170213,0,1
21.4414414,9.36170213,0,1
22.0720721,9.36170213,0,1
22.7027027,9.36170213,0,1
23.3333333,9.36170213,0,1
23.963964,9.36170213,0,1
24.5945946,9.36170213,0,1
25.2252252,9.36170213,0,1
25.8558559,9.36170213,0,1
26.4864865,9.36170213,0,1
27.1171171,9.36170213,0,1
27.7477477,9.36170213,0,1
28.3783784,9.36170213,0,1
29.009009,9.36170213,0,1
29.6396396,9.36170213,0,1
30.2702703,9.36170213,0,1
30.9009009,9.36170213,0,1
31.5315315,9.36170213,0,1
32.1621622,9.36170213,0,1
32.7927928,9.36170213,0,1
33.4234234,9.36170213,0,1
34.0540541,9.36170213,0,1
34.6846847,9.36170213,0,1
35.3153153,9.36170213,0,1
35.9459459,9.36170213,0,1
36.5765766,9.36170213,0,1
37.2072072,9.36170213,0,1
37.8378378,9.36170213,0,1.414214
38.4684685,9.36170213,0,4.690416
39.0990991,9.36170213,8.66242038217e-07,17.14643
39.7297297,9.36170213,1.52866242038e-06,1.414214
40.3603604,9.36170213,1.68152866242e-06,7.28011
40.990991,9.36170213,2.03821656051e-06,4.123106
41.6216216,9.36170213,2.24203821656e-06,6.63325
42.2522523,9.36170213,2.59872611465e-06,8.124038
42.8828829,9.36170213,2.8025477707e-06,10.48809
43.5135135,9.36170213,3.05732484076e-06,20.51828
44.1441441,9.36170213,3.2101910828e-06,14.17745
44.7747748,9.36170213,3.82165605096e-06,6.708204
45.4054054,9.36170213,4.63694267516e-06,2
46.036036,9.36170213,4.99363057325e-06,4.123106
46.6666667,9.36170213,5.6050955414e-06,4.582576
47.2972973,9.36170213,5.80891719745e-06,1.414214
47.9279279,9.36170213,6.47133757962e-06,4.582576
48.5585586,9.36170213,6.31847133758e-06,5.196152
49.1891892,9.36170213,5.75796178344e-06,4.582576
49.8198198,9.36170213,5.40127388535e-06,2.828427
50.4504505,9.36170213,5.14649681529e-06,4.242641
51.0810811,9.36170213,5.14649681529e-06,2.44949
51.7117117,9.36170213,4.43312101911e-06,6.324555
52.3423423,9.36170213,3.71974522293e-06,1.414214
52.972973,9.36170213,3.2101910828e-06,15.42725
53.6036036,9.36170213,2.95541401274e-06,14.21267
54.2342342,9.36170213,2.75159235669e-06,1
54.8648649,9.36170213,2.54777070064e-06,1
55.4954955,9.36170213,2.34394904459e-06,2.828427
56.1261261,9.36170213,1.83439490446e-06,3.162278
56.7567568,9.36170213,1.57961783439e-06,3
57.3873874,9.36170213,8.66242038217e-07,11.04536
58.018018,9.36170213,0,2.236068
58.6486486,9.36170213,0,1
59.2792793,9.36170213,0,1
59.9099099,9.36170213,0,1
60.5405405,9.36170213,0,1
61.1711712,9.36170213,0,1
61.8018018,9.36170213,0,1
62.4324324,9.36170213,0,1
63.0630631,9.36170213,0,1
63.6936937,9.36170213,0,1
64.3243243,9.36170213,0,1
64.954955,9.36170213,0,1
65.5855856,9.36170213,0,1
66.2162162,9.36170213,0,1
66.8468468,9.36170213,0,1
67.4774775,9.36170213,0,1
68.1081081,9.36170213,7.79617834395e-06,1.414214
68.7387387,9.36170213,7.89808917197e-06,0
69.3693694,9.36170213,7.89808917197e-06,0
70,9.36170213,7.89808917197e-06,0
0,8.93617021,0,1
0.630630631,8.93617021,0,1
1.26126126,8.93617021,0,1
1.89189189,8.93617021,0,1
2.52252252,8.93617021,0,1
3.15315315,8.93617021,0,1
3.78378378,8.93617021,0,1
4.41441441,8.93617021,0,1
5.04504505,8.93617021,0,1
5.67567568,8.93617021,0,1
6.30630631,8.93617021,0,1
6.93693694,8.93617021,0,1
7.56756757,8.93617021,0,1
8.1981982,8.93617021,0,1
8.82882883,8.93617021,0,1
9.45945946,8.93617021,0,1
10.0900901,8.93617021,0,1
10.7207207,8.93617021,0,1
11.3513514,8.93617021,0,1
11.981982,8.93617021,0,1
12.6126126,8.93617021,0,1
13.2432432,8.93617021,0,1
13.8738739,8.93617021,0,1
14.5045045,8.93617021,0,1
15.1351351,8.93617021,0,1
15.7657658,8.93617021,0,1
16.3963964,8.93617021,0,1
17.027027,8.93617021,0,1
17.6576577,8.93617021,0,1
18.2882883,8.93617021,0,1
18.9189189,8.93617021,0,1
19.5495495,8.93617021,0,1
20.1801802,8.93617021,0,1
20.8108108,8.93617021,0,1
21.4414414,8.93617021,0,1
22.0720721,8.93617021,0,1
22.7027027,8.93617021,0,1
23.3333333,8.93617021,0,1
23.963964,8.93617021,0,1
24.5945946,8.93617021,0,1
25.2252252,8.93617021,0,1
25.8558559,8.93617021,0,1
26.4864865,8.93617021,0,1
27.1171171,8.93617021,0,1
27.7477477,8.93617021,0,1
28.3783784,8.93617021,0,1
29.009009,8.93617021,0,1
29.6396396,8.93617021,0,1
30.2702703,8.93617021,0,1
30.9009009,8.93617021,0,1
31.5315315,8.93617021,0,1
32.1621622,8.93617021,0,1
32.7927928,8.93617021,0,2
33.4234234,8.93617021,0,1
34.0540541,8.93617021,0,2
34.6846847,8.93617021,0,1
35.3153153,8.93617021,0,1.414214
35.9459459,8.93617021,0,1.414214
36.5765766,8.93617021,0,2.236068
37.2072072,8.93617021,0,1
37.8378378,8.93617021,5.09554140127e-08,3.162278
38.4684685,8.93617021,1.42675159236e-06,17.60682
39.0990991,8.93617021,1.83439490446e-06,2.236068
39.7297297,8.93617021,1.9872611465e-06,2.236068
40.3603604,8.93617021,2.19108280255e-06,6.324555
40.990991,8.93617021,2.59872611465e-06,6.082763
41.6216216,8.93617021,2.75159235669e-06,3.741657
42.2522523,8.93617021,3.00636942675e-06,13.45362
42.8828829,8.93617021,3.2101910828e-06,8.717798
43.5135135,8.93617021,3.6178343949e-06,4.358899
44.1441441,8.93617021,4.02547770701e-06,2.236068
44.7747748,8.93617021,4.63694267516e-06,6
45.4054054,8.93617021,5.1974522293e-06,1
46.036036,8.93617021,5.55414012739e-06,2
46.6666667,8.93617021,6.42038216561e-06,4.123106
47.2972973,8.93617021,6.77707006369e-06,1.414214
47.9279279,8.93617021,7.49044585987e-06,1.414214
48.5585586,8.93617021,6.42038216561e-06,1
49.1891892,8.93617021,5.75796178344e-06,1.732051
49.8198198,8.93617021,5.14649681529e-06,4.358899
50.4504505,8.93617021,4.94267515924e-06,3.162278
51.0810811,8.93617021,5.14649681529e-06,2.236068
51.7117117,8.93617021,4.48407643312e-06,4.123106
52.3423423,8.93617021,3.82165605096e-06,4.582576
52.972973,8.93617021,3.2101910828e-06,18.38478
53.6036036,8.93617021,3.00636942675e-06,2.44949
54.2342342,8.93617021,2.70063694268e-06,1
54.8648649,8.93617021,2.49681528662e-06,3.741657
55.4954955,8.93617021,2.29299363057e-06,3
56.1261261,8.93617021,1.78343949045e-06,2
56.7567568,8.93617021,1.57961783439e-06,2
57.3873874,8.93617021,1.27388535032e-06,1.414214
58.018018,8.93617021,0,1
58.6486486,8.93617021,0,0
59.2792793,8.93617021,0,1
59.9099099,8.93617021,0,1
60.5405405,8.93617021,0,1
61.1711712,8.93617021,0,1
61.8018018,8.93617021,0,1
62.4324324,8.93617021,0,1
63.0630631,8.93617021,0,1
63.6936937,8.93617021,0,1
64.3243243,8.93617021,0,1
64.954955,8.93617021,0,1
65.5855856,8.93617021,0,1
66.2162162,8.93617021,0,1
66.8468468,8.93617021,0,1
67.4774775,8.93617021,0,1
68.1081081,8.93617021,7.79617834395e-06,1.414214
68.7387387,8.93617021,7.89808917197e-06,0
69.3693694,8.93617021,7.89808917197e-06,0
70,8.93617021,7.89808917197e-06,0
0,8.5106383,0,1
0.630630631,8.5106383,0,1
1.26126126,8.5106383,0,1
1.89189189,8.5106383,0,1
2.52252252,8.5106383,0,1
3.15315315,8.5106383,0,1
3.78378378,8.5106383,0,1
4.41441441,8.5106383,0,1
5.04504505,8.5106383,0,1
5.67567568,8.5106383,0,1
6.30630631,8.5106383,0,1
6.93693694,8.5106383,0,1
7.56756757,8.5106383,0,1
8.1981982,8.5106383,0,1
8.82882883,8.5106383,0,1
9.45945946,8.5106383,0,1
10.0900901,8.5106383,0,1
10.7207207,8.5106383,0,1
11.3513514,8.5106383,0,1
11.981982,8.5106383,0,1
12.6126126,8.5106383,0,1
13.2432432,8.5106383,0,1
13.8738739,8.5106383,0,1
14.5045045,8.5106383,0,1
15.1351351,8.5106383,0,1
15.7657658,8.5106383,0,1
16.3963964,8.5106383,0,1
17.027027,8.5106383,0,1
17.6576577,8.5106383,0,1
18.2882883,8.5106383,0,1
18.9189189,8.5106383,0,1
19.5495495,8.5106383,0,1
20.1801802,8.5106383,0,1
20.8108108,8.5106383,0,1
21.4414414,8.5106383,0,1
22.0720721,8.5106383,0,1
22.7027027,8.5106383,0,1
23.3333333,8.5106383,0,1
23.963964,8.5106383,0,1
24.5945946,8.5106383,0,1
25.2252252,8.5106383,0,1
25.8558559,8.5106383,0,1
26.4864865,8.5106383,0,1
27.1171171,8.5106383,0,1
27.7477477,8.5106383,0,1
28.3783784,8.5106383,0,1
29.009009,8.5106383,0,1
29.6396396,8.5106383,0,1
30.2702703,8.5106383,0,1
30.9009009,8.5106383,0,1
31.5315315,8.5106383,0,1
32.1621622,8.5106383,0,1
32.7927928,8.5106383,0,1
33.4234234,8.5106383,0,2
34.0540541,8.5106383,0,1
34.6846847,8.5106383,0,1
35.3153153,8.5106383,0,2.236068
35.9459459,8.5106383,0,8.660254
36.5765766,8.5106383,5.09554140127e-08,9.273618
37.2072072,8.5106383,8.15286624204e-07,16.27882
37.8378378,8.5106383,1.63057324841e-06,9.539392
38.4684685,8.5106383,1.9872611465e-06,9.110434
39.0990991,8.5106383,2.24203821656e-06,4.242641
39.7297297,8.5106383,2.44585987261e-06,8.485281
40.3603604,8.5106383,2.75159235669e-06,6
40.990991,8.5106383,3.05732484076e-06,15.52417
41.6216216,8.5106383,3.2101910828e-06,5.196152
42.2522523,8.5106383,3.46496815287e-06,5.196152
42.8828829,8.5106383,3.82165605096e-06,6.324555
43.5135135,8.5106383,4.3821656051e-06,7.141428
44.1441441,8.5106383,4.99363057325e-06,2
44.7747748,8.5106383,5.55414012739e-06,1.732051
45.4054054,8.5106383,5.40127388535e-06,7.141428
46.036036,8.5106383,6.0127388535e-06,4.123106
46.6666667,8.5106383,6.98089171975e-06,2.44949
47.2972973,8.5106383,7.38853503185e-06,1.414214
47.9279279,8.5106383,7.54140127389e-06,2.236068
48.5585586,8.5106383,6.0127388535e-06,6.63325
49.1891892,8.5106383,5.70700636943e-06,7
49.8198198,8.5106383,5.09554140127e-06,8.124038
50.4504505,8.5106383,4.63694267516e-06,2.236068
51.0810811,8.5106383,4.7898089172e-06,1.414214
51.7117117,8.5106383,4.28025477707e-06,5.91608
52.3423423,8.5106383,3.82165605096e-06,6.557439
52.972973,8.5106383,3.41401273885e-06,7
53.6036036,8.5106383,3.15923566879e-06,4.898979
54.2342342,8.5106383,2.64968152866e-06,14.24781
54.8648649,8.5106383,2.3949044586e-06,2.44949
55.4954955,8.5106383,2.24203821656e-06,2.236068
56.1261261,8.5106383,1.73248407643e-06,8.124038
56.7567568,8.5106383,1.57961783439e-06,3.316625
57.3873874,8.5106383,1.32484076433e-06,1.414214
58.018018,8.5106383,0,1.414214
58.6486486,8.5106383,0,1
59.2792793,8.5106383,0,1
59.9099099,8.5106383,0,1
60.5405405,8.5106383,0,1
61.1711712,8.5106383,0,1
61.8018018,8.5106383,0,1
62.4324324,8.5106383,0,1
63.0630631,8.5106383,0,1
63.6936937,8.5106383,0,1
64.3243243,8.5106383,0,1
64.954955,8.5106383,0,1
65.5855856,8.5106383,0,1
66.2162162,8.5106383,0,1
66.8468468,8.5106383,0,1
67.4774775,8.5106383,0,1
68.1081081,8.5106383,7.79617834395e-06,1.414214
68.7387387,8.5106383,7.89808917197e-06,0
69.3693694,8.5106383,7.89808917197e-06,0
70,8.5106383,7.89808917197e-06,0
0,8.08510638,0,1
0.630630631,8.08510638,0,1
1.26126126,8.08510638,0,1
1.89189189,8.08510638,0,1
2.52252252,8.08510638,0,1
3.15315315,8.08510638,0,1
3.78378378,8.08510638,0,1
4.41441441,8.08510638,0,1
5.04504505,8.08510638,0,1
5.67567568,8.08510638,0,1
6.30630631,8.08510638,0,1
6.93693694,8.08510638,0,1
7.56756757,8.08510638,0,1
8.1981982,8.08510638,0,1
8.82882883,8.08510638,0,1
9.45945946,8.08510638,0,1
10.0900901,8.08510638,0,1
10.7207207,8.08510638,0,1
11.3513514,8.08510638,0,1
11.981982,8.08510638,0,1
12.6126126,8.08510638,0,1
13.2432432,8.08510638,0,1
13.8738739,8.08510638,0,1
14.5045045,8.08510638,0,1
15.1351351,8.08510638,0,1
15.7657658,8.08510638,0,1
16.3963964,8.08510638,0,1
17.027027,8.08510638,0,1
17.6576577,8.08510638,0,1
18.2882883,8.08510638,0,1
18.9189189,8.08510638,0,1
19.5495495,8.08510638,0,1
20.1801802,8.08510638,0,1
20.8108108,8.08510638,0,1
21.4414414,8.08510638,0,1
22.0720721,8.08510638,0,1
22.7027027,8.08510638,0,1
23.3333333,8.08510638,0,1
23.963964,8.08510638,0,1
24.5945946,8.08510638,0,1
25.2252252,8.08510638,0,1
25.8558559,8.08510638,0,1
26.4864865,8.08510638,0,1
27.1171171,8.08510638,0,1
27.7477477,8.08510638,0,1
28.3783784,8.08510638,0,1
29.009009,8.08510638,0,1
29.6396396,8.08510638,0,1
30.2702703,8.08510638,0,1
30.9009009,8.08510638,0,1
31.5315315,8.08510638,0,1
32.1621622,8.08510638,0,1.414214
32.7927928,8.08510638,0,3
33.4234234,8.08510638,0,6.324555
34.0540541,8.08510638,0,2.44949
34.6846847,8.08510638,5.09554140127e-08,10.72381
35.3153153,8.08510638,8.66242038217e-07,14.89966
35.9459459,8.08510638,1.47770700637e-06,9.899495
36.5765766,8.08510638,1.63057324841e-06,4.582576
37.2072072,8.08510638,1.83439490446e-06,4.582576
37.8378378,8.08510638,2.24203821656e-06,6.403124
38.4684685,8.08510638,2.64968152866e-06,17.69181
39.0990991,8.08510638,2.8025477707e-06,14.79865
39.7297297,8.08510638,3.00636942675e-06,17
40.3603604,8.08510638,3.56687898089e-06,5.09902
40.990991,8.08510638,3.82165605096e-06,7.348469
41.6216216,8.08510638,3.87261146497e-06,6.164414
42.2522523,8.08510638,4.33121019108e-06,1
42.8828829,8.08510638,4.63694267516e-06,4.358899
43.5135135,8.08510638,5.40127388535e-06,2.44949
44.1441441,8.08510638,5.65605095541e-06,4.123106
44.7747748,8.08510638,6.06369426752e-06,1.414214
45.4054054,8.08510638,5.75796178344e-06,0
46.036036,8.08510638,6.47133757962e-06,1.414214
46.6666667,8.08510638,7.1847133758e-06,1
47.2972973,8.08510638,7.28662420382e-06,1
47.9279279,8.08510638,6.77707006369e-06,3.162278
48.5585586,8.08510638,5.65605095541e-06,2
49.1891892,8.08510638,5.1974522293e-06,4.582576
49.8198198,8.08510638,4.58598726115e-06,3.316625
50.4504505,8.08510638,4.17834394904e-06,7.28011
51.0810811,8.08510638,4.43312101911e-06,4.123106
51.7117117,8.08510638,4.02547770701e-06,3.464102
52.3423423,8.08510638,3.6178343949e-06,2.236068
52.972973,8.08510638,3.41401273885e-06,7.81025
53.6036036,8.08510638,3.15923566879e-06,8.124038
54.2342342,8.08510638,2.64968152866e-06,14.24781
54.8648649,8.08510638,2.3949044586e-06,1.732051
55.4954955,8.08510638,2.19108280255e-06,3.741657
56.1261261,8.08510638,1.57961783439e-06,4.582576
56.7567568,8.08510638,1.42675159236e-06,11.83216
57.3873874,8.08510638,6.11464968153e-07,10.04988
58.018018,8.08510638,0,3.741657
58.6486486,8.08510638,0,1
59.2792793,8.08510638,0,1
59.9099099,8.08510638,0,1
60.5405405,8.08510638,0,1
61.1711712,8.08510638,0,1
61.8018018,8.08510638,0,1
62.4324324,8.08510638,0,1
63.0630631,8.08510638,0,1
63.6936937,8.08510638,0,1
64.3243243,8.08510638,0,1
64.954955,8.08510638,0,1
65.5855856,8.08510638,0,1
66.2162162,8.08510638,0,1
66.8468468,8.08510638,0,1
67.4774775,8.08510638,0,1
68.1081081,8.08510638,7.79617834395e-06,1.414214
68.7387387,8.08510638,7.89808917197e-06,0
69.3693694,8.08510638,7.89808917197e-06,0
70,8.08510638,7.89808917197e-06,0
0,7.65957447,0,1
0.630630631,7.65957447,0,1
1.26126126,7.65957447,0,1
1.89189189,7.65957447,0,1
2.52252252,7.65957447,0,1
3.15315315,7.65957447,0,1
3.78378378,7.65957447,0,1
4.41441441,7.65957447,0,1
5.04504505,7.65957447,0,1
5.67567568,7.65957447,0,1
6.30630631,7.65957447,0,1
6.93693694,7.65957447,0,1
7.56756757,7.65957447,0,1
8.1981982,7.65957447,0,1
8.82882883,7.65957447,0,1
9.45945946,7.65957447,0,1
10.0900901,7.65957447,0,1
10.7207207,7.65957447,0,1
11.3513514,7.65957447,0,1
11.981982,7.65957447,0,1
12.6126126,7.65957447,0,1
13.2432432,7.65957447,0,1
13.8738739,7.65957447,0,1
14.5045045,7.65957447,0,1
15.1351351,7.65957447,0,1
15.7657658,7.65957447,0,1
16.3963964,7.65957447,0,1
17.027027,7.65957447,0,1
17.6576577,7.65957447,0,1
18.2882883,7.65957447,0,1
18.9189189,7.65957447,0,1
19.5495495,7.65957447,0,1
20.1801802,7.65957447,0,1
20.8108108,7.65957447,0,1
21.4414414,7.65957447,0,1
22.0720721,7.65957447,0,1
22.7027027,7.65957447,0,1
23.3333333,7.65957447,0,1
23.963964,7.65957447,0,1
24.5945946,7.65957447,0,1
25.2252252,7.65957447,0,1
25.8558559,7.65957447,0,1
26.4864865,7.65957447,0,1
27.1171171,7.65957447,0,1
27.7477477,7.65957447,0,1
28.3783784,7.65957447,0,1
29.009009,7.65957447,0,1
29.6396396,7.65957447,0,1
30.2702703,7.65957447,0,1
30.9009009,7.65957447,0,1
31.5315315,7.65957447,0,1
32.1621622,7.65957447,0,4.123106
32.7927928,7.65957447,2.03821656051e-07,7.874008
33.4234234,7.65957447,6.62420382166e-07,7.141428
34.0540541,7.65957447,1.42675159236e-06,15.52417
34.6846847,7.65957447,1.68152866242e-06,11.57584
35.3153153,7.65957447,1.78343949045e-06,7
35.9459459,7.65957447,2.03821656051e-06,3.605551
36.5765766,7.65957447,2.24203821656e-06,5.744563
37.2072072,7.65957447,2.54777070064e-06,1.414214
37.8378378,7.65957447,3.00636942675e-06,20.14944
38.4684685,7.65957447,3.2101910828e-06,4.123106
39.0990991,7.65957447,3.26114649682e-06,11.6619
39.7297297,7.65957447,3.66878980892e-06,7.28011
40.3603604,7.65957447,4.43312101911e-06,3.464102
40.990991,7.65957447,4.73885350318e-06,7.071068
41.6216216,7.65957447,4.7898089172e-06,7.348469
42.2522523,7.65957447,5.1974522293e-06,3
42.8828829,7.65957447,5.35031847134e-06,3.316625
43.5135135,7.65957447,5.75796178344e-06,5
44.1441441,7.65957447,6.11464968153e-06,4.242641
44.7747748,7.65957447,6.0127388535e-06,2.828427
45.4054054,7.65957447,6.36942675159e-06,6.708204
46.036036,7.65957447,7.03184713376e-06,1.414214
46.6666667,7.65957447,6.62420382166e-06,4.123106
47.2972973,7.65957447,6.77707006369e-06,2.236068
47.9279279,7.65957447,6.0127388535e-06,5.830952
48.5585586,7.65957447,5.1974522293e-06,2.44949
49.1891892,7.65957447,4.73885350318e-06,4.358899
49.8198198,7.65957447,4.07643312102e-06,1.414214
50.4504505,7.65957447,3.71974522293e-06,3.741657
51.0810811,7.65957447,4.02547770701e-06,3.605551
51.7117117,7.65957447,3.71974522293e-06,5.385165
52.3423423,7.65957447,3.41401273885e-06,6.78233
52.972973,7.65957447,3.05732484076e-06,26.41969
53.6036036,7.65957447,3.00636942675e-06,18.35756
54.2342342,7.65957447,2.70063694268e-06,4.690416
54.8648649,7.65957447,2.34394904459e-06,1
55.4954955,7.65957447,2.19108280255e-06,3.162278
56.1261261,7.65957447,1.63057324841e-06,3.741657
56.7567568,7.65957447,9.17197452229e-07,11.78983
57.3873874,7.65957447,5.09554140127e-08,5.09902
58.018018,7.65957447,0,2.236068
58.6486486,7.65957447,0,1
59.2792793,7.65957447,0,1
59.9099099,7.65957447,0,1
60.5405405,7.65957447,0,1
61.1711712,7.65957447,0,1
61.8018018,7.65957447,0,1
62.4324324,7.65957447,0,1
63.0630631,7.65957447,0,1
63.6936937,7.65957447,0,1
64.3243243,7.65957447,0,1
64.954955,7.65957447,0,1
65.5855856,7.65957447,0,1
66.2162162,7.65957447,0,1
66.8468468,7.65957447,0,1
67.4774775,7.65957447,0,1
68.1081081,7.65957447,7.79617834395e-06,1.414214
68.7387387,7.65957447,7.89808917197e-06,0
69.3693694,7.65957447,7.89808917197e-06,0
70,7.65957447,7.89808917197e-06,0
0,7.23404255,0,1
0.630630631,7.23404255,0,1
1.26126126,7.23404255,0,1
1.89189189,7.23404255,0,1
2.52252252,7.23404255,0,1
3.15315315,7.23404255,0,1
3.78378378,7.23404255,0,1
4.41441441,7.23404255,0,1
5.04504505,7.23404255,0,1
5.67567568,7.23404255,0,1
6.30630631,7.23404255,0,1
6.93693694,7.23404255,0,1
7.56756757,7.23404255,0,1
8.1981982,7.23404255,0,1
8.82882883,7.23404255,0,1
9.45945946,7.23404255,0,1
10.0900901,7.23404255,0,1
10.7207207,7.23404255,0,1
11.3513514,7.23404255,0,1
11.981982,7.23404255,0,1
12.6126126,7.23404255,0,1
13.2432432,7.23404255,0,1
13.8738739,7.23404255,0,1
14.5045045,7.23404255,0,1
15.1351351,7.23404255,0,1
15.7657658,7.23404255,0,1
16.3963964,7.23404255,0,1
17.027027,7.23404255,0,1
17.6576577,7.23404255,0,1
18.2882883,7.23404255,0,1
18.9189189,7.23404255,0,1
19.5495495,7.23404255,0,1
20.1801802,7.23404255,0,1
20.8108108,7.23404255,0,1
21.4414414,7.23404255,0,1
22.0720721,7.23404255,0,1
22.7027027,7.23404255,0,1
23.3333333,7.23404255,0,1
23.963964,7.23404255,0,1
24.5945946,7.23404255,0,1
25.2252252,7.23404255,0,1
25.8558559,7.23404255,0,1
26.4864865,7.23404255,0,1
27.1171171,7.23404255,0,1
27.7477477,7.23404255,0,1.414214
28.3783784,7.23404255,0,1.732051
29.009009,7.23404255,0,1.732051
29.6396396,7.23404255,0,3
30.2702703,7.23404255,5.09554140127e-08,7.681146
30.9009009,7.23404255,1.01910828025e-07,3.605551
31.5315315,7.23404255,6.62420382166e-07,15.0333
32.1621622,7.23404255,1.42675159236e-06,9.69536
32.7927928,7.23404255,1.68152866242e-06,6.324555
33.4234234,7.23404255,1.83439490446e-06,3.316625
34.0540541,7.23404255,2.03821656051e-06,4.123106
34.6846847,7.23404255,2.24203821656e-06,9.273618
35.3153153,7.23404255,2.44585987261e-06,2.236068
35.9459459,7.23404255,2.70063694268e-06,4.898979
36.5765766,7.23404255,2.95541401274e-06,14.21267
37.2072072,7.23404255,3.10828025478e-06,2.236068
37.8378378,7.23404255,3.77070063694e-06,4.242641
38.4684685,7.23404255,3.77070063694e-06,4.582576
39.0990991,7.23404255,4.07643312102e-06,2.44949
39.7297297,7.23404255,4.58598726115e-06,5.744563
40.3603604,7.23404255,4.99363057325e-06,3.316625
40.990991,7.23404255,5.14649681529e-06,2.236068
41.6216216,7.23404255,5.1974522293e-06,3.741657
42.2522523,7.23404255,5.40127388535e-06,3.741657
42.8828829,7.23404255,5.40127388535e-06,1.732051
43.5135135,7.23404255,5.70700636943e-06,3.605551
44.1441441,7.23404255,6.0127388535e-06,2.236068
44.7747748,7.23404255,6.0127388535e-06,3
45.4054054,7.23404255,6.67515923567e-06,2.236068
46.036036,7.23404255,6.67515923567e-06,2.44949
46.6666667,7.23404255,6.36942675159e-06,6.164414
47.2972973,7.23404255,5.80891719745e-06,2.828427
47.9279279,7.23404255,5.75796178344e-06,3.162278
48.5585586,7.23404255,5.09554140127e-06,6.403124
49.1891892,7.23404255,4.17834394904e-06,6.557439
49.8198198,7.23404255,3.77070063694e-06,2.236068
50.4504505,7.23404255,3.71974522293e-06,3.316625
51.0810811,7.23404255,3.56687898089e-06,3
51.7117117,7.23404255,3.41401273885e-06,5.196152
52.3423423,7.23404255,3.46496815287e-06,2.828427
52.972973,7.23404255,2.95541401274e-06,0
53.6036036,7.23404255,3.00636942675e-06,4.582576
54.2342342,7.23404255,2.75159235669e-06,2.44949
54.8648649,7.23404255,2.3949044586e-06,2
55.4954955,7.23404255,2.14012738854e-06,4.123106
56.1261261,7.23404255,1.78343949045e-06,6.164414
56.7567568,7.23404255,1.37579617834e-06,4.123106
57.3873874,7.23404255,0,8.3666
58.018018,7.23404255,0,1
58.6486486,7.23404255,0,1
59.2792793,7.23404255,0,1
59.9099099,7.23404255,0,1
60.5405405,7.23404255,0,1
61.1711712,7.23404255,0,1
61.8018018,7.23404255,0,1
62.4324324,7.23404255,0,1
63.0630631,7.23404255,0,1
63.6936937,7.23404255,0,1
64.3243243,7.23404255,0,1
64.954955,7.23404255,0,1
65.5855856,7.23404255,0,1
66.2162162,7.23404255,0,1
66.8468468,7.23404255,0,1
67.4774775,7.23404255,0,1
68.1081081,7.23404255,7.79617834395e-06,1.414214
68.7387387,7.23404255,7.89808917197e-06,0
69.3693694,7.23404255,7.89808917197e-06,0
70,7.23404255,7.89808917197e-06,0
0,6.80851064,0,1
0.630630631,6.80851064,0,1
1.26126126,6.80851064,0,1
1.89189189,6.80851064,0,1
2.52252252,6.80851064,0,1
3.15315315,6.80851064,0,1
3.78378378,6.80851064,0,1
4.41441441,6.80851064,0,1
5.04504505,6.80851064,0,1
5.67567568,6.80851064,0,1
6.30630631,6.80851064,0,1
6.93693694,6.80851064,0,1
7.56756757,6.80851064,0,1
8.1981982,6.80851064,0,1
8.82882883,6.80851064,0,1
9.45945946,6.80851064,0,1
10.0900901,6.80851064,0,1
10.7207207,6.80851064,0,1
11.3513514,6.80851064,0,1
11.981982,6.80851064,0,1
12.6126126,6.80851064,0,1
13.2432432,6.80851064,0,1
13.8738739,6.80851064,0,1
14.5045045,6.80851064,0,1
15.1351351,6.80851064,0,1
15.7657658,6.80851064,0,1
16.3963964,6.80851064,0,1
17.027027,6.80851064,0,1
17.6576577,6.80851064,0,1
18.2882883,6.80851064,0,1
18.9189189,6.80851064,0,1
19.5495495,6.80851064,0,1
20.1801802,6.80851064,0,1
20.8108108,6.80851064,0,1
21.4414414,6.80851064,0,1
22.0720721,6.80851064,0,1
22.7027027,6.80851064,0,1
23.3333333,6.80851064,0,1
23.963964,6.80851064,0,2
24.5945946,6.80851064,0,2
25.2252252,6.80851064,0,4.242641
25.8558559,6.80851064,0,4.123106
26.4864865,6.80851064,0,1.414214
27.1171171,6.80851064,0,5.385165
27.7477477,6.80851064,5.09554140127e-08,5.09902
28.3783784,6.80851064,1.52866242038e-07,9.110434
29.009009,6.80851064,8.66242038217e-07,15.06652
29.6396396,6.80851064,1.47770700637e-06,4.582576
30.2702703,6.80851064,1.63057324841e-06,3.316625
30.9009009,6.80851064,1.73248407643e-06,9.055385
31.5315315,6.80851064,1.83439490446e-06,1.414214
32.1621622,6.80851064,2.19108280255e-06,6.403124
32.7927928,6.80851064,2.44585987261e-06,2.44949
33.4234234,6.80851064,2.59872611465e-06,6.403124
34.0540541,6.80851064,2.75159235669e-06,3.162278
34.6846847,6.80851064,3.00636942675e-06,11.35782
35.3153153,6.80851064,3.2101910828e-06,13
35.9459459,6.80851064,3.26114649682e-06,12.4499
36.5765766,6.80851064,3.6178343949e-06,3.316625
37.2072072,6.80851064,4.02547770701e-06,4.123106
37.8378378,6.80851064,4.43312101911e-06,3.316625
38.4684685,6.80851064,4.58598726115e-06,5.09902
39.0990991,6.80851064,4.84076433121e-06,6.403124
39.7297297,6.80851064,5.40127388535e-06,1.732051
40.3603604,6.80851064,5.45222929936e-06,2.44949
40.990991,6.80851064,5.55414012739e-06,5.385165
41.6216216,6.80851064,5.55414012739e-06,4
42.2522523,6.80851064,5.40127388535e-06,2
42.8828829,6.80851064,5.40127388535e-06,3
43.5135135,6.80851064,5.65605095541e-06,7.28011
44.1441441,6.80851064,5.40127388535e-06,7.348469
44.7747748,6.80851064,5.50318471338e-06,2
45.4054054,6.80851064,5.80891719745e-06,3.316625
46.036036,6.80851064,6.31847133758e-06,5.385165
46.6666667,6.80851064,5.75796178344e-06,3.741657
47.2972973,6.80851064,5.40127388535e-06,6.403124
47.9279279,6.80851064,5.40127388535e-06,3
48.5585586,6.80851064,4.73885350318e-06,7.348469
49.1891892,6.80851064,3.87261146497e-06,3.162278
49.8198198,6.80851064,3.46496815287e-06,4.358899
50.4504505,6.80851064,3.77070063694e-06,4.472136
51.0810811,6.80851064,3.10828025478e-06,3
51.7117117,6.80851064,3.26114649682e-06,12.68858
52.3423423,6.80851064,3.26114649682e-06,18.05547
52.972973,6.80851064,3.05732484076e-06,30.41381
53.6036036,6.80851064,3.05732484076e-06,17.49286
54.2342342,6.80851064,2.8025477707e-06,6.324555
54.8648649,6.80851064,2.3949044586e-06,2
55.4954955,6.80851064,2.03821656051e-06,1.732051
56.1261261,6.80851064,1.9872611465e-06,1
56.7567568,6.80851064,1.47770700637e-06,3.316625
57.3873874,6.80851064,0,9
58.018018,6.80851064,0,2
58.6486486,6.80851064,0,1
59.2792793,6.80851064,0,1
59.9099099,6.80851064,0,1
60.5405405,6.80851064,0,1
61.1711712,6.80851064,0,1
61.8018018,6.80851064,0,1
62.4324324,6.80851064,0,1
63.0630631,6.80851064,0,1
63.6936937,6.80851064,0,1
64.3243243,6.80851064,0,1
64.954955,6.80851064,0,1
65.5855856,6.80851064,0,1
66.2162162,6.80851064,0,1
66.8468468,6.80851064,0,1
67.4774775,6.80851064,0,1
68.1081081,6.80851064,7.79617834395e-06,1.414214
68.7387387,6.80851064,7.89808917197e-06,0
69.3693694,6.80851064,7.89808917197e-06,0
70,6.80851064,7.89808917197e-06,0
0,6.38297872,0,1
0.630630631,6.38297872,0,1
1.26126126,6.38297872,0,1
1.89189189,6.38297872,0,1
2.52252252,6.38297872,0,1
3.15315315,6.38297872,0,1
3.78378378,6.38297872,0,1
4.41441441,6.38297872,0,1
5.04504505,6.38297872,0,1
5.67567568,6.38297872,0,1
6.30630631,6.38297872,0,1
6.93693694,6.38297872,0,1
7.56756757,6.38297872,0,1
8.1981982,6.38297872,0,1
8.82882883,6.38297872,0,1
9.45945946,6.38297872,0,1
10.0900901,6.38297872,0,1
10.7207207,6.38297872,0,1
11.3513514,6.38297872,0,1
11.981982,6.38297872,0,1
12.6126126,6.38297872,0,1
13.2432432,6.38297872,0,1
13.8738739,6.38297872,0,1
14.5045045,6.38297872,0,1
15.1351351,6.38297872,0,1
15.7657658,6.38297872,0,1
16.3963964,6.38297872,0,1
17.027027,6.38297872,0,1
17.6576577,6.38297872,0,1
18.2882883,6.38297872,0,1
18.9189189,6.38297872,0,1
19.5495495,6.38297872,0,1
20.1801802,6.38297872,0,1
20.8108108,6.38297872,0,1
21.4414414,6.38297872,0,1
22.0720721,6.38297872,0,1
22.7027027,6.38297872,0,1
23.3333333,6.38297872,0,0
23.963964,6.38297872,0,2
24.5945946,6.38297872,0,3.741657
25.2252252,6.38297872,0,5.830952
25.8558559,6.38297872,5.09554140127e-08,7.81025
26.4864865,6.38297872,2.03821656051e-07,3.464102
27.1171171,6.38297872,8.15286624204e-07,22.73763
27.7477477,6.38297872,1.57961783439e-06,3.162278
28.3783784,6.38297872,1.83439490446e-06,3.162278
29.009009,6.38297872,2.03821656051e-06,3.741657
29.6396396,6.38297872,2.14012738854e-06,3.741657
30.2702703,6.38297872,2.08917197452e-06,7.071068
30.9009009,6.38297872,2.44585987261e-06,4.123106
31.5315315,6.38297872,2.64968152866e-06,14.89966
32.1621622,6.38297872,2.85350318471e-06,4.582576
32.7927928,6.38297872,3.05732484076e-06,4.123106
33.4234234,6.38297872,3.2101910828e-06,17.69181
34.0540541,6.38297872,3.6178343949e-06,3.316625
34.6846847,6.38297872,3.87261146497e-06,4.123106
35.3153153,6.38297872,4.07643312102e-06,2.236068
35.9459459,6.38297872,4.3821656051e-06,3.741657
36.5765766,6.38297872,4.58598726115e-06,3.741657
37.2072072,6.38297872,4.84076433121e-06,6.708204
37.8378378,6.38297872,5.40127388535e-06,3
38.4684685,6.38297872,5.14649681529e-06,4.123106
39.0990991,6.38297872,5.29936305732e-06,4.472136
39.7297297,6.38297872,5.75796178344e-06,4.123106
40.3603604,6.38297872,5.75796178344e-06,3.605551
40.990991,6.38297872,5.75796178344e-06,1
41.6216216,6.38297872,5.75796178344e-06,3
42.2522523,6.38297872,5.50318471338e-06,6.324555
42.8828829,6.38297872,5.24840764331e-06,3.464102
43.5135135,6.38297872,5.14649681529e-06,3
44.1441441,6.38297872,4.73885350318e-06,2.236068
44.7747748,6.38297872,4.89171974522e-06,3.605551
45.4054054,6.38297872,5.40127388535e-06,4.582576
46.036036,6.38297872,5.70700636943e-06,3.162278
46.6666667,6.38297872,5.40127388535e-06,5.385165
47.2972973,6.38297872,4.99363057325e-06,3.316625
47.9279279,6.38297872,4.84076433121e-06,6.78233
48.5585586,6.38297872,4.12738853503e-06,2
49.1891892,6.38297872,3.71974522293e-06,4.472136
49.8198198,6.38297872,3.26114649682e-06,16.91153
50.4504505,6.38297872,3.51592356688e-06,1.732051
51.0810811,6.38297872,3.00636942675e-06,26.1725
51.7117117,6.38297872,3.05732484076e-06,10.34408
52.3423423,6.38297872,3.00636942675e-06,30.06659
52.972973,6.38297872,3.15923566879e-06,1.414214
53.6036036,6.38297872,3.05732484076e-06,4.242641
54.2342342,6.38297872,2.8025477707e-06,16.43168
54.8648649,6.38297872,2.49681528662e-06,4.358899
55.4954955,6.38297872,2.19108280255e-06,2.236068
56.1261261,6.38297872,1.83439490446e-06,4.242641
56.7567568,6.38297872,1.47770700637e-06,1
57.3873874,6.38297872,0,5
58.018018,6.38297872,0,1.414214
58.6486486,6.38297872,0,1
59.2792793,6.38297872,0,1
59.9099099,6.38297872,0,1
60.5405405,6.38297872,0,1
61.1711712,6.38297872,0,1
61.8018018,6.38297872,0,1
62.4324324,6.38297872,0,1
63.0630631,6.38297872,0,1
63.6936937,6.38297872,0,1
64.3243243,6.38297872,0,1
64.954955,6.38297872,0,1
65.5855856,6.38297872,0,1
66.2162162,6.38297872,0,1
66.8468468,6.38297872,0,1
67.4774775,6.38297872,0,1
68.1081081,6.38297872,7.79617834395e-06,1.414214
68.7387387,6.38297872,7.89808917197e-06,0
69.3693694,6.38297872,7.89808917197e-06,0
70,6.38297872,7.89808917197e-06,0
0,5.95744681,0,1
0.630630631,5.95744681,0,1
1.26126126,5.95744681,0,1
1.89189189,5.95744681,0,1
2.52252252,5.95744681,0,1
3.15315315,5.95744681,0,1
3.78378378,5.95744681,0,1
4.41441441,5.95744681,0,1
5.04504505,5.95744681,0,1
5.67567568,5.95744681,0,1
6.30630631,5.95744681,0,1
6.93693694,5.95744681,0,1
7.56756757,5.95744681,0,1
8.1981982,5.95744681,0,1
8.82882883,5.95744681,0,1
9.45945946,5.95744681,0,1
10.0900901,5.95744681,0,1
10.7207207,5.95744681,0,1
11.3513514,5.95744681,0,1
11.981982,5.95744681,0,1
12.6126126,5.95744681,0,1
13.2432432,5.95744681,0,1
13.8738739,5.95744681,0,1
14.5045045,5.95744681,0,1
15.1351351,5.95744681,0,1
15.7657658,5.95744681,0,1
16.3963964,5.95744681,0,1
17.027027,5.95744681,0,1
17.6576577,5.95744681,0,1
18.2882883,5.95744681,0,1
18.9189189,5.95744681,0,1
19.5495495,5.95744681,0,1
20.1801802,5.95744681,0,1
20.8108108,5.95744681,0,2.236068
21.4414414,5.95744681,0,4
22.0720721,5.95744681,0,2.236068
22.7027027,5.95744681,0,1.732051
23.3333333,5.95744681,0,2.828427
23.963964,5.95744681,0,4.582576
24.5945946,5.95744681,2.03821656051e-07,7.211103
25.2252252,5.95744681,1.42675159236e-06,19.26136
25.8558559,5.95744681,1.68152866242e-06,7.681146
26.4864865,5.95744681,1.83439490446e-06,6.557439
27.1171171,5.95744681,2.14012738854e-06,6.403124
27.7477477,5.95744681,2.44585987261e-06,12.04159
28.3783784,5.95744681,2.64968152866e-06,5.385165
29.009009,5.95744681,2.75159235669e-06,3
29.6396396,5.95744681,2.8025477707e-06,13.0767
30.2702703,5.95744681,3.15923566879e-06,9.110434
30.9009009,5.95744681,3.2101910828e-06,20.63977
31.5315315,5.95744681,3.77070063694e-06,4.582576
32.1621622,5.95744681,4.07643312102e-06,2.236068
32.7927928,5.95744681,4.17834394904e-06,4.358899
33.4234234,5.95744681,4.53503184713e-06,3.162278
34.0540541,5.95744681,4.7898089172e-06,6.708204
34.6846847,5.95744681,4.7898089172e-06,5.09902
35.3153153,5.95744681,4.7898089172e-06,3
35.9459459,5.95744681,4.84076433121e-06,7
36.5765766,5.95744681,5.14649681529e-06,3.605551
37.2072072,5.95744681,5.40127388535e-06,4.472136
37.8378378,5.95744681,5.70700636943e-06,4
38.4684685,5.95744681,5.40127388535e-06,2.236068
39.0990991,5.95744681,5.40127388535e-06,2.44949
39.7297297,5.95744681,5.70700636943e-06,7.071068
40.3603604,5.95744681,5.75796178344e-06,3.605551
40.990991,5.95744681,6.0127388535e-06,4.582576
41.6216216,5.95744681,5.65605095541e-06,3
42.2522523,5.95744681,5.14649681529e-06,4.123106
42.8828829,5.95744681,4.58598726115e-06,3
43.5135135,5.95744681,4.63694267516e-06,3.741657
44.1441441,5.95744681,4.17834394904e-06,6.403124
44.7747748,5.95744681,4.28025477707e-06,2.236068
45.4054054,5.95744681,4.7898089172e-06,4.582576
46.036036,5.95744681,5.09554140127e-06,3.316625
46.6666667,5.95744681,4.94267515924e-06,3
47.2972973,5.95744681,4.43312101911e-06,4.898979
47.9279279,5.95744681,4.02547770701e-06,3.162278
48.5585586,5.95744681,3.66878980892e-06,3
49.1891892,5.95744681,3.2101910828e-06,17.74824
49.8198198,5.95744681,2.75159235669e-06,3
50.4504505,5.95744681,3.00636942675e-06,24.20744
51.0810811,5.95744681,3.10828025478e-06,1.732051
51.7117117,5.95744681,3.00636942675e-06,3.162278
52.3423423,5.95744681,3.05732484076e-06,2.236068
52.972973,5.95744681,3.10828025478e-06,4.242641
53.6036036,5.95744681,3.05732484076e-06,4.123106
54.2342342,5.95744681,2.95541401274e-06,4.690416
54.8648649,5.95744681,2.54777070064e-06,1.414214
55.4954955,5.95744681,2.44585987261e-06,6.708204
56.1261261,5.95744681,1.83439490446e-06,1
56.7567568,5.95744681,1.63057324841e-06,5.09902
57.3873874,5.95744681,0,9.69536
58.018018,5.95744681,0,0
58.6486486,5.95744681,0,1
59.2792793,5.95744681,0,1
59.9099099,5.95744681,0,1
60.5405405,5.95744681,0,1
61.1711712,5.95744681,0,1
61.8018018,5.95744681,0,1
62.4324324,5.95744681,0,1
63.0630631,5.95744681,0,1
63.6936937,5.95744681,0,1
64.3243243,5.95744681,0,1
64.954955,5.95744681,0,1
65.5855856,5.95744681,0,1
66.2162162,5.95744681,0,1
66.8468468,5.95744681,0,1
67.4774775,5.95744681,0,1
68.1081081,5.95744681,7.79617834395e-06,1.414214
68.7387387,5.95744681,7.89808917197e-06,0
69.3693694,5.95744681,7.89808917197e-06,0
70,5.95744681,7.89808917197e-06,0
0,5.53191489,0,1
0.630630631,5.53191489,0,1
1.26126126,5.53191489,0,1
1.89189189,5.53191489,0,1
2.52252252,5.53191489,0,1
3.15315315,5.53191489,0,1
3.78378378,5.53191489,0,1
4.41441441,5.53191489,0,1
5.04504505,5.53191489,0,1
5.67567568,5.53191489,0,1
6.30630631,5.53191489,0,1
6.93693694,5.53191489,0,1
7.56756757,5.53191489,0,1
8.1981982,5.53191489,0,1
8.82882883,5.53191489,0,1
9.45945946,5.53191489,0,1
10.0900901,5.53191489,0,1
10.7207207,5.53191489,0,1
11.3513514,5.53191489,0,1
11.981982,5.53191489,0,1
12.6126126,5.53191489,0,1
13.2432432,5.53191489,0,1
13.8738739,5.53191489,0,1
14.5045045,5.53191489,0,1
15.1351351,5.53191489,0,1
15.7657658,5.53191489,0,1
16.3963964,5.53191489,0,1
17.027027,5.53191489,0,1
17.6576577,5.53191489,0,1
18.2882883,5.53191489,0,1
18.9189189,5.53191489,0,0
19.5495495,5.53191489,0,2
20.1801802,5.53191489,0,2
20.8108108,5.53191489,0,4.472136
21.4414414,5.53191489,0,3.605551
22.0720721,5.53191489,1.01910828025e-07,14.3527
22.7027027,5.53191489,7.64331210191e-07,12.68858
23.3333333,5.53191489,1.47770700637e-06,11.22497
23.963964,5.53191489,1.68152866242e-06,1
24.5945946,5.53191489,1.93630573248e-06,3.741657
25.2252252,5.53191489,2.24203821656e-06,5.830952
25.8558559,5.53191489,2.49681528662e-06,3.162278
26.4864865,5.53191489,2.64968152866e-06,4.123106
27.1171171,5.53191489,3.00636942675e-06,15.29706
27.7477477,5.53191489,3.2101910828e-06,8.185353
28.3783784,5.53191489,3.66878980892e-06,3.741657
29.009009,5.53191489,3.92356687898e-06,3.162278
29.6396396,5.53191489,4.22929936306e-06,3.741657
30.2702703,5.53191489,4.58598726115e-06,4
30.9009009,5.53191489,4.7898089172e-06,5.477226
31.5315315,5.53191489,4.99363057325e-06,5.744563
32.1621622,5.53191489,5.09554140127e-06,1.732051
32.7927928,5.53191489,5.14649681529e-06,5.477226
33.4234234,5.53191489,5.35031847134e-06,3.605551
34.0540541,5.53191489,5.40127388535e-06,6.480741
34.6846847,5.53191489,5.14649681529e-06,2.236068
35.3153153,5.53191489,5.14649681529e-06,4.358899
35.9459459,5.53191489,5.14649681529e-06,3
36.5765766,5.53191489,5.29936305732e-06,2.236068
37.2072072,5.53191489,5.55414012739e-06,4.582576
37.8378378,5.53191489,5.40127388535e-06,1
38.4684685,5.53191489,5.40127388535e-06,3
39.0990991,5.53191489,5.40127388535e-06,4.898979
39.7297297,5.53191489,5.35031847134e-06,1.414214
40.3603604,5.53191489,6.0127388535e-06,3
40.990991,5.53191489,5.50318471338e-06,1.732051
41.6216216,5.53191489,5.14649681529e-06,5.09902
42.2522523,5.53191489,4.53503184713e-06,4.123106
42.8828829,5.53191489,4.3821656051e-06,8.774964
43.5135135,5.53191489,3.82165605096e-06,8.602325
44.1441441,5.53191489,3.46496815287e-06,2
44.7747748,5.53191489,4.12738853503e-06,3
45.4054054,5.53191489,3.87261146497e-06,3
46.036036,5.53191489,4.12738853503e-06,3.162278
46.6666667,5.53191489,4.07643312102e-06,2.236068
47.2972973,5.53191489,3.77070063694e-06,3.741657
47.9279279,5.53191489,3.41401273885e-06,7.549834
48.5585586,5.53191489,3.41401273885e-06,7.071068
49.1891892,5.53191489,3.05732484076e-06,31.44837
49.8198198,5.53191489,2.49681528662e-06,8.124038
50.4504505,5.53191489,2.64968152866e-06,8.485281
51.0810811,5.53191489,3.00636942675e-06,6.480741
51.7117117,5.53191489,2.90445859873e-06,1
52.3423423,5.53191489,2.95541401274e-06,13.45362
52.972973,5.53191489,3.26114649682e-06,7.549834
53.6036036,5.53191489,3.41401273885e-06,3.741657
54.2342342,5.53191489,2.8025477707e-06,6.403124
54.8648649,5.53191489,2.34394904459e-06,1
55.4954955,5.53191489,2.3949044586e-06,3
56.1261261,5.53191489,1.88535031847e-06,2
56.7567568,5.53191489,1.68152866242e-06,5.09902
57.3873874,5.53191489,0,4.898979
58.018018,5.53191489,0,2
58.6486486,5.53191489,0,1
59.2792793,5.53191489,0,1
59.9099099,5.53191489,0,1
60.5405405,5.53191489,0,1
61.1711712,5.53191489,0,1
61.8018018,5.53191489,0,1
62.4324324,5.53191489,0,1
63.0630631,5.53191489,0,1
63.6936937,5.53191489,0,1
64.3243243,5.53191489,0,1
64.954955,5.53191489,0,1
65.5855856,5.53191489,0,1
66.2162162,5.53191489,0,1
66.8468468,5.53191489,0,1
67.4774775,5.53191489,0,1
68.1081081,5.53191489,7.79617834395e-06,1.414214
68.7387387,5.53191489,7.89808917197e-06,0
69.3693694,5.53191489,7.89808917197e-06,0
70,5.53191489,7.89808917197e-06,0
0,5.10638298,0,1
0.630630631,5.10638298,0,1
1.26126126,5.10638298,0,1
1.89189189,5.10638298,0,1
2.52252252,5.10638298,0,1
3.15315315,5.10638298,0,1
3.78378378,5.10638298,0,1
4.41441441,5.10638298,0,1
5.04504505,5.10638298,0,1
5.67567568,5.10638298,0,1
6.30630631,5.10638298,0,1
6.93693694,5.10638298,0,1
7.56756757,5.10638298,0,1
8.1981982,5.10638298,0,1
8.82882883,5.10638298,0,1
9.45945946,5.10638298,0,1
10.0900901,5.10638298,0,1
10.7207207,5.10638298,0,1
11.3513514,5.10638298,0,1
11.981982,5.10638298,0,1
12.6126126,5.10638298,0,1
13.2432432,5.10638298,0,1
13.8738739,5.10638298,0,1
14.5045045,5.10638298,0,1
15.1351351,5.10638298,0,1
15.7657658,5.10638298,0,1
16.3963964,5.10638298,0,1
17.027027,5.10638298,0,1
17.6576577,5.10638298,0,4.582576
18.2882883,5.10638298,0,4.472136
18.9189189,5.10638298,0,1.414214
19.5495495,5.10638298,0,4.123106
20.1801802,5.10638298,2.03821656051e-07,5.656854
20.8108108,5.10638298,1.57961783439e-06,31.32092
21.4414414,5.10638298,1.73248407643e-06,9.273618
22.0720721,5.10638298,2.03821656051e-06,7.348469
22.7027027,5.10638298,2.08917197452e-06,6.928203
23.3333333,5.10638298,2.44585987261e-06,5.91608
23.963964,5.10638298,2.64968152866e-06,4.582576
24.5945946,5.10638298,2.95541401274e-06,6.324555
25.2252252,5.10638298,3.2101910828e-06,16.91153
25.8558559,5.10638298,3.56687898089e-06,16.40122
26.4864865,5.10638298,3.82165605096e-06,1.414214
27.1171171,5.10638298,4.3821656051e-06,5.385165
27.7477477,5.10638298,4.7898089172e-06,1
28.3783784,5.10638298,5.1974522293e-06,5.385165
29.009009,5.10638298,5.1974522293e-06,3.316625
29.6396396,5.10638298,5.45222929936e-06,5.385165
30.2702703,5.10638298,5.6050955414e-06,5.09902
30.9009009,5.10638298,5.6050955414e-06,5.196152
31.5315315,5.10638298,5.65605095541e-06,2.236068
32.1621622,5.10638298,5.55414012739e-06,4.898979
32.7927928,5.10638298,5.40127388535e-06,2.44949
33.4234234,5.10638298,5.40127388535e-06,4.898979
34.0540541,5.10638298,5.40127388535e-06,5.744563
34.6846847,5.10638298,5.14649681529e-06,4.242641
35.3153153,5.10638298,5.14649681529e-06,2.236068
35.9459459,5.10638298,5.40127388535e-06,4.242641
36.5765766,5.10638298,5.04458598726e-06,5.385165
37.2072072,5.10638298,5.40127388535e-06,2.236068
37.8378378,5.10638298,5.55414012739e-06,3
38.4684685,5.10638298,5.24840764331e-06,2.236068
39.0990991,5.10638298,5.14649681529e-06,3.605551
39.7297297,5.10638298,5.14649681529e-06,4.242641
40.3603604,5.10638298,5.50318471338e-06,2
40.990991,5.10638298,5.14649681529e-06,4.582576
41.6216216,5.10638298,4.63694267516e-06,3.605551
42.2522523,5.10638298,3.87261146497e-06,5.744563
42.8828829,5.10638298,3.6178343949e-06,4.358899
43.5135135,5.10638298,3.41401273885e-06,6.557439
44.1441441,5.10638298,3.2101910828e-06,12.8841
44.7747748,5.10638298,3.51592356688e-06,4.123106
45.4054054,5.10638298,3.2101910828e-06,6.78233
46.036036,5.10638298,3.2101910828e-06,5.09902
46.6666667,5.10638298,3.26114649682e-06,8.246211
47.2972973,5.10638298,3.15923566879e-06,13.56466
47.9279279,5.10638298,2.85350318471e-06,4.358899
48.5585586,5.10638298,3.00636942675e-06,9.110434
49.1891892,5.10638298,2.70063694268e-06,3.741657
49.8198198,5.10638298,2.34394904459e-06,5.09902
50.4504505,5.10638298,2.59872611465e-06,1.414214
51.0810811,5.10638298,2.70063694268e-06,5.830952
51.7117117,5.10638298,2.95541401274e-06,15.65248
52.3423423,5.10638298,2.95541401274e-06,4.242641
52.972973,5.10638298,3.41401273885e-06,6.708204
53.6036036,5.10638298,3.2101910828e-06,11.22497
54.2342342,5.10638298,2.70063694268e-06,4.582576
54.8648649,5.10638298,2.44585987261e-06,3.316625
55.4954955,5.10638298,2.14012738854e-06,4.123106
56.1261261,5.10638298,1.9872611465e-06,2.236068
56.7567568,5.10638298,1.63057324841e-06,3.162278
57.3873874,5.10638298,0,7.348469
58.018018,5.10638298,0,1
58.6486486,5.10638298,0,1
59.2792793,5.10638298,0,1
59.9099099,5.10638298,0,1
60.5405405,5.10638298,0,1
61.1711712,5.10638298,0,1
61.8018018,5.10638298,0,1
62.4324324,5.10638298,0,1
63.0630631,5.10638298,0,1
63.6936937,5.10638298,0,1
64.3243243,5.10638298,0,1
64.954955,5.10638298,0,1
65.5855856,5.10638298,0,1
66.2162162,5.10638298,0,1
66.8468468,5.10638298,0,1
67.4774775,5.10638298,0,1
68.1081081,5.10638298,7.79617834395e-06,1.414214
68.7387387,5.10638298,7.89808917197e-06,0
69.3693694,5.10638298,7.89808917197e-06,0
70,5.10638298,7.89808917197e-06,0
0,4.68085106,0,1
0.630630631,4.68085106,0,1
1.26126126,4.68085106,0,1
1.89189189,4.68085106,0,1
2.52252252,4.68085106,0,1
3.15315315,4.68085106,0,1
3.78378378,4.68085106,0,1
4.41441441,4.68085106,0,1
5.04504505,4.68085106,0,1
5.67567568,4.68085106,0,1
6.30630631,4.68085106,0,1
6.93693694,4.68085106,0,1
7.56756757,4.68085106,0,1
8.1981982,4.68085106,0,1
8.82882883,4.68085106,0,1
9.45945946,4.68085106,0,1
10.0900901,4.68085106,0,1
10.7207207,4.68085106,0,1
11.3513514,4.68085106,0,1
11.981982,4.68085106,0,1
12.6126126,4.68085106,0,1
13.2432432,4.68085106,0,1
13.8738739,4.68085106,0,1
14.5045045,4.68085106,0,0
15.1351351,4.68085106,0,2.44949
15.7657658,4.68085106,0,1.414214
16.3963964,4.68085106,0,0
17.027027,4.68085106,0,2.828427
17.6576577,4.68085106,0,6.480741
18.2882883,4.68085106,0,3.741657
18.9189189,4.68085106,3.56687898089e-07,13.37909
19.5495495,4.68085106,1.57961783439e-06,20.34699
20.1801802,4.68085106,1.83439490446e-06,5.91608
20.8108108,4.68085106,2.19108280255e-06,7.141428
21.4414414,4.68085106,2.49681528662e-06,13.74773
22.0720721,4.68085106,2.70063694268e-06,1.732051
22.7027027,4.68085106,2.85350318471e-06,7.348469
23.3333333,4.68085106,3.05732484076e-06,4.242641
23.963964,4.68085106,3.2101910828e-06,22.82542
24.5945946,4.68085106,3.71974522293e-06,2
25.2252252,4.68085106,4.07643312102e-06,3.741657
25.8558559,4.68085106,4.43312101911e-06,1
26.4864865,4.68085106,4.84076433121e-06,2
27.1171171,4.68085106,5.1974522293e-06,3.741657
27.7477477,4.68085106,5.40127388535e-06,2.236068
28.3783784,4.68085106,5.70700636943e-06,4.582576
29.009009,4.68085106,5.6050955414e-06,1
29.6396396,4.68085106,5.70700636943e-06,3.162278
30.2702703,4.68085106,5.75796178344e-06,3.316625
30.9009009,4.68085106,5.70700636943e-06,2.44949
31.5315315,4.68085106,5.75796178344e-06,1.732051
32.1621622,4.68085106,5.40127388535e-06,2.236068
32.7927928,4.68085106,5.40127388535e-06,3
33.4234234,4.68085106,5.40127388535e-06,4.123106
34.0540541,4.68085106,5.40127388535e-06,5.385165
34.6846847,4.68085106,5.40127388535e-06,2.828427
35.3153153,4.68085106,5.29936305732e-06,6.708204
35.9459459,4.68085106,5.35031847134e-06,3.741657
36.5765766,4.68085106,5.09554140127e-06,3.316625
37.2072072,4.68085106,5.29936305732e-06,2.236068
37.8378378,4.68085106,5.1974522293e-06,4.582576
38.4684685,4.68085106,4.94267515924e-06,4.582576
39.0990991,4.68085106,5.09554140127e-06,5.477226
39.7297297,4.68085106,5.14649681529e-06,4.123106
40.3603604,4.68085106,4.99363057325e-06,2.44949
40.990991,4.68085106,4.7898089172e-06,3
41.6216216,4.68085106,4.02547770701e-06,5.744563
42.2522523,4.68085106,3.56687898089e-06,3.605551
42.8828829,4.68085106,3.26114649682e-06,16.43168
43.5135135,4.68085106,3.2101910828e-06,19.05256
44.1441441,4.68085106,3.15923566879e-06,8.544004
44.7747748,4.68085106,3.15923566879e-06,7.28011
45.4054054,4.68085106,3.10828025478e-06,6.164414
46.036036,4.68085106,3.00636942675e-06,8.306624
46.6666667,4.68085106,2.85350318471e-06,4.690416
47.2972973,4.68085106,2.8025477707e-06,8.306624
47.9279279,4.68085106,2.70063694268e-06,4.242641
48.5585586,4.68085106,2.49681528662e-06,5.477226
49.1891892,4.68085106,2.44585987261e-06,7.28011
49.8198198,4.68085106,2.24203821656e-06,2.44949
50.4504505,4.68085106,2.44585987261e-06,5.830952
51.0810811,4.68085106,2.49681528662e-06,7.874008
51.7117117,4.68085106,2.95541401274e-06,2.236068
52.3423423,4.68085106,2.90445859873e-06,1
52.972973,4.68085106,3.6178343949e-06,6.403124
53.6036036,4.68085106,3.05732484076e-06,11.31371
54.2342342,4.68085106,2.59872611465e-06,11.7047
54.8648649,4.68085106,2.49681528662e-06,7.141428
55.4954955,4.68085106,2.14012738854e-06,1
56.1261261,4.68085106,1.88535031847e-06,5.477226
56.7567568,4.68085106,1.63057324841e-06,1.732051
57.3873874,4.68085106,0,5
58.018018,4.68085106,0,1
58.6486486,4.68085106,0,1
59.2792793,4.68085106,0,1
59.9099099,4.68085106,0,1
60.5405405,4.68085106,0,1
61.1711712,4.68085106,0,1
61.8018018,4.68085106,0,1
62.4324324,4.68085106,0,1
63.0630631,4.68085106,0,1
63.6936937,4.68085106,0,1
64.3243243,4.68085106,0,1
64.954955,4.68085106,0,1
65.5855856,4.68085106,0,1
66.2162162,4.68085106,0,1
66.8468468,4.68085106,0,1
67.4774775,4.68085106,0,1
68.1081081,4.68085106,7.79617834395e-06,1.414214
68.7387387,4.68085106,7.89808917197e-06,0
69.3693694,4.68085106,7.89808917197e-06,0
70,4.68085106,7.89808917197e-06,0
0,4.25531915,0,1
0.630630631,4.25531915,0,1
1.26126126,4.25531915,0,1
1.89189189,4.25531915,0,1
2.52252252,4.25531915,0,1
3.15315315,4.25531915,0,1
3.78378378,4.25531915,0,1
4.41441441,4.25531915,0,1
5.04504505,4.25531915,0,1
5.67567568,4.25531915,0,1
6.30630631,4.25531915,0,1
6.93693694,4.25531915,0,1
7.56756757,4.25531915,0,1
8.1981982,4.25531915,0,1
8.82882883,4.25531915,0,1
9.45945946,4.25531915,0,1
10.0900901,4.25531915,0,1
10.7207207,4.25531915,0,1
11.3513514,4.25531915,0,1
11.981982,4.25531915,0,1
12.6126126,4.25531915,0,1
13.2432432,4.25531915,0,1
13.8738739,4.25531915,0,1
14.5045045,4.25531915,0,2.44949
15.1351351,4.25531915,0,1.414214
15.7657658,4.25531915,0,2.44949
16.3963964,4.25531915,1.01910828025e-07,11.09054
17.027027,4.25531915,6.11464968153e-07,16.27882
17.6576577,4.25531915,1.63057324841e-06,9.110434
18.2882883,4.25531915,2.03821656051e-06,5.477226
18.9189189,4.25531915,2.44585987261e-06,9.486833
19.5495495,4.25531915,2.8025477707e-06,11
20.1801802,4.25531915,3.05732484076e-06,11
20.8108108,4.25531915,3.56687898089e-06,13.0384
21.4414414,4.25531915,3.82165605096e-06,4.242641
22.0720721,4.25531915,4.07643312102e-06,3.741657
22.7027027,4.25531915,4.28025477707e-06,1
23.3333333,4.25531915,4.22929936306e-06,6.557439
23.963964,4.25531915,4.58598726115e-06,2.44949
24.5945946,4.25531915,4.99363057325e-06,5.385165
25.2252252,4.25531915,5.29936305732e-06,3.316625
25.8558559,4.25531915,5.50318471338e-06,4.582576
26.4864865,4.25531915,5.70700636943e-06,3.741657
27.1171171,4.25531915,5.70700636943e-06,6.403124
27.7477477,4.25531915,5.70700636943e-06,2.828427
28.3783784,4.25531915,5.75796178344e-06,5.09902
29.009009,4.25531915,5.70700636943e-06,4.242641
29.6396396,4.25531915,5.6050955414e-06,5.830952
30.2702703,4.25531915,5.40127388535e-06,2.44949
30.9009009,4.25531915,5.24840764331e-06,1.414214
31.5315315,4.25531915,5.40127388535e-06,3
32.1621622,4.25531915,5.1974522293e-06,4.898979
32.7927928,4.25531915,5.40127388535e-06,1
33.4234234,4.25531915,5.24840764331e-06,2.44949
34.0540541,4.25531915,5.14649681529e-06,4.123106
34.6846847,4.25531915,4.99363057325e-06,4.898979
35.3153153,4.25531915,4.99363057325e-06,3.605551
35.9459459,4.25531915,4.7898089172e-06,1.414214
36.5765766,4.25531915,4.73885350318e-06,2
37.2072072,4.25531915,4.63694267516e-06,5.385165
37.8378378,4.25531915,4.58598726115e-06,6.78233
38.4684685,4.25531915,4.02547770701e-06,1.732051
39.0990991,4.25531915,4.73885350318e-06,5.09902
39.7297297,4.25531915,4.68789808917e-06,3
40.3603604,4.25531915,4.73885350318e-06,3.162278
40.990991,4.25531915,4.02547770701e-06,5.830952
41.6216216,4.25531915,3.26114649682e-06,12.72792
42.2522523,4.25531915,3.00636942675e-06,9.433981
42.8828829,4.25531915,3.05732484076e-06,2
43.5135135,4.25531915,2.8025477707e-06,10.0995
44.1441441,4.25531915,2.8025477707e-06,12.72792
44.7747748,4.25531915,2.75159235669e-06,2.236068
45.4054054,4.25531915,2.8025477707e-06,9.486833
46.036036,4.25531915,2.64968152866e-06,15
46.6666667,4.25531915,2.24203821656e-06,3.316625
47.2972973,4.25531915,2.44585987261e-06,6.403124
47.9279279,4.25531915,2.49681528662e-06,6
48.5585586,4.25531915,2.03821656051e-06,5.744563
49.1891892,4.25531915,2.14012738854e-06,3.605551
49.8198198,4.25531915,2.19108280255e-06,2.236068
50.4504505,4.25531915,2.14012738854e-06,1
51.0810811,4.25531915,2.08917197452e-06,8.485281
51.7117117,4.25531915,2.64968152866e-06,14.76482
52.3423423,4.25531915,2.70063694268e-06,3.162278
52.972973,4.25531915,3.2101910828e-06,7.549834
53.6036036,4.25531915,3.00636942675e-06,2
54.2342342,4.25531915,2.64968152866e-06,8.246211
54.8648649,4.25531915,2.34394904459e-06,5.196152
55.4954955,4.25531915,2.19108280255e-06,3.162278
56.1261261,4.25531915,1.9872611465e-06,1
56.7567568,4.25531915,1.73248407643e-06,2
57.3873874,4.25531915,2.03821656051e-07,8.602325
58.018018,4.25531915,0,1
58.6486486,4.25531915,0,1
59.2792793,4.25531915,0,1
59.9099099,4.25531915,0,1
60.5405405,4.25531915,0,1
61.1711712,4.25531915,0,1
61.8018018,4.25531915,0,1
62.4324324,4.25531915,0,1
63.0630631,4.25531915,0,1
63.6936937,4.25531915,0,1
64.3243243,4.25531915,0,1
64.954955,4.25531915,0,1
65.5855856,4.25531915,0,1
66.2162162,4.25531915,0,1
66.8468468,4.25531915,0,1
67.4774775,4.25531915,0,1
68.1081081,4.25531915,7.79617834395e-06,1.414214
68.7387387,4.25531915,7.89808917197e-06,0
69.3693694,4.25531915,7.89808917197e-06,0
70,4.25531915,7.89808917197e-06,0
0,3.82978723,0,1
0.630630631,3.82978723,0,1
1.26126126,3.82978723,0,1
1.89189189,3.82978723,0,1
2.52252252,3.82978723,0,1
3.15315315,3.82978723,0,1
3.78378378,3.82978723,0,1
4.41441441,3.82978723,0,1
5.04504505,3.82978723,0,1
5.67567568,3.82978723,0,1
6.30630631,3.82978723,0,1
6.93693694,3.82978723,0,1
7.56756757,3.82978723,0,1
8.1981982,3.82978723,0,1
8.82882883,3.82978723,0,1
9.45945946,3.82978723,0,1
10.0900901,3.82978723,0,2.44949
10.7207207,3.82978723,0,2.44949
11.3513514,3.82978723,0,1
11.981982,3.82978723,0,2.44949
12.6126126,3.82978723,0,2.828427
13.2432432,3.82978723,0,2.236068
13.8738739,3.82978723,0,4.582576
14.5045045,3.82978723,6.11464968153e-07,15.16575
15.1351351,3.82978723,1.57961783439e-06,17.74824
15.7657658,3.82978723,1.9872611465e-06,7.681146
16.3963964,3.82978723,2.44585987261e-06,8.062258
17.027027,3.82978723,2.8025477707e-06,3.162278
17.6576577,3.82978723,3.2101910828e-06,12.80625
18.2882883,3.82978723,3.77070063694e-06,5.385165
18.9189189,3.82978723,4.22929936306e-06,3.316625
19.5495495,3.82978723,4.63694267516e-06,3.162278
20.1801802,3.82978723,4.68789808917e-06,1.414214
20.8108108,3.82978723,4.84076433121e-06,3.316625
21.4414414,3.82978723,4.89171974522e-06,3.316625
22.0720721,3.82978723,5.14649681529e-06,5.09902
22.7027027,3.82978723,5.09554140127e-06,4.123106
23.3333333,3.82978723,5.24840764331e-06,4.898979
23.963964,3.82978723,5.75796178344e-06,5.477226
24.5945946,3.82978723,5.75796178344e-06,2
25.2252252,3.82978723,5.75796178344e-06,5.385165
25.8558559,3.82978723,5.55414012739e-06,6.324555
26.4864865,3.82978723,5.40127388535e-06,2.236068
27.1171171,3.82978723,5.40127388535e-06,1.414214
27.7477477,3.82978723,5.40127388535e-06,4.582576
28.3783784,3.82978723,5.40127388535e-06,5
29.009009,3.82978723,5.40127388535e-06,2
29.6396396,3.82978723,4.99363057325e-06,2.44949
30.2702703,3.82978723,4.7898089172e-06,7.141428
30.9009009,3.82978723,4.58598726115e-06,1.732051
31.5315315,3.82978723,4.99363057325e-06,5.09902
32.1621622,3.82978723,4.99363057325e-06,2.236068
32.7927928,3.82978723,4.84076433121e-06,1.732051
33.4234234,3.82978723,4.63694267516e-06,3
34.0540541,3.82978723,4.17834394904e-06,3.464102
34.6846847,3.82978723,4.43312101911e-06,6.403124
35.3153153,3.82978723,4.17834394904e-06,3
35.9459459,3.82978723,4.3821656051e-06,5.477226
36.5765766,3.82978723,4.43312101911e-06,5.91608
37.2072072,3.82978723,4.12738853503e-06,2.44949
37.8378378,3.82978723,4.02547770701e-06,2.44949
38.4684685,3.82978723,3.77070063694e-06,5.385165
39.0990991,3.82978723,4.07643312102e-06,1.414214
39.7297297,3.82978723,4.43312101911e-06,7.681146
40.3603604,3.82978723,4.43312101911e-06,4.582576
40.990991,3.82978723,3.46496815287e-06,3.316625
41.6216216,3.82978723,3.00636942675e-06,25.17936
42.2522523,3.82978723,2.90445859873e-06,3.162278
42.8828829,3.82978723,2.70063694268e-06,3
43.5135135,3.82978723,2.24203821656e-06,3.316625
44.1441441,3.82978723,2.03821656051e-06,8.062258
44.7747748,3.82978723,2.14012738854e-06,4.123106
45.4054054,3.82978723,2.08917197452e-06,3.605551
46.036036,3.82978723,2.03821656051e-06,3.741657
46.6666667,3.82978723,1.68152866242e-06,2.44949
47.2972973,3.82978723,1.88535031847e-06,5
47.9279279,3.82978723,2.14012738854e-06,4.582576
48.5585586,3.82978723,1.68152866242e-06,5.477226
49.1891892,3.82978723,1.83439490446e-06,1.414214
49.8198198,3.82978723,2.03821656051e-06,5.385165
50.4504505,3.82978723,1.93630573248e-06,1.732051
51.0810811,3.82978723,1.88535031847e-06,1
51.7117117,3.82978723,2.49681528662e-06,8.306624
52.3423423,3.82978723,2.75159235669e-06,6
52.972973,3.82978723,3.51592356688e-06,2.236068
53.6036036,3.82978723,3.00636942675e-06,10.19804
54.2342342,3.82978723,2.64968152866e-06,15.29706
54.8648649,3.82978723,2.3949044586e-06,4.472136
55.4954955,3.82978723,2.19108280255e-06,2.44949
56.1261261,3.82978723,1.78343949045e-06,6.78233
56.7567568,3.82978723,1.52866242038e-06,1.732051
57.3873874,3.82978723,1.01910828025e-07,6
58.018018,3.82978723,0,1
58.6486486,3.82978723,0,1
59.2792793,3.82978723,0,1
59.9099099,3.82978723,0,1
60.5405405,3.82978723,0,1
61.1711712,3.82978723,0,1
61.8018018,3.82978723,0,1
62.4324324,3.82978723,0,1
63.0630631,3.82978723,0,1
63.6936937,3.82978723,0,1
64.3243243,3.82978723,0,1
64.954955,3.82978723,0,1
65.5855856,3.82978723,0,1
66.2162162,3.82978723,0,1
66.8468468,3.82978723,0,1
67.4774775,3.82978723,0,1
68.1081081,3.82978723,7.79617834395e-06,1.414214
68.7387387,3.82978723,7.89808917197e-06,0
69.3693694,3.82978723,7.89808917197e-06,0
70,3.82978723,7.89808917197e-06,0
0,3.40425532,0,1
0.630630631,3.40425532,0,1
1.26126126,3.40425532,0,1
1.89189189,3.40425532,0,1
2.52252252,3.40425532,0,1
3.15315315,3.40425532,0,1
3.78378378,3.40425532,0,1
4.41441441,3.40425532,0,1
5.04504505,3.40425532,0,1
5.67567568,3.40425532,0,1
6.30630631,3.40425532,0,1
6.93693694,3.40425532,0,1
7.56756757,3.40425532,0,1
8.1981982,3.40425532,0,1
8.82882883,3.40425532,0,1
9.45945946,3.40425532,0,1
10.0900901,3.40425532,0,1.414214
10.7207207,3.40425532,0,1.414214
11.3513514,3.40425532,0,4.242641
11.981982,3.40425532,2.54777070064e-07,11.48913
12.6126126,3.40425532,7.13375796178e-07,34.8425
13.2432432,3.40425532,1.88535031847e-06,8.774964
13.8738739,3.40425532,2.44585987261e-06,21.74856
14.5045045,3.40425532,3.00636942675e-06,9.380832
15.1351351,3.40425532,3.2101910828e-06,24.04163
15.7657658,3.40425532,3.82165605096e-06,4.582576
16.3963964,3.40425532,4.7898089172e-06,1.414214
17.027027,3.40425532,5.09554140127e-06,1.732051
17.6576577,3.40425532,5.40127388535e-06,5.385165
18.2882883,3.40425532,5.40127388535e-06,1.414214
18.9189189,3.40425532,5.50318471338e-06,1.414214
19.5495495,3.40425532,5.45222929936e-06,2.236068
20.1801802,3.40425532,5.40127388535e-06,1.414214
20.8108108,3.40425532,5.40127388535e-06,1.414214
21.4414414,3.40425532,5.40127388535e-06,4.123106
22.0720721,3.40425532,5.40127388535e-06,3.605551
22.7027027,3.40425532,5.40127388535e-06,1.414214
23.3333333,3.40425532,5.50318471338e-06,1
23.963964,3.40425532,5.1974522293e-06,4.242641
24.5945946,3.40425532,4.99363057325e-06,3.316625
25.2252252,3.40425532,4.7898089172e-06,5.09902
25.8558559,3.40425532,4.63694267516e-06,5.91608
26.4864865,3.40425532,4.43312101911e-06,2.828427
27.1171171,3.40425532,4.43312101911e-06,2.44949
27.7477477,3.40425532,4.43312101911e-06,3.162278
28.3783784,3.40425532,4.53503184713e-06,2.236068
29.009009,3.40425532,4.22929936306e-06,3.316625
29.6396396,3.40425532,4.02547770701e-06,1.414214
30.2702703,3.40425532,4.12738853503e-06,2.828427
30.9009009,3.40425532,3.92356687898e-06,1.414214
31.5315315,3.40425532,3.77070063694e-06,6.403124
32.1621622,3.40425532,3.87261146497e-06,4.123106
32.7927928,3.40425532,4.02547770701e-06,3.162278
33.4234234,3.40425532,3.82165605096e-06,6.480741
34.0540541,3.40425532,3.26114649682e-06,13.45362
34.6846847,3.40425532,3.26114649682e-06,18.70829
35.3153153,3.40425532,3.2101910828e-06,18.81489
35.9459459,3.40425532,3.2101910828e-06,4.123106
36.5765766,3.40425532,3.6178343949e-06,5.09902
37.2072072,3.40425532,3.26114649682e-06,14.24781
37.8378378,3.40425532,3.2101910828e-06,17.69181
38.4684685,3.40425532,3.2101910828e-06,15.93738
39.0990991,3.40425532,3.26114649682e-06,19.20937
39.7297297,3.40425532,3.46496815287e-06,7.681146
40.3603604,3.40425532,3.56687898089e-06,3.162278
40.990991,3.40425532,3.2101910828e-06,10
41.6216216,3.40425532,2.70063694268e-06,3.741657
42.2522523,3.40425532,2.49681528662e-06,6.403124
42.8828829,3.40425532,2.44585987261e-06,7.81025
43.5135135,3.40425532,1.9872611465e-06,6.708204
44.1441441,3.40425532,1.78343949045e-06,2.44949
44.7747748,3.40425532,1.73248407643e-06,8
45.4054054,3.40425532,1.57961783439e-06,4.690416
46.036036,3.40425532,9.17197452229e-07,15.77973
46.6666667,3.40425532,2.54777070064e-07,8.544004
47.2972973,3.40425532,1.57961783439e-06,5.744563
47.9279279,3.40425532,1.68152866242e-06,4.123106
48.5585586,3.40425532,1.52866242038e-06,4.123106
49.1891892,3.40425532,1.52866242038e-06,1
49.8198198,3.40425532,1.68152866242e-06,10.04988
50.4504505,3.40425532,1.78343949045e-06,7.681146
51.0810811,3.40425532,2.14012738854e-06,4.472136
51.7117117,3.40425532,2.64968152866e-06,3.605551
52.3423423,3.40425532,3.2101910828e-06,10.86278
52.972973,3.40425532,3.71974522293e-06,6.403124
53.6036036,3.40425532,3.10828025478e-06,3.741657
54.2342342,3.40425532,2.64968152866e-06,15.0333
54.8648649,3.40425532,2.49681528662e-06,7.681146
55.4954955,3.40425532,2.24203821656e-06,7.141428
56.1261261,3.40425532,1.78343949045e-06,2.236068
56.7567568,3.40425532,1.47770700637e-06,8.602325
57.3873874,3.40425532,0,3.741657
58.018018,3.40425532,0,1
58.6486486,3.40425532,0,1
59.2792793,3.40425532,0,1
59.9099099,3.40425532,0,1
60.5405405,3.40425532,0,1
61.1711712,3.40425532,0,1
61.8018018,3.40425532,0,1
62.4324324,3.40425532,0,1
63.0630631,3.40425532,0,1
63.6936937,3.40425532,0,1
64.3243243,3.40425532,0,1
64.954955,3.40425532,0,1
65.5855856,3.40425532,0,1
66.2162162,3.40425532,0,1
66.8468468,3.40425532,0,1
67.4774775,3.40425532,0,1
68.1081081,3.40425532,7.79617834395e-06,1.414214
68.7387387,3.40425532,7.89808917197e-06,0
69.3693694,3.40425532,7.89808917197e-06,0
70,3.40425532,7.89808917197e-06,0
0,2.9787234,0,1
0.630630631,2.9787234,0,1
1.26126126,2.9787234,0,1
1.89189189,2.9787234,0,1
2.52252252,2.9787234,0,1
3.15315315,2.9787234,0,1
3.78378378,2.9787234,0,1
4.41441441,2.9787234,0,1
5.04504505,2.9787234,0,1
5.67567568,2.9787234,0,1
6.30630631,2.9787234,0,1
6.93693694,2.9787234,5.09554140127e-08,5.477226
7.56756757,2.9787234,0,5.385165
8.1981982,2.9787234,0,4.242641
8.82882883,2.9787234,5.09554140127e-08,1.732051
9.45945946,2.9787234,2.03821656051e-07,13.63818
10.0900901,2.9787234,,35.86084
10.7207207,2.9787234,2.14012738854e-06,31.33688
11.3513514,2.9787234,2.70063694268e-06,15.52417
11.981982,2.9787234,3.10828025478e-06,21.79449
12.6126126,2.9787234,3.77070063694e-06,21.11871
13.2432432,2.9787234,4.43312101911e-06,5.09902
13.8738739,2.9787234,4.73885350318e-06,3.162278
14.5045045,2.9787234,5.1974522293e-06,5.385165
15.1351351,2.9787234,5.40127388535e-06,2.828427
15.7657658,2.9787234,5.40127388535e-06,3
16.3963964,2.9787234,5.70700636943e-06,5.09902
17.027027,2.9787234,5.40127388535e-06,3
17.6576577,2.9787234,4.84076433121e-06,2.44949
18.2882883,2.9787234,5.14649681529e-06,1.414214
18.9189189,2.9787234,5.1974522293e-06,3
19.5495495,2.9787234,4.99363057325e-06,5.09902
20.1801802,2.9787234,4.7898089172e-06,3.162278
20.8108108,2.9787234,4.63694267516e-06,4
21.4414414,2.9787234,4.63694267516e-06,3
22.0720721,2.9787234,4.53503184713e-06,5.09902
22.7027027,2.9787234,4.3821656051e-06,2.44949
23.3333333,2.9787234,4.33121019108e-06,11.57584
23.963964,2.9787234,4.02547770701e-06,5.09902
24.5945946,2.9787234,3.87261146497e-06,7.681146
25.2252252,2.9787234,3.71974522293e-06,5.196152
25.8558559,2.9787234,3.2101910828e-06,11.22497
26.4864865,2.9787234,3.26114649682e-06,22.11334
27.1171171,2.9787234,3.2101910828e-06,3.741657
27.7477477,2.9787234,3.26114649682e-06,16.03122
28.3783784,2.9787234,3.2101910828e-06,16.8226
29.009009,2.9787234,3.2101910828e-06,13.92839
29.6396396,2.9787234,3.26114649682e-06,12.8841
30.2702703,2.9787234,3.05732484076e-06,7.071068
30.9009009,2.9787234,2.8025477707e-06,15.68439
31.5315315,2.9787234,3.05732484076e-06,13.60147
32.1621622,2.9787234,3.05732484076e-06,21.35416
32.7927928,2.9787234,3.2101910828e-06,11.18034
33.4234234,2.9787234,3.15923566879e-06,14.3527
34.0540541,2.9787234,2.8025477707e-06,10.81665
34.6846847,2.9787234,2.8025477707e-06,4.358899
35.3153153,2.9787234,2.75159235669e-06,2.236068
35.9459459,2.9787234,2.64968152866e-06,4.472136
36.5765766,2.9787234,2.64968152866e-06,4
37.2072072,2.9787234,2.59872611465e-06,12.8841
37.8378378,2.9787234,2.64968152866e-06,8.485281
38.4684685,2.9787234,2.95541401274e-06,9.848858
39.0990991,2.9787234,2.95541401274e-06,13.0767
39.7297297,2.9787234,2.95541401274e-06,16.40122
40.3603604,2.9787234,2.75159235669e-06,5.385165
40.990991,2.9787234,2.8025477707e-06,4.242641
41.6216216,2.9787234,2.54777070064e-06,9.110434
42.2522523,2.9787234,2.19108280255e-06,3.162278
42.8828829,2.9787234,2.14012738854e-06,7.28011
43.5135135,2.9787234,1.9872611465e-06,4.358899
44.1441441,2.9787234,1.68152866242e-06,7.071068
44.7747748,2.9787234,1.47770700637e-06,9.433981
45.4054054,2.9787234,5.09554140127e-08,5.09902
46.036036,2.9787234,0,4.123106
46.6666667,2.9787234,0,4.123106
47.2972973,2.9787234,1.01910828025e-07,9.949874
47.9279279,2.9787234,9.17197452229e-07,17.14643
48.5585586,2.9787234,1.27388535032e-06,3
49.1891892,2.9787234,1.47770700637e-06,5.91608
49.8198198,2.9787234,1.47770700637e-06,6.480741
50.4504505,2.9787234,1.78343949045e-06,2.44949
51.0810811,2.9787234,2.03821656051e-06,2
51.7117117,2.9787234,2.85350318471e-06,7.141428
52.3423423,2.9787234,4.02547770701e-06,5.09902
52.972973,2.9787234,3.41401273885e-06,3.316625
53.6036036,2.9787234,3.51592356688e-06,4.582576
54.2342342,2.9787234,2.85350318471e-06,2.44949
54.8648649,2.9787234,2.59872611465e-06,10.86278
55.4954955,2.9787234,2.14012738854e-06,0
56.1261261,2.9787234,1.83439490446e-06,9.055385
56.7567568,2.9787234,1.42675159236e-06,3.316625
57.3873874,2.9787234,0,4.582576
58.018018,2.9787234,0,1
58.6486486,2.9787234,0,1
59.2792793,2.9787234,0,1
59.9099099,2.9787234,0,1
60.5405405,2.9787234,0,1
61.1711712,2.9787234,0,1
61.8018018,2.9787234,0,1
62.4324324,2.9787234,0,1
63.0630631,2.9787234,0,1
63.6936937,2.9787234,0,1
64.3243243,2.9787234,0,1
64.954955,2.9787234,0,1
65.5855856,2.9787234,0,1
66.2162162,2.9787234,0,1
66.8468468,2.9787234,0,1
67.4774775,2.9787234,0,1
68.1081081,2.9787234,7.79617834395e-06,1.414214
68.7387387,2.9787234,7.89808917197e-06,0
69.3693694,2.9787234,7.89808917197e-06,0
70,2.9787234,7.89808917197e-06,0
0,2.55319149,0,3
0.630630631,2.55319149,0,2.44949
1.26126126,2.55319149,0,2.44949
1.89189189,2.55319149,0,1.414214
2.52252252,2.55319149,0,1.414214
3.15315315,2.55319149,0,4.123106
3.78378378,2.55319149,0,3
4.41441441,2.55319149,0,4.358899
5.04504505,2.55319149,0,7.81025
5.67567568,2.55319149,5.09554140127e-08,5
6.30630631,2.55319149,3.56687898089e-07,26.38181
6.93693694,2.55319149,,58.7367
7.56756757,2.55319149,2.8025477707e-06,29.41088
8.1981982,2.55319149,3.15923566879e-06,33.51119
8.82882883,2.55319149,4.07643312102e-06,20.63977
9.45945946,2.55319149,4.48407643312e-06,6.708204
10.0900901,2.55319149,4.63694267516e-06,3
10.7207207,2.55319149,4.7898089172e-06,2.236068
11.3513514,2.55319149,4.73885350318e-06,7.81025
11.981982,2.55319149,4.48407643312e-06,2.44949
12.6126126,2.55319149,4.43312101911e-06,3.741657
13.2432432,2.55319149,4.53503184713e-06,3.741657
13.8738739,2.55319149,4.43312101911e-06,2.44949
14.5045045,2.55319149,4.22929936306e-06,7.483315
15.1351351,2.55319149,4.17834394904e-06,5.830952
15.7657658,2.55319149,4.12738853503e-06,4.898979
16.3963964,2.55319149,3.6178343949e-06,11.48913
17.027027,2.55319149,3.2101910828e-06,26.03843
17.6576577,2.55319149,3.2101910828e-06,11.74734
18.2882883,2.55319149,3.2101910828e-06,12.08305
18.9189189,2.55319149,3.2101910828e-06,16.97056
19.5495495,2.55319149,3.05732484076e-06,5.385165
20.1801802,2.55319149,3.00636942675e-06,9.486833
20.8108108,2.55319149,3.00636942675e-06,21.18962
21.4414414,2.55319149,3.00636942675e-06,23.02173
22.0720721,2.55319149,2.8025477707e-06,7.681146
22.7027027,2.55319149,2.8025477707e-06,3
23.3333333,2.55319149,2.75159235669e-06,1.732051
23.963964,2.55319149,2.59872611465e-06,16.55295
24.5945946,2.55319149,2.59872611465e-06,10.04988
25.2252252,2.55319149,2.54777070064e-06,2
25.8558559,2.55319149,2.34394904459e-06,10.34408
26.4864865,2.55319149,2.44585987261e-06,7.874008
27.1171171,2.55319149,2.59872611465e-06,5.477226
27.7477477,2.55319149,2.59872611465e-06,5.91608
28.3783784,2.55319149,2.44585987261e-06,9.643651
29.009009,2.55319149,2.34394904459e-06,10.48809
29.6396396,2.55319149,2.44585987261e-06,5
30.2702703,2.55319149,2.34394904459e-06,9.539392
30.9009009,2.55319149,2.34394904459e-06,3.741657
31.5315315,2.55319149,2.44585987261e-06,4.690416
32.1621622,2.55319149,2.34394904459e-06,5.830952
32.7927928,2.55319149,2.34394904459e-06,7.874008
33.4234234,2.55319149,2.24203821656e-06,6.480741
34.0540541,2.55319149,2.24203821656e-06,4.582576
34.6846847,2.55319149,2.44585987261e-06,3
35.3153153,2.55319149,2.24203821656e-06,2.236068
35.9459459,2.55319149,2.08917197452e-06,1
36.5765766,2.55319149,2.19108280255e-06,1
37.2072072,2.55319149,2.03821656051e-06,3
37.8378378,2.55319149,2.03821656051e-06,5.91608
38.4684685,2.55319149,2.24203821656e-06,4.472136
39.0990991,2.55319149,2.08917197452e-06,8.774964
39.7297297,2.55319149,2.24203821656e-06,3.741657
40.3603604,2.55319149,2.24203821656e-06,9.219544
40.990991,2.55319149,2.24203821656e-06,7.81025
41.6216216,2.55319149,2.08917197452e-06,2.236068
42.2522523,2.55319149,2.14012738854e-06,8.062258
42.8828829,2.55319149,1.83439490446e-06,7
43.5135135,2.55319149,1.68152866242e-06,5.09902
44.1441441,2.55319149,1.47770700637e-06,10.81665
44.7747748,2.55319149,0,8.185353
45.4054054,2.55319149,0,1
46.036036,2.55319149,0,1
46.6666667,2.55319149,0,1
47.2972973,2.55319149,0,4.898979
47.9279279,2.55319149,0,1.414214
48.5585586,2.55319149,2.54777070064e-07,11.91638
49.1891892,2.55319149,1.47770700637e-06,3.741657
49.8198198,2.55319149,1.42675159236e-06,1.414214
50.4504505,2.55319149,1.63057324841e-06,4.123106
51.0810811,2.55319149,2.44585987261e-06,6.557439
51.7117117,2.55319149,3.2101910828e-06,20.14944
52.3423423,2.55319149,3.87261146497e-06,2
52.972973,2.55319149,3.41401273885e-06,7.483315
53.6036036,2.55319149,3.77070063694e-06,4.690416
54.2342342,2.55319149,3.26114649682e-06,12.72792
54.8648649,2.55319149,2.75159235669e-06,3.605551
55.4954955,2.55319149,2.08917197452e-06,9.055385
56.1261261,2.55319149,1.83439490446e-06,4.472136
56.7567568,2.55319149,1.42675159236e-06,2.828427
57.3873874,2.55319149,0,4.242641
58.018018,2.55319149,0,0
58.6486486,2.55319149,0,1
59.2792793,2.55319149,0,1
59.9099099,2.55319149,0,1
60.5405405,2.55319149,0,1
61.1711712,2.55319149,0,1
61.8018018,2.55319149,0,1
62.4324324,2.55319149,0,1
63.0630631,2.55319149,0,1
63.6936937,2.55319149,0,1
64.3243243,2.55319149,0,1
64.954955,2.55319149,0,1
65.5855856,2.55319149,0,1
66.2162162,2.55319149,0,1
66.8468468,2.55319149,0,1
67.4774775,2.55319149,0,1
68.1081081,2.55319149,7.79617834395e-06,1.414214
68.7387387,2.55319149,7.89808917197e-06,0
69.3693694,2.55319149,7.89808917197e-06,0
70,2.55319149,7.89808917197e-06,0
0,2.12765957,5.09554140127e-08,7.681146
0.630630631,2.12765957,5.09554140127e-08,11.22497
1.26126126,2.12765957,0,9
1.89189189,2.12765957,5.09554140127e-08,12.12436
2.52252252,2.12765957,,47.63402
3.15315315,2.12765957,,66.69333
3.78378378,2.12765957,,56.15158
4.41441441,2.12765957,5.29936305732e-06,21.65641
5.04504505,2.12765957,4.99363057325e-06,7.141428
5.67567568,2.12765957,,36.55133
6.30630631,2.12765957,,63.1981
6.93693694,2.12765957,,49.92995
7.56756757,2.12765957,3.00636942675e-06,25.86503
8.1981982,2.12765957,2.85350318471e-06,20.3224
8.82882883,2.12765957,2.64968152866e-06,23.28089
9.45945946,2.12765957,2.59872611465e-06,26.24881
10.0900901,2.12765957,2.59872611465e-06,23.85372
10.7207207,2.12765957,2.54777070064e-06,31.06445
11.3513514,2.12765957,2.14012738854e-06,19.13113
11.981982,2.12765957,2.03821656051e-06,9.433981
12.6126126,2.12765957,2.19108280255e-06,12.68858
13.2432432,2.12765957,2.19108280255e-06,13.96424
13.8738739,2.12765957,2.19108280255e-06,13.60147
14.5045045,2.12765957,2.19108280255e-06,13.15295
15.1351351,2.12765957,2.14012738854e-06,7
15.7657658,2.12765957,2.14012738854e-06,7.681146
16.3963964,2.12765957,2.14012738854e-06,3
17.027027,2.12765957,2.14012738854e-06,2
17.6576577,2.12765957,2.14012738854e-06,3.162278
18.2882883,2.12765957,2.03821656051e-06,6
18.9189189,2.12765957,2.03821656051e-06,7.874008
19.5495495,2.12765957,1.83439490446e-06,6.324555
20.1801802,2.12765957,1.73248407643e-06,4.582576
20.8108108,2.12765957,1.78343949045e-06,6.403124
21.4414414,2.12765957,1.63057324841e-06,5.385165
22.0720721,2.12765957,1.63057324841e-06,3
22.7027027,2.12765957,1.63057324841e-06,4.123106
23.3333333,2.12765957,1.68152866242e-06,3.162278
23.963964,2.12765957,1.78343949045e-06,2.828427
24.5945946,2.12765957,1.68152866242e-06,9.110434
25.2252252,2.12765957,1.63057324841e-06,7
25.8558559,2.12765957,1.63057324841e-06,5.09902
26.4864865,2.12765957,1.63057324841e-06,8.602325
27.1171171,2.12765957,1.83439490446e-06,7.28011
27.7477477,2.12765957,1.68152866242e-06,4.242641
28.3783784,2.12765957,1.73248407643e-06,7.615773
29.009009,2.12765957,1.63057324841e-06,8.306624
29.6396396,2.12765957,1.63057324841e-06,10.67708
30.2702703,2.12765957,1.63057324841e-06,6.164414
30.9009009,2.12765957,1.63057324841e-06,3.162278
31.5315315,2.12765957,1.78343949045e-06,6.164414
32.1621622,2.12765957,1.63057324841e-06,6
32.7927928,2.12765957,1.73248407643e-06,2.236068
33.4234234,2.12765957,1.78343949045e-06,3
34.0540541,2.12765957,1.68152866242e-06,2
34.6846847,2.12765957,1.78343949045e-06,7.348469
35.3153153,2.12765957,1.73248407643e-06,0
35.9459459,2.12765957,1.63057324841e-06,5.385165
36.5765766,2.12765957,1.63057324841e-06,5.09902
37.2072072,2.12765957,1.47770700637e-06,9
37.8378378,2.12765957,1.47770700637e-06,6.082763
38.4684685,2.12765957,1.63057324841e-06,7
39.0990991,2.12765957,1.63057324841e-06,9.273618
39.7297297,2.12765957,1.52866242038e-06,5.196152
40.3603604,2.12765957,7.13375796178e-07,17.08801
40.990991,2.12765957,1.47770700637e-06,9.69536
41.6216216,2.12765957,1.63057324841e-06,9.899495
42.2522523,2.12765957,1.63057324841e-06,9.949874
42.8828829,2.12765957,1.57961783439e-06,3.605551
43.5135135,2.12765957,1.37579617834e-06,1.414214
44.1441441,2.12765957,1.01910828025e-07,3.741657
44.7747748,2.12765957,0,3.605551
45.4054054,2.12765957,0,1
46.036036,2.12765957,0,1
46.6666667,2.12765957,0,1
47.2972973,2.12765957,0,0
47.9279279,2.12765957,0,1.414214
48.5585586,2.12765957,9.17197452229e-07,17.11724
49.1891892,2.12765957,1.63057324841e-06,5.477226
49.8198198,2.12765957,1.57961783439e-06,2.828427
50.4504505,2.12765957,1.63057324841e-06,4
51.0810811,2.12765957,2.64968152866e-06,11.7047
51.7117117,2.12765957,3.82165605096e-06,2.828427
52.3423423,2.12765957,3.82165605096e-06,7.141428
52.972973,2.12765957,3.10828025478e-06,6.403124
53.6036036,2.12765957,3.41401273885e-06,5
54.2342342,2.12765957,3.2101910828e-06,2
54.8648649,2.12765957,2.75159235669e-06,5.385165
55.4954955,2.12765957,2.44585987261e-06,5.91608
56.1261261,2.12765957,1.78343949045e-06,5.477226
56.7567568,2.12765957,1.57961783439e-06,3.316625
57.3873874,2.12765957,0,3
58.018018,2.12765957,0,2
58.6486486,2.12765957,0,1
59.2792793,2.12765957,0,1
59.9099099,2.12765957,0,1
60.5405405,2.12765957,0,1
61.1711712,2.12765957,0,1
61.8018018,2.12765957,0,1
62.4324324,2.12765957,0,1
63.0630631,2.12765957,0,1
63.6936937,2.12765957,0,1
64.3243243,2.12765957,0,1
64.954955,2.12765957,0,1
65.5855856,2.12765957,0,1
66.2162162,2.12765957,0,1
66.8468468,2.12765957,0,1
67.4774775,2.12765957,0,1
68.1081081,2.12765957,7.79617834395e-06,1.414214
68.7387387,2.12765957,7.89808917197e-06,0
69.3693694,2.12765957,7.89808917197e-06,0
70,2.12765957,7.89808917197e-06,0
0,1.70212766,1.52866242038e-07,30.56141
0.630630631,1.70212766,,40.06245
1.26126126,1.70212766,,39.57272
1.89189189,1.70212766,2.54777070064e-07,30.67572
2.52252252,1.70212766,2.54777070064e-07,14.07125
3.15315315,1.70212766,1.01910828025e-07,12.12436
3.78378378,1.70212766,5.09554140127e-08,6.78233
4.41441441,1.70212766,5.09554140127e-08,4.472136
5.04504505,1.70212766,0,4.123106
5.67567568,1.70212766,0,2.44949
6.30630631,1.70212766,0,2.828427
6.93693694,1.70212766,0,0
7.56756757,1.70212766,0,1.414214
8.1981982,1.70212766,0,1.732051
8.82882883,1.70212766,0,2.236068
9.45945946,1.70212766,0,1.414214
10.0900901,1.70212766,0,3.162278
10.7207207,1.70212766,0,2.236068
11.3513514,1.70212766,0,2
11.981982,1.70212766,0,1.732051
12.6126126,1.70212766,0,4.123106
13.2432432,1.70212766,0,3.741657
13.8738739,1.70212766,0,7.28011
14.5045045,1.70212766,0,5.09902
15.1351351,1.70212766,0,3.316625
15.7657658,1.70212766,0,10.63015
16.3963964,1.70212766,0,3.741657
17.027027,1.70212766,5.09554140127e-08,3
17.6576577,1.70212766,1.01910828025e-07,5.09902
18.2882883,1.70212766,6.11464968153e-07,12.80625
18.9189189,1.70212766,5.09554140127e-08,10.67708
19.5495495,1.70212766,0,3
20.1801802,1.70212766,0,2.44949
20.8108108,1.70212766,5.09554140127e-08,5.09902
21.4414414,1.70212766,0,2.236068
22.0720721,1.70212766,0,1
22.7027027,1.70212766,0,2.44949
23.3333333,1.70212766,0,6.164414
23.963964,1.70212766,0,7.28011
24.5945946,1.70212766,0,5.196152
25.2252252,1.70212766,0,3.741657
25.8558559,1.70212766,0,3.162278
26.4864865,1.70212766,0,3
27.1171171,1.70212766,3.56687898089e-07,9.055385
27.7477477,1.70212766,0,6.324555
28.3783784,1.70212766,0,4.898979
29.009009,1.70212766,0,3.605551
29.6396396,1.70212766,0,4.898979
30.2702703,1.70212766,0,2.44949
30.9009009,1.70212766,0,5.744563
31.5315315,1.70212766,0,5.385165
32.1621622,1.70212766,0,7.211103
32.7927928,1.70212766,5.09554140127e-08,8.062258
33.4234234,1.70212766,3.56687898089e-07,10.04988
34.0540541,1.70212766,7.64331210191e-07,12.4499
34.6846847,1.70212766,6.62420382166e-07,10.48809
35.3153153,1.70212766,5.09554140127e-08,7.549834
35.9459459,1.70212766,0,3.316625
36.5765766,1.70212766,0,2.44949
37.2072072,1.70212766,0,1.414214
37.8378378,1.70212766,0,3.316625
38.4684685,1.70212766,0,3.741657
39.0990991,1.70212766,0,7.348469
39.7297297,1.70212766,0,1
40.3603604,1.70212766,0,3.741657
40.990991,1.70212766,5.09554140127e-08,11.44552
41.6216216,1.70212766,9.17197452229e-07,10.81665
42.2522523,1.70212766,6.62420382166e-07,13.19091
42.8828829,1.70212766,1.47770700637e-06,10.44031
43.5135135,1.70212766,5.09554140127e-08,14.17745
44.1441441,1.70212766,0,1.414214
44.7747748,1.70212766,0,1
45.4054054,1.70212766,0,1
46.036036,1.70212766,0,1
46.6666667,1.70212766,0,1
47.2972973,1.70212766,0,1
47.9279279,1.70212766,0,3.316625
48.5585586,1.70212766,3.56687898089e-07,7.141428
49.1891892,1.70212766,1.63057324841e-06,2.236068
49.8198198,1.70212766,1.63057324841e-06,9.899495
50.4504505,1.70212766,1.68152866242e-06,3
51.0810811,1.70212766,2.49681528662e-06,8.306624
51.7117117,1.70212766,3.46496815287e-06,5.91608
52.3423423,1.70212766,3.87261146497e-06,3.605551
52.972973,1.70212766,3.2101910828e-06,12.84523
53.6036036,1.70212766,3.2101910828e-06,1
54.2342342,1.70212766,3.00636942675e-06,13.45362
54.8648649,1.70212766,2.75159235669e-06,3.316625
55.4954955,1.70212766,2.34394904459e-06,3.464102
56.1261261,1.70212766,1.68152866242e-06,2.236068
56.7567568,1.70212766,1.57961783439e-06,2.828427
57.3873874,1.70212766,5.09554140127e-08,9.219544
58.018018,1.70212766,0,1
58.6486486,1.70212766,0,1
59.2792793,1.70212766,0,1
59.9099099,1.70212766,0,1
60.5405405,1.70212766,0,1
61.1711712,1.70212766,0,1
61.8018018,1.70212766,0,1
62.4324324,1.70212766,0,1
63.0630631,1.70212766,0,1
63.6936937,1.70212766,0,1
64.3243243,1.70212766,0,1
64.954955,1.70212766,0,1
65.5855856,1.70212766,0,1
66.2162162,1.70212766,0,1
66.8468468,1.70212766,0,1
67.4774775,1.70212766,0,1
68.1081081,1.70212766,7.79617834395e-06,1.414214
68.7387387,1.70212766,7.89808917197e-06,0
69.3693694,1.70212766,7.89808917197e-06,0
70,1.70212766,7.89808917197e-06,0
0,1.27659574,0,3.162278
0.630630631,1.27659574,0,2.236068
1.26126126,1.27659574,0,3.316625
1.89189189,1.27659574,0,1.414214
2.52252252,1.27659574,0,5.09902
3.15315315,1.27659574,0,3.741657
3.78378378,1.27659574,0,3.464102
4.41441441,1.27659574,0,2.44949
5.04504505,1.27659574,0,3.741657
5.67567568,1.27659574,0,3
6.30630631,1.27659574,0,1.732051
6.93693694,1.27659574,0,1
7.56756757,1.27659574,0,1
8.1981982,1.27659574,0,1.414214
8.82882883,1.27659574,0,3
9.45945946,1.27659574,0,1.732051
10.0900901,1.27659574,0,1.414214
10.7207207,1.27659574,0,1.414214
11.3513514,1.27659574,0,1
11.981982,1.27659574,0,3.741657
12.6126126,1.27659574,0,1
13.2432432,1.27659574,0,2.44949
13.8738739,1.27659574,0,3.162278
14.5045045,1.27659574,0,5
15.1351351,1.27659574,0,1.414214
15.7657658,1.27659574,0,3
16.3963964,1.27659574,0,2.236068
17.027027,1.27659574,0,3.605551
17.6576577,1.27659574,0,3
18.2882883,1.27659574,0,2.236068
18.9189189,1.27659574,0,2.236068
19.5495495,1.27659574,0,2.44949
20.1801802,1.27659574,0,1.414214
20.8108108,1.27659574,0,3.162278
21.4414414,1.27659574,0,2
22.0720721,1.27659574,0,1
22.7027027,1.27659574,0,3
23.3333333,1.27659574,0,2.44949
23.963964,1.27659574,0,1
24.5945946,1.27659574,0,3
25.2252252,1.27659574,0,2.44949
25.8558559,1.27659574,0,1.414214
26.4864865,1.27659574,0,2.828427
27.1171171,1.27659574,0,1.732051
27.7477477,1.27659574,0,3.162278
28.3783784,1.27659574,0,2.44949
29.009009,1.27659574,0,1.414214
29.6396396,1.27659574,0,4
30.2702703,1.27659574,0,2.236068
30.9009009,1.27659574,0,1
31.5315315,1.27659574,0,2.236068
32.1621622,1.27659574,0,1.732051
32.7927928,1.27659574,0,1
33.4234234,1.27659574,0,1.732051
34.0540541,1.27659574,0,4.898979
34.6846847,1.27659574,0,1.414214
35.3153153,1.27659574,0,3
35.9459459,1.27659574,0,2
36.5765766,1.27659574,0,2.236068
37.2072072,1.27659574,0,0
37.8378378,1.27659574,0,3
38.4684685,1.27659574,0,3.741657
39.0990991,1.27659574,0,3.162278
39.7297297,1.27659574,0,0
40.3603604,1.27659574,0,1
40.990991,1.27659574,0,3
41.6216216,1.27659574,5.09554140127e-08,9.486833
42.2522523,1.27659574,0,2.236068
42.8828829,1.27659574,0,1
43.5135135,1.27659574,0,3.316625
44.1441441,1.27659574,0,3.162278
44.7747748,1.27659574,0,1
45.4054054,1.27659574,0,1
46.036036,1.27659574,0,1
46.6666667,1.27659574,0,1
47.2972973,1.27659574,0,1
47.9279279,1.27659574,0,0
48.5585586,1.27659574,5.09554140127e-08,7
49.1891892,1.27659574,8.66242038217e-07,9.848858
49.8198198,1.27659574,2.03821656051e-07,13
50.4504505,1.27659574,6.11464968153e-07,14.14214
51.0810811,1.27659574,2.19108280255e-06,5.91608
51.7117117,1.27659574,3.00636942675e-06,1.732051
52.3423423,1.27659574,3.00636942675e-06,2.44949
52.972973,1.27659574,2.64968152866e-06,3.741657
53.6036036,1.27659574,3.00636942675e-06,11
54.2342342,1.27659574,3.00636942675e-06,11.40175
54.8648649,1.27659574,2.64968152866e-06,8.306624
55.4954955,1.27659574,2.08917197452e-06,8.544004
56.1261261,1.27659574,1.37579617834e-06,2.236068
56.7567568,1.27659574,6.62420382166e-07,13.41641
57.3873874,1.27659574,0,5.744563
58.018018,1.27659574,0,3.316625
58.6486486,1.27659574,0,1
59.2792793,1.27659574,0,1
59.9099099,1.27659574,0,1
60.5405405,1.27659574,0,1
61.1711712,1.27659574,0,1
61.8018018,1.27659574,0,1
62.4324324,1.27659574,0,1
63.0630631,1.27659574,0,1
63.6936937,1.27659574,0,1
64.3243243,1.27659574,0,1
64.954955,1.27659574,0,1
65.5855856,1.27659574,0,1
66.2162162,1.27659574,0,1
66.8468468,1.27659574,0,1
67.4774775,1.27659574,0,1
68.1081081,1.27659574,7.79617834395e-06,1.414214
68.7387387,1.27659574,7.89808917197e-06,0
69.3693694,1.27659574,7.89808917197e-06,0
70,1.27659574,7.89808917197e-06,0
0,0.85106383,0,1
0.630630631,0.85106383,0,1
1.26126126,0.85106383,0,1
1.89189189,0.85106383,0,1
2.52252252,0.85106383,0,1
3.15315315,0.85106383,0,1
3.78378378,0.85106383,0,1
4.41441441,0.85106383,0,1
5.04504505,0.85106383,0,1
5.67567568,0.85106383,0,1
6.30630631,0.85106383,0,1
6.93693694,0.85106383,0,1
7.56756757,0.85106383,0,1
8.1981982,0.85106383,0,1
8.82882883,0.85106383,0,1
9.45945946,0.85106383,0,1
10.0900901,0.85106383,0,1
10.7207207,0.85106383,0,1
11.3513514,0.85106383,0,1
11.981982,0.85106383,0,1
12.6126126,0.85106383,0,1
13.2432432,0.85106383,0,1
13.8738739,0.85106383,0,1
14.5045045,0.85106383,0,1
15.1351351,0.85106383,0,1
15.7657658,0.85106383,0,1
16.3963964,0.85106383,0,1
17.027027,0.85106383,0,1
17.6576577,0.85106383,0,1
18.2882883,0.85106383,0,1
18.9189189,0.85106383,0,1
19.5495495,0.85106383,0,1
20.1801802,0.85106383,0,1
20.8108108,0.85106383,0,1
21.4414414,0.85106383,0,1
22.0720721,0.85106383,0,1
22.7027027,0.85106383,0,1
23.3333333,0.85106383,0,1
23.963964,0.85106383,0,1
24.5945946,0.85106383,0,1
25.2252252,0.85106383,0,1
25.8558559,0.85106383,0,1
26.4864865,0.85106383,0,1
27.1171171,0.85106383,0,1
27.7477477,0.85106383,0,1
28.3783784,0.85106383,0,1
29.009009,0.85106383,0,1
29.6396396,0.85106383,0,1
30.2702703,0.85106383,0,1
30.9009009,0.85106383,0,1
31.5315315,0.85106383,0,1
32.1621622,0.85106383,0,1
32.7927928,0.85106383,0,1
33.4234234,0.85106383,0,1
34.0540541,0.85106383,0,1
34.6846847,0.85106383,0,1
35.3153153,0.85106383,0,1
35.9459459,0.85106383,0,1
36.5765766,0.85106383,0,1
37.2072072,0.85106383,0,1
37.8378378,0.85106383,0,1
38.4684685,0.85106383,0,1
39.0990991,0.85106383,0,1
39.7297297,0.85106383,0,1
40.3603604,0.85106383,0,1
40.990991,0.85106383,0,1
41.6216216,0.85106383,0,1
42.2522523,0.85106383,0,1
42.8828829,0.85106383,0,1
43.5135135,0.85106383,0,1
44.1441441,0.85106383,0,1
44.7747748,0.85106383,0,1
45.4054054,0.85106383,0,1
46.036036,0.85106383,0,1
46.6666667,0.85106383,0,1
47.2972973,0.85106383,0,1
47.9279279,0.85106383,0,1
48.5585586,0.85106383,0,2.44949
49.1891892,0.85106383,0,8.062258
49.8198198,0.85106383,0,2.236068
50.4504505,0.85106383,0,4.582576
51.0810811,0.85106383,1.63057324841e-06,11.18034
51.7117117,0.85106383,2.24203821656e-06,4.898979
52.3423423,0.85106383,2.08917197452e-06,8.944272
52.972973,0.85106383,2.24203821656e-06,9.899495
53.6036036,0.85106383,2.75159235669e-06,2.236068
54.2342342,0.85106383,3.2101910828e-06,14.59452
54.8648649,0.85106383,3.15923566879e-06,10.81665
55.4954955,0.85106383,2.54777070064e-06,1.732051
56.1261261,0.85106383,1.68152866242e-06,8.246211
56.7567568,0.85106383,1.47770700637e-06,9.486833
57.3873874,0.85106383,1.52866242038e-07,6.164414
58.018018,0.85106383,0,1.414214
58.6486486,0.85106383,0,1
59.2792793,0.85106383,0,1
59.9099099,0.85106383,0,1
60.5405405,0.85106383,0,1
61.1711712,0.85106383,0,1
61.8018018,0.85106383,0,1
62.4324324,0.85106383,0,1
63.0630631,0.85106383,0,1
63.6936937,0.85106383,0,1
64.3243243,0.85106383,0,1
64.954955,0.85106383,0,1
65.5855856,0.85106383,0,1
66.2162162,0.85106383,0,1
66.8468468,0.85106383,0,1
67.4774775,0.85106383,0,1
68.1081081,0.85106383,7.79617834395e-06,1.414214
68.7387387,0.85106383,7.89808917197e-06,0
69.3693694,0.85106383,7.89808917197e-06,0
70,0.85106383,7.89808917197e-06,0
0,0.425531915,0,1
0.630630631,0.425531915,0,1
1.26126126,0.425531915,0,1
1.89189189,0.425531915,0,1
2.52252252,0.425531915,0,0
3.15315315,0.425531915,0,0
3.78378378,0.425531915,0,0
4.41441441,0.425531915,0,0
5.04504505,0.425531915,0,0
5.67567568,0.425531915,0,1
6.30630631,0.425531915,0,0
6.93693694,0.425531915,0,1
7.56756757,0.425531915,0,1
8.1981982,0.425531915,0,1
8.82882883,0.425531915,0,1
9.45945946,0.425531915,0,1
10.0900901,0.425531915,0,1
10.7207207,0.425531915,0,1
11.3513514,0.425531915,0,1
11.981982,0.425531915,0,1
12.6126126,0.425531915,0,1
13.2432432,0.425531915,0,1
13.8738739,0.425531915,0,1
14.5045045,0.425531915,0,0
15.1351351,0.425531915,0,1
15.7657658,0.425531915,0,1
16.3963964,0.425531915,0,1
17.027027,0.425531915,0,1
17.6576577,0.425531915,0,1
18.2882883,0.425531915,0,1
18.9189189,0.425531915,0,1
19.5495495,0.425531915,0,1
20.1801802,0.425531915,0,1
20.8108108,0.425531915,0,1
21.4414414,0.425531915,0,1
22.0720721,0.425531915,0,1
22.7027027,0.425531915,0,1
23.3333333,0.425531915,0,1
23.963964,0.425531915,0,0
24.5945946,0.425531915,0,1
25.2252252,0.425531915,0,1
25.8558559,0.425531915,0,0
26.4864865,0.425531915,0,0
27.1171171,0.425531915,0,0
27.7477477,0.425531915,0,1
28.3783784,0.425531915,0,1
29.009009,0.425531915,0,1.414214
29.6396396,0.425531915,0,1
30.2702703,0.425531915,0,1
30.9009009,0.425531915,0,1
31.5315315,0.425531915,0,1
32.1621622,0.425531915,0,1
32.7927928,0.425531915,0,1
33.4234234,0.425531915,0,1
34.0540541,0.425531915,0,1
34.6846847,0.425531915,0,1
35.3153153,0.425531915,0,1
35.9459459,0.425531915,0,1
36.5765766,0.425531915,0,1
37.2072072,0.425531915,0,1
37.8378378,0.425531915,0,1
38.4684685,0.425531915,0,1
39.0990991,0.425531915,0,2.44949
39.7297297,0.425531915,0,2.44949
40.3603604,0.425531915,0,2.44949
40.990991,0.425531915,0,2.44949
41.6216216,0.425531915,0,2.44949
42.2522523,0.425531915,0,2.44949
42.8828829,0.425531915,0,2.44949
43.5135135,0.425531915,0,2.44949
44.1441441,0.425531915,0,2.44949
44.7747748,0.425531915,0,2.44949
45.4054054,0.425531915,0,2.44949
46.036036,0.425531915,0,2.44949
46.6666667,0.425531915,0,1
47.2972973,0.425531915,0,2.44949
47.9279279,0.425531915,0,2.44949
48.5585586,0.425531915,0,2.44949
49.1891892,0.425531915,0,2.44949
49.8198198,0.425531915,0,1
50.4504505,0.425531915,0,1
51.0810811,0.425531915,1.57961783439e-06,4.690416
51.7117117,0.425531915,1.73248407643e-06,6.164414
52.3423423,0.425531915,1.78343949045e-06,5.09902
52.972973,0.425531915,2.14012738854e-06,3.316625
53.6036036,0.425531915,2.44585987261e-06,4.582576
54.2342342,0.425531915,2.59872611465e-06,8.062258
54.8648649,0.425531915,2.95541401274e-06,13.45362
55.4954955,0.425531915,2.54777070064e-06,1.414214
56.1261261,0.425531915,1.9872611465e-06,4.582576
56.7567568,0.425531915,1.42675159236e-06,2.44949
57.3873874,0.425531915,0,5.385165
58.018018,0.425531915,0,1
58.6486486,0.425531915,0,1
59.2792793,0.425531915,0,1
59.9099099,0.425531915,0,1
60.5405405,0.425531915,0,1
61.1711712,0.425531915,0,1
61.8018018,0.425531915,0,1
62.4324324,0.425531915,0,1
63.0630631,0.425531915,0,1
63.6936937,0.425531915,0,1
64.3243243,0.425531915,0,1
64.954955,0.425531915,0,1
65.5855856,0.425531915,0,1
66.2162162,0.425531915,0,1
66.8468468,0.425531915,0,1
67.4774775,0.425531915,0,1
68.1081081,0.425531915,7.79617834395e-06,1.414214
68.7387387,0.425531915,7.89808917197e-06,0
69.3693694,0.425531915,7.89808917197e-06,0
70,0.425531915,7.89808917197e-06,0
0,0,,143.0315
0.630630631,0,,143.0315
1.26126126,0,,143.0315
1.89189189,0,,143.0315
2.52252252,0,,143.0315
3.15315315,0,,143.0315
3.78378378,0,,143.0315
4.41441441,0,,143.0315
5.04504505,0,,143.0315
5.67567568,0,,143.0315
6.30630631,0,,143.0315
6.93693694,0,,143.0315
7.56756757,0,,143.0315
8.1981982,0,,143.0315
8.82882883,0,,143.0315
9.45945946,0,,143.0315
10.0900901,0,,143.0315
10.7207207,0,,143.0315
11.3513514,0,,143.0315
11.981982,0,,143.0315
12.6126126,0,,143.0315
13.2432432,0,,143.0315
13.8738739,0,,143.0315
14.5045045,0,,143.0315
15.1351351,0,,143.0315
15.7657658,0,,143.0315
16.3963964,0,,143.0315
17.027027,0,,143.0315
17.6576577,0,,143.0315
18.2882883,0,,143.0315
18.9189189,0,,143.0315
19.5495495,0,,143.0315
20.1801802,0,,143.0315
20.8108108,0,,143.0315
21.4414414,0,,143.0315
22.0720721,0,,143.0315
22.7027027,0,,143.0315
23.3333333,0,,143.0315
23.963964,0,,143.0315
24.5945946,0,,143.0315
25.2252252,0,,143.0315
25.8558559,0,,143.0315
26.4864865,0,,143.0315
27.1171171,0,,143.0315
27.7477477,0,,143.0315
28.3783784,0,,143.0315
29.009009,0,,143.0315
29.6396396,0,,143.0315
30.2702703,0,,143.0315
30.9009009,0,,143.0315
31.5315315,0,,143.0315
32.1621622,0,,143.0315
32.7927928,0,,143.0315
33.4234234,0,,143.0315
34.0540541,0,,143.0315
34.6846847,0,,143.0315
35.3153153,0,,143.0315
35.9459459,0,,143.0315
36.5765766,0,,143.0315
37.2072072,0,,143.0315
37.8378378,0,,143.0315
38.4684685,0,,143.0315
39.0990991,0,,143.0315
39.7297297,0,,143.0315
40.3603604,0,,143.0315
40.990991,0,,143.0315
41.6216216,0,,143.0315
42.2522523,0,,143.0315
42.8828829,0,,143.0315
43.5135135,0,,143.0315
44.1441441,0,,143.0315
44.7747748,0,,143.0315
45.4054054,0,,143.0315
46.036036,0,,143.0315
46.6666667,0,,143.0315
47.2972973,0,,143.0315
47.9279279,0,,143.0315
48.5585586,0,,143.0315
49.1891892,0,,143.0315
49.8198198,0,,143.0315
50.4504505,0,,143.0315
51.0810811,0,,143.0315
51.7117117,0,,143.0315
52.3423423,0,,143.0315
52.972973,0,,143.0315
53.6036036,0,,143.0315
54.2342342,0,,143.0315
54.8648649,0,,143.0315
55.4954955,0,,143.0315
56.1261261,0,,143.0315
56.7567568,0,,143.0315
57.3873874,0,,143.0315
58.018018,0,,143.0315
58.6486486,0,,143.0315
59.2792793,0,,143.0315
59.9099099,0,,143.0315
60.5405405,0,,143.0315
61.1711712,0,,143.0315
61.8018018,0,,143.0315
62.4324324,0,,143.0315
63.0630631,0,,143.0315
63.6936937,0,,143.0315
64.3243243,0,,143.0315
64.954955,0,,143.0315
65.5855856,0,,143.0315
66.2162162,0,,143.0315
66.8468468,0,,143.0315
67.4774775,0,,143.0315
68.1081081,0,7.79617834395e-06,27.18455
68.7387387,0,7.89808917197e-06,0
69.3693694,0,7.89808917197e-06,0
70,0,7.89808917197e-06,0
