x,y,value,rgb_distance
0,0,,116.3228
0.630630631,0,,105.0476
1.26126126,0,,85.33464
1.89189189,0,,83.36066
2.52252252,0,,76.49183
3.15315315,0,,71.90271
3.78378378,0,,69.14478
4.41441441,0,,66.58829
5.04504505,0,,55.31727
5.67567568,0,,57.00877
6.30630631,0,,62.08059
6.93693694,0,,55.44367
7.56756757,0,,52.01923
8.1981982,0,,52.64029
8.82882883,0,,57.52391
9.45945946,0,,52.00961
10.0900901,0,,45.12206
10.7207207,0,,42.90688
11.3513514,0,,45.65085
11.981982,0,,42.2019
12.6126126,0,,39.11521
13.2432432,0,,44.14748
13.8738739,0,,40.2368
14.5045045,0,,38.32754
15.1351351,0,,37.62978
15.7657658,0,,38.37968
16.3963964,0,,37.48333
17.027027,0,1.07006369427e-06,34.71311
17.6576577,0,,35.14257
18.2882883,0,1.07006369427e-06,34.0294
18.9189189,0,,35.86084
19.5495495,0,8.66242038217e-07,32.09361
20.1801802,0,8.66242038217e-07,30.82207
20.8108108,0,8.66242038217e-07,23.21637
21.4414414,0,8.66242038217e-07,23.36664
22.0720721,0,8.66242038217e-07,20.63977
22.7027027,0,8.66242038217e-07,27.5318
23.3333333,0,8.66242038217e-07,23.68544
23.963964,0,,42.35564
24.5945946,0,1.07006369427e-06,29.03446
25.2252252,0,1.07006369427e-06,34.0147
25.8558559,0,8.15286624204e-07,14.96663
26.4864865,0,7.13375796178e-07,15.6205
27.1171171,0,7.13375796178e-07,19.23538
27.7477477,0,7.13375796178e-07,19.20937
28.3783784,0,,41.06093
29.009009,0,,41.78516
29.6396396,0,,46.76537
30.2702703,0,6.62420382166e-07,33.77869
30.9009009,0,,64.14047
31.5315315,0,,57.87055
32.1621622,0,,69.66348
32.7927928,0,,70.74602
33.4234234,0,,77.02597
34.0540541,0,,76.01316
34.6846847,0,,90.93954
35.3153153,0,,58.77074
35.9459459,0,,72.62231
36.5765766,0,,68.62944
37.2072072,0,,66.17401
37.8378378,0,,38.27532
38.4684685,0,,35.28456
39.0990991,0,7.79617834395e-06,32.66497
39.7297297,0,7.79617834395e-06,32.66497
40.3603604,0,7.79617834395e-06,32.69557
40.990991,0,7.79617834395e-06,31.44837
41.6216216,0,7.79617834395e-06,25.96151
42.2522523,0,7.79617834395e-06,23.72762
42.8828829,0,7.79617834395e-06,21.56386
43.5135135,0,7.79617834395e-06,21.47091
44.1441441,0,7.79617834395e-06,23.68544
44.7747748,0,7.79617834395e-06,21.47091
45.4054054,0,7.79617834395e-06,20.92845
46.036036,0,7.79617834395e-06,19.0263
46.6666667,0,7.84713375796e-06,11.18034
47.2972973,0,7.84713375796e-06,13.0384
47.9279279,0,7.84713375796e-06,11.09054
48.5585586,0,7.84713375796e-06,12.20656
49.1891892,0,,69.05795
49.8198198,0,,35.14257
50.4504505,0,,71.79136
51.0810811,0,,44.48595
51.7117117,0,3.36305732484e-06,27.22132
52.3423423,0,3.26114649682e-06,31.96873
52.972973,0,3.2101910828e-06,27.58623
53.6036036,0,3.15923566879e-06,33.98529
54.2342342,0,,37.33631
54.8648649,0,3.2101910828e-06,29.49576
55.4954955,0,,69.74955
56.1261261,0,,81.30806
56.7567568,0,,80.03124
57.3873874,0,7.13375796178e-07,14.14214
58.018018,0,1.01910828025e-07,21.61018
58.6486486,0,2.54777070064e-07,29.47881
59.2792793,0,0,22
59.9099099,0,0,9.69536
60.5405405,0,5.09554140127e-08,7.81025
61.1711712,0,0,8.3666
61.8018018,0,0,4.123106
62.4324324,0,0,7
63.0630631,0,0,1.414214
63.6936937,0,0,1.414214
64.3243243,0,0,1.414214
64.954955,0,0,1.414214
65.5855856,0,0,1.414214
66.2162162,0,0,1.414214
66.8468468,0,0,1.414214
67.4774775,0,0,1.414214
68.1081081,0,7.79617834395e-06,1.414214
68.7387387,0,7.89808917197e-06,0
69.3693694,0,7.89808917197e-06,0
70,0,7.89808917197e-06,0
0,-0.425531915,,125.6583
0.630630631,-0.425531915,,109.6358
1.26126126,-0.425531915,,100.4241
1.89189189,-0.425531915,,97.06699
2.52252252,-0.425531915,,79.62412
3.15315315,-0.425531915,,81.02469
3.78378378,-0.425531915,,77.94229
4.41441441,-0.425531915,,71.72866
5.04504505,-0.425531915,,71.3162
5.67567568,-0.425531915,,68.91299
6.30630631,-0.425531915,,70.66824
6.93693694,-0.425531915,,63.25346
7.56756757,-0.425531915,,57.28874
8.1981982,-0.425531915,,57.45433
8.82882883,-0.425531915,,60.34899
9.45945946,-0.425531915,,56.85948
10.0900901,-0.425531915,,51.14685
10.7207207,-0.425531915,,38.69108
11.3513514,-0.425531915,,40.62019
11.981982,-0.425531915,,40.42277
12.6126126,-0.425531915,1.07006369427e-06,33.66007
13.2432432,-0.425531915,,37.02702
13.8738739,-0.425531915,8.66242038217e-07,34.79943
14.5045045,-0.425531915,,38.49675
15.1351351,-0.425531915,1.07006369427e-06,34.79943
15.7657658,-0.425531915,1.07006369427e-06,31.46427
16.3963964,-0.425531915,,35.01428
17.027027,-0.425531915,,41.44876
17.6576577,-0.425531915,8.66242038217e-07,24.04163
18.2882883,-0.425531915,1.07006369427e-06,29.18904
18.9189189,-0.425531915,8.66242038217e-07,26.94439
19.5495495,-0.425531915,8.66242038217e-07,15.16575
20.1801802,-0.425531915,8.66242038217e-07,20.63977
20.8108108,-0.425531915,8.66242038217e-07,15
21.4414414,-0.425531915,8.66242038217e-07,16.09348
22.0720721,-0.425531915,8.66242038217e-07,6.082763
22.7027027,-0.425531915,,36.30427
23.3333333,-0.425531915,8.66242038217e-07,18.81489
23.963964,-0.425531915,8.66242038217e-07,26.70206
24.5945946,-0.425531915,8.66242038217e-07,14.89966
25.2252252,-0.425531915,8.66242038217e-07,11.44552
25.8558559,-0.425531915,8.15286624204e-07,13.19091
26.4864865,-0.425531915,7.13375796178e-07,13.0384
27.1171171,-0.425531915,7.13375796178e-07,34.65545
27.7477477,-0.425531915,,37.88139
28.3783784,-0.425531915,7.13375796178e-07,31.46427
29.009009,-0.425531915,,40.22437
29.6396396,-0.425531915,,58.83876
30.2702703,-0.425531915,,56.12486
30.9009009,-0.425531915,,70.56203
31.5315315,-0.425531915,,71.95137
32.1621622,-0.425531915,,72.62231
32.7927928,-0.425531915,,76.66812
33.4234234,-0.425531915,,80.62258
34.0540541,-0.425531915,,77.80745
34.6846847,-0.425531915,,84.89994
35.3153153,-0.425531915,,76.1446
35.9459459,-0.425531915,,62.3859
36.5765766,-0.425531915,,47.16991
37.2072072,-0.425531915,,52.13444
37.8378378,-0.425531915,,43.84062
38.4684685,-0.425531915,,40.03748
39.0990991,-0.425531915,7.79617834395e-06,31.84337
39.7297297,-0.425531915,7.79617834395e-06,32.03123
40.3603604,-0.425531915,7.79617834395e-06,32.28002
40.990991,-0.425531915,7.79617834395e-06,29.39388
41.6216216,-0.425531915,7.79617834395e-06,23.72762
42.2522523,-0.425531915,7.79617834395e-06,22.04541
42.8828829,-0.425531915,7.79617834395e-06,24.87971
43.5135135,-0.425531915,7.79617834395e-06,22.22611
44.1441441,-0.425531915,7.79617834395e-06,22.69361
44.7747748,-0.425531915,7.79617834395e-06,22.56103
45.4054054,-0.425531915,7.79617834395e-06,22.51666
46.036036,-0.425531915,7.79617834395e-06,19.84943
46.6666667,-0.425531915,7.84713375796e-06,13.19091
47.2972973,-0.425531915,7.84713375796e-06,14.17745
47.9279279,-0.425531915,7.84713375796e-06,16.03122
48.5585586,-0.425531915,7.84713375796e-06,10.24695
49.1891892,-0.425531915,,78.00641
49.8198198,-0.425531915,,52.09607
50.4504505,-0.425531915,,51
51.0810811,-0.425531915,3.97452229299e-06,11.7047
51.7117117,-0.425531915,3.46496815287e-06,20.34699
52.3423423,-0.425531915,3.36305732484e-06,17.23369
52.972973,-0.425531915,3.77070063694e-06,18.57418
53.6036036,-0.425531915,3.97452229299e-06,18.3303
54.2342342,-0.425531915,3.2101910828e-06,33.82307
54.8648649,-0.425531915,,37.58989
55.4954955,-0.425531915,,53.22593
56.1261261,-0.425531915,,69.61322
56.7567568,-0.425531915,,73.76313
57.3873874,-0.425531915,,72.02083
58.018018,-0.425531915,,39.67367
58.6486486,-0.425531915,7.13375796178e-07,19.72308
59.2792793,-0.425531915,5.09554140127e-07,23.4094
59.9099099,-0.425531915,0,8.774964
60.5405405,-0.425531915,0,3.316625
61.1711712,-0.425531915,0,2.44949
61.8018018,-0.425531915,0,2.236068
62.4324324,-0.425531915,0,2
63.0630631,-0.425531915,0,2.44949
63.6936937,-0.425531915,0,1
64.3243243,-0.425531915,0,1
64.954955,-0.425531915,0,1
65.5855856,-0.425531915,0,1
66.2162162,-0.425531915,0,1
66.8468468,-0.425531915,0,1
67.4774775,-0.425531915,0,1
68.1081081,-0.425531915,7.79617834395e-06,2.236068
68.7387387,-0.425531915,7.89808917197e-06,0
69.3693694,-0.425531915,7.89808917197e-06,0
70,-0.425531915,7.89808917197e-06,0
0,-0.85106383,,136.8539
0.630630631,-0.85106383,,131.8825
1.26126126,-0.85106383,,107.5081
1.89189189,-0.85106383,,105.2378
2.52252252,-0.85106383,,96.44688
3.15315315,-0.85106383,,94.06912
3.78378378,-0.85106383,,82.29216
4.41441441,-0.85106383,,79.30952
5.04504505,-0.85106383,,72.40856
5.67567568,-0.85106383,,59.04236
6.30630631,-0.85106383,,51.07837
6.93693694,-0.85106383,,38.02631
7.56756757,-0.85106383,,38.84585
8.1981982,-0.85106383,1.07006369427e-06,28.6531
8.82882883,-0.85106383,8.66242038217e-07,25.19921
9.45945946,-0.85106383,1.07006369427e-06,28.86174
10.0900901,-0.85106383,8.66242038217e-07,13.60147
10.7207207,-0.85106383,8.66242038217e-07,6.78233
11.3513514,-0.85106383,8.66242038217e-07,9.433981
11.981982,-0.85106383,8.66242038217e-07,13
12.6126126,-0.85106383,8.66242038217e-07,20.07486
13.2432432,-0.85106383,8.15286624204e-07,13.60147
13.8738739,-0.85106383,7.13375796178e-07,19.51922
14.5045045,-0.85106383,8.66242038217e-07,11.31371
15.1351351,-0.85106383,8.66242038217e-07,12.80625
15.7657658,-0.85106383,8.66242038217e-07,12.72792
16.3963964,-0.85106383,8.66242038217e-07,16.58312
17.027027,-0.85106383,8.66242038217e-07,10.81665
17.6576577,-0.85106383,8.66242038217e-07,7.874008
18.2882883,-0.85106383,7.13375796178e-07,17.49286
18.9189189,-0.85106383,8.15286624204e-07,12.24745
19.5495495,-0.85106383,8.15286624204e-07,16.15549
20.1801802,-0.85106383,7.13375796178e-07,20.73644
20.8108108,-0.85106383,7.13375796178e-07,19.33908
21.4414414,-0.85106383,8.15286624204e-07,14.89966
22.0720721,-0.85106383,7.13375796178e-07,24.22808
22.7027027,-0.85106383,7.13375796178e-07,19.44222
23.3333333,-0.85106383,7.13375796178e-07,24.53569
23.963964,-0.85106383,7.13375796178e-07,24.10394
24.5945946,-0.85106383,,40.75537
25.2252252,-0.85106383,7.13375796178e-07,29.88311
25.8558559,-0.85106383,6.62420382166e-07,33.48134
26.4864865,-0.85106383,,51.23475
27.1171171,-0.85106383,,46.04346
27.7477477,-0.85106383,,63.07139
28.3783784,-0.85106383,,54.3875
29.009009,-0.85106383,,71.56116
29.6396396,-0.85106383,,67.14909
30.2702703,-0.85106383,,74.53187
30.9009009,-0.85106383,,86.41759
31.5315315,-0.85106383,,73.60706
32.1621622,-0.85106383,,80.60397
32.7927928,-0.85106383,,85.11169
33.4234234,-0.85106383,,76.74634
34.0540541,-0.85106383,,62.16108
34.6846847,-0.85106383,,52.39275
35.3153153,-0.85106383,,46.05432
35.9459459,-0.85106383,,42.30839
36.5765766,-0.85106383,,38.07887
37.2072072,-0.85106383,,38.67816
37.8378378,-0.85106383,7.79617834395e-06,30.51229
38.4684685,-0.85106383,7.79617834395e-06,31.06445
39.0990991,-0.85106383,7.79617834395e-06,30.21589
39.7297297,-0.85106383,7.79617834395e-06,31.14482
40.3603604,-0.85106383,7.79617834395e-06,28.4605
40.990991,-0.85106383,7.79617834395e-06,23.72762
41.6216216,-0.85106383,7.79617834395e-06,23.72762
42.2522523,-0.85106383,7.79617834395e-06,25.47548
42.8828829,-0.85106383,7.79617834395e-06,22.56103
43.5135135,-0.85106383,7.79617834395e-06,20.51828
44.1441441,-0.85106383,7.79617834395e-06,21.42429
44.7747748,-0.85106383,7.79617834395e-06,19.64688
45.4054054,-0.85106383,7.79617834395e-06,23.68544
46.036036,-0.85106383,7.79617834395e-06,20.34699
46.6666667,-0.85106383,7.84713375796e-06,14.03567
47.2972973,-0.85106383,7.84713375796e-06,15
47.9279279,-0.85106383,7.84713375796e-06,15
48.5585586,-0.85106383,7.84713375796e-06,10.48809
49.1891892,-0.85106383,,86.07555
49.8198198,-0.85106383,,70.02857
50.4504505,-0.85106383,,59.48109
51.0810811,-0.85106383,3.2101910828e-06,33.24154
51.7117117,-0.85106383,3.36305732484e-06,24.53569
52.3423423,-0.85106383,3.36305732484e-06,27.03701
52.972973,-0.85106383,3.97452229299e-06,20.39608
53.6036036,-0.85106383,4.7898089172e-06,15.0333
54.2342342,-0.85106383,4.17834394904e-06,9.219544
54.8648649,-0.85106383,3.56687898089e-06,12.08305
55.4954955,-0.85106383,3.2101910828e-06,25.39685
56.1261261,-0.85106383,,55.9017
56.7567568,-0.85106383,,73.7428
57.3873874,-0.85106383,,71.12665
58.018018,-0.85106383,,40.49691
58.6486486,-0.85106383,7.13375796178e-07,30.23243
59.2792793,-0.85106383,6.62420382166e-07,7.483315
59.9099099,-0.85106383,0,8.246211
60.5405405,-0.85106383,0,2.44949
61.1711712,-0.85106383,0,1
61.8018018,-0.85106383,0,1
62.4324324,-0.85106383,0,1
63.0630631,-0.85106383,0,1
63.6936937,-0.85106383,0,1
64.3243243,-0.85106383,0,1
64.954955,-0.85106383,0,1
65.5855856,-0.85106383,0,1
66.2162162,-0.85106383,0,1
66.8468468,-0.85106383,0,1
67.4774775,-0.85106383,0,1
68.1081081,-0.85106383,7.79617834395e-06,2.236068
68.7387387,-0.85106383,7.89808917197e-06,0
69.3693694,-0.85106383,7.89808917197e-06,0
70,-0.85106383,7.89808917197e-06,0
0,-1.27659574,,125.06
0.630630631,-1.27659574,,119.9375
1.26126126,-1.27659574,,87.25251
1.89189189,-1.27659574,,67.24582
2.52252252,-1.27659574,,47.24405
3.15315315,-1.27659574,8.66242038217e-07,28.79236
3.78378378,-1.27659574,8.66242038217e-07,16.40122
4.41441441,-1.27659574,7.13375796178e-07,3.605551
5.04504505,-1.27659574,6.62420382166e-07,31.55947
5.67567568,-1.27659574,,38.41875
6.30630631,-1.27659574,,53.76802
6.93693694,-1.27659574,,54.16641
7.56756757,-1.27659574,,73.82412
8.1981982,-1.27659574,,75.80897
8.82882883,-1.27659574,,84.33267
9.45945946,-1.27659574,,79.46068
10.0900901,-1.27659574,,78.47293
10.7207207,-1.27659574,,78.95568
11.3513514,-1.27659574,,80.86408
11.981982,-1.27659574,,75.95393
12.6126126,-1.27659574,,83.86895
13.2432432,-1.27659574,,86.68333
13.8738739,-1.27659574,,69.92853
14.5045045,-1.27659574,,51.08816
15.1351351,-1.27659574,,74.79305
15.7657658,-1.27659574,,71.44928
16.3963964,-1.27659574,,61.74949
17.027027,-1.27659574,,73.57989
17.6576577,-1.27659574,,65.12296
18.2882883,-1.27659574,,75.31268
18.9189189,-1.27659574,,71.7844
19.5495495,-1.27659574,,68.70953
20.1801802,-1.27659574,,80.5295
20.8108108,-1.27659574,,59.24525
21.4414414,-1.27659574,,44.06813
22.0720721,-1.27659574,,44.76606
22.7027027,-1.27659574,,79.15807
23.3333333,-1.27659574,,75.02666
23.963964,-1.27659574,,81.14801
24.5945946,-1.27659574,,83.29466
25.2252252,-1.27659574,,62.20129
25.8558559,-1.27659574,,77.31753
26.4864865,-1.27659574,,67.79381
27.1171171,-1.27659574,,86.73523
27.7477477,-1.27659574,,79.9875
28.3783784,-1.27659574,,52.8583
29.009009,-1.27659574,,47.58151
29.6396396,-1.27659574,,57.80138
30.2702703,-1.27659574,,58.5235
30.9009009,-1.27659574,,54.69918
31.5315315,-1.27659574,,39.6106
32.1621622,-1.27659574,,46.57252
32.7927928,-1.27659574,,37.10795
33.4234234,-1.27659574,,40.50926
34.0540541,-1.27659574,,37.70942
34.6846847,-1.27659574,7.79617834395e-06,23.08679
35.3153153,-1.27659574,7.79617834395e-06,29.63106
35.9459459,-1.27659574,7.79617834395e-06,23.89561
36.5765766,-1.27659574,7.79617834395e-06,22.51666
37.2072072,-1.27659574,7.79617834395e-06,30.23243
37.8378378,-1.27659574,7.79617834395e-06,20.97618
38.4684685,-1.27659574,7.79617834395e-06,21.9545
39.0990991,-1.27659574,7.79617834395e-06,21.61018
39.7297297,-1.27659574,7.79617834395e-06,21.37756
40.3603604,-1.27659574,7.79617834395e-06,23.85372
40.990991,-1.27659574,7.79617834395e-06,19.74842
41.6216216,-1.27659574,7.79617834395e-06,24.28992
42.2522523,-1.27659574,7.79617834395e-06,17.08801
42.8828829,-1.27659574,7.84713375796e-06,16
43.5135135,-1.27659574,7.84713375796e-06,10
44.1441441,-1.27659574,7.89808917197e-06,15
44.7747748,-1.27659574,7.89808917197e-06,16
45.4054054,-1.27659574,7.79617834395e-06,19.0263
46.036036,-1.27659574,7.84713375796e-06,13.0384
46.6666667,-1.27659574,7.84713375796e-06,15
47.2972973,-1.27659574,7.84713375796e-06,13.0384
47.9279279,-1.27659574,7.84713375796e-06,13.15295
48.5585586,-1.27659574,7.84713375796e-06,16
49.1891892,-1.27659574,,79.12648
49.8198198,-1.27659574,,78.72103
50.4504505,-1.27659574,,35.81899
51.0810811,-1.27659574,3.36305732484e-06,28.17801
51.7117117,-1.27659574,3.36305732484e-06,27.89265
52.3423423,-1.27659574,,41.04875
52.972973,-1.27659574,,38.67816
53.6036036,-1.27659574,3.46496815287e-06,16.61325
54.2342342,-1.27659574,3.97452229299e-06,13.92839
54.8648649,-1.27659574,3.2101910828e-06,33.52611
55.4954955,-1.27659574,,53.16014
56.1261261,-1.27659574,,59.69925
56.7567568,-1.27659574,,84
57.3873874,-1.27659574,,70.88723
58.018018,-1.27659574,7.13375796178e-07,30.01666
58.6486486,-1.27659574,3.05732484076e-07,1.414214
59.2792793,-1.27659574,0,14.28286
59.9099099,-1.27659574,0,9.69536
60.5405405,-1.27659574,0,4.582576
61.1711712,-1.27659574,0,1
61.8018018,-1.27659574,0,1
62.4324324,-1.27659574,0,1
63.0630631,-1.27659574,0,1
63.6936937,-1.27659574,0,1
64.3243243,-1.27659574,0,1
64.954955,-1.27659574,0,1
65.5855856,-1.27659574,0,1
66.2162162,-1.27659574,0,1
66.8468468,-1.27659574,0,1
67.4774775,-1.27659574,0,1
68.1081081,-1.27659574,7.79617834395e-06,2.236068
68.7387387,-1.27659574,7.89808917197e-06,0
69.3693694,-1.27659574,7.89808917197e-06,0
70,-1.27659574,7.89808917197e-06,0
0,-1.70212766,8.66242038217e-07,29.74895
0.630630631,-1.70212766,8.15286624204e-07,10.81665
1.26126126,-1.70212766,,55.19058
1.89189189,-1.70212766,,79.5613
2.52252252,-1.70212766,,77.72387
3.15315315,-1.70212766,,83.95832
3.78378378,-1.70212766,,72.40856
4.41441441,-1.70212766,,50.31898
5.04504505,-1.70212766,,45.09989
5.67567568,-1.70212766,7.79617834395e-06,32.15587
6.30630631,-1.70212766,,67.74954
6.93693694,-1.70212766,,66.4003
7.56756757,-1.70212766,,66.7982
8.1981982,-1.70212766,,65.80274
8.82882883,-1.70212766,,69
9.45945946,-1.70212766,,72.83543
10.0900901,-1.70212766,,71.40728
10.7207207,-1.70212766,,72.03471
11.3513514,-1.70212766,,72.04165
11.981982,-1.70212766,,55.25396
12.6126126,-1.70212766,,37.33631
13.2432432,-1.70212766,,39.33192
13.8738739,-1.70212766,7.79617834395e-06,30.67572
14.5045045,-1.70212766,,46.67976
15.1351351,-1.70212766,,46.66905
15.7657658,-1.70212766,,40.37326
16.3963964,-1.70212766,,38.74274
17.027027,-1.70212766,7.79617834395e-06,11.74734
17.6576577,-1.70212766,7.79617834395e-06,12.8841
18.2882883,-1.70212766,7.79617834395e-06,28.4605
18.9189189,-1.70212766,7.79617834395e-06,25.35744
19.5495495,-1.70212766,7.79617834395e-06,14.42221
20.1801802,-1.70212766,7.79617834395e-06,19.72308
20.8108108,-1.70212766,7.79617834395e-06,25.07987
21.4414414,-1.70212766,7.79617834395e-06,29.73214
22.0720721,-1.70212766,7.79617834395e-06,33.51119
22.7027027,-1.70212766,7.79617834395e-06,28.08914
23.3333333,-1.70212766,7.79617834395e-06,24.10394
23.963964,-1.70212766,7.79617834395e-06,29
24.5945946,-1.70212766,7.79617834395e-06,26.92582
25.2252252,-1.70212766,7.79617834395e-06,16.76305
25.8558559,-1.70212766,7.79617834395e-06,21.61018
26.4864865,-1.70212766,7.79617834395e-06,16.30951
27.1171171,-1.70212766,7.79617834395e-06,14.03567
27.7477477,-1.70212766,7.79617834395e-06,10.63015
28.3783784,-1.70212766,7.79617834395e-06,19.84943
29.009009,-1.70212766,7.79617834395e-06,18.78829
29.6396396,-1.70212766,7.79617834395e-06,20.44505
30.2702703,-1.70212766,7.79617834395e-06,20.78461
30.9009009,-1.70212766,7.79617834395e-06,16.40122
31.5315315,-1.70212766,7.79617834395e-06,13.0767
32.1621622,-1.70212766,7.79617834395e-06,16.12452
32.7927928,-1.70212766,7.79617834395e-06,19.54482
33.4234234,-1.70212766,7.79617834395e-06,19.10497
34.0540541,-1.70212766,7.79617834395e-06,14.56022
34.6846847,-1.70212766,7.79617834395e-06,18.68154
35.3153153,-1.70212766,7.79617834395e-06,13.89244
35.9459459,-1.70212766,7.84713375796e-06,14.69694
36.5765766,-1.70212766,7.79617834395e-06,14.24781
37.2072072,-1.70212766,7.79617834395e-06,12.52996
37.8378378,-1.70212766,7.84713375796e-06,12.56981
38.4684685,-1.70212766,7.84713375796e-06,17.02939
39.0990991,-1.70212766,7.84713375796e-06,14.14214
39.7297297,-1.70212766,7.84713375796e-06,10.44031
40.3603604,-1.70212766,7.79617834395e-06,14.49138
40.990991,-1.70212766,7.79617834395e-06,14.45683
41.6216216,-1.70212766,7.84713375796e-06,12.20656
42.2522523,-1.70212766,7.89808917197e-06,11.04536
42.8828829,-1.70212766,7.84713375796e-06,17.26268
43.5135135,-1.70212766,7.84713375796e-06,9.055385
44.1441441,-1.70212766,7.84713375796e-06,10.19804
44.7747748,-1.70212766,7.84713375796e-06,11
45.4054054,-1.70212766,7.84713375796e-06,12.04159
46.036036,-1.70212766,7.89808917197e-06,11
46.6666667,-1.70212766,7.84713375796e-06,13.0384
47.2972973,-1.70212766,7.84713375796e-06,12.68858
47.9279279,-1.70212766,7.84713375796e-06,11.7047
48.5585586,-1.70212766,7.79617834395e-06,14.56022
49.1891892,-1.70212766,,87.23531
49.8198198,-1.70212766,,48.74423
50.4504505,-1.70212766,3.46496815287e-06,16.88194
51.0810811,-1.70212766,3.36305732484e-06,20.34699
51.7117117,-1.70212766,,36.23534
52.3423423,-1.70212766,,55.20869
52.972973,-1.70212766,,55.98214
53.6036036,-1.70212766,,35.62303
54.2342342,-1.70212766,3.36305732484e-06,17.52142
54.8648649,-1.70212766,,38.79433
55.4954955,-1.70212766,,48
56.1261261,-1.70212766,,50.94114
56.7567568,-1.70212766,,81.19729
57.3873874,-1.70212766,7.13375796178e-07,29.1376
58.018018,-1.70212766,7.64331210191e-07,7.483315
58.6486486,-1.70212766,0,19.44222
59.2792793,-1.70212766,0,14.17745
59.9099099,-1.70212766,0,7.071068
60.5405405,-1.70212766,0,2.44949
61.1711712,-1.70212766,0,1
61.8018018,-1.70212766,0,1
62.4324324,-1.70212766,0,1
63.0630631,-1.70212766,0,1
63.6936937,-1.70212766,0,1
64.3243243,-1.70212766,0,1
64.954955,-1.70212766,0,1
65.5855856,-1.70212766,0,1
66.2162162,-1.70212766,0,1
66.8468468,-1.70212766,0,1
67.4774775,-1.70212766,0,1
68.1081081,-1.70212766,7.79617834395e-06,2.236068
68.7387387,-1.70212766,7.89808917197e-06,0
69.3693694,-1.70212766,7.89808917197e-06,0
70,-1.70212766,7.89808917197e-06,0
0,-2.12765957,2.03821656051e-07,14.24781
0.630630631,-2.12765957,7.13375796178e-07,17.23369
1.26126126,-2.12765957,7.13375796178e-07,24.41311
1.89189189,-2.12765957,,70.85901
2.52252252,-2.12765957,,70.5195
3.15315315,-2.12765957,,51.66237
3.78378378,-2.12765957,,35.01428
4.41441441,-2.12765957,,36.34556
5.04504505,-2.12765957,3.36305732484e-06,30.34798
5.67567568,-2.12765957,,35.01428
6.30630631,-2.12765957,,37.53665
6.93693694,-2.12765957,3.77070063694e-06,11.44552
7.56756757,-2.12765957,3.77070063694e-06,14.3527
8.1981982,-2.12765957,4.17834394904e-06,15.77973
8.82882883,-2.12765957,4.58598726115e-06,11.31371
9.45945946,-2.12765957,4.3821656051e-06,12.32883
10.0900901,-2.12765957,4.17834394904e-06,12.80625
10.7207207,-2.12765957,3.97452229299e-06,11.04536
11.3513514,-2.12765957,3.77070063694e-06,19.62142
11.981982,-2.12765957,3.77070063694e-06,17.02939
12.6126126,-2.12765957,3.77070063694e-06,10.63015
13.2432432,-2.12765957,3.36305732484e-06,14.76482
13.8738739,-2.12765957,3.36305732484e-06,25.63201
14.5045045,-2.12765957,3.77070063694e-06,14.89966
15.1351351,-2.12765957,3.77070063694e-06,9.949874
15.7657658,-2.12765957,3.46496815287e-06,14.79865
16.3963964,-2.12765957,3.36305732484e-06,24.28992
17.027027,-2.12765957,3.36305732484e-06,32.41913
17.6576577,-2.12765957,,39.23009
18.2882883,-2.12765957,3.2101910828e-06,33.48134
18.9189189,-2.12765957,,38.11824
19.5495495,-2.12765957,,40.80441
20.1801802,-2.12765957,3.2101910828e-06,33.42155
20.8108108,-2.12765957,,38.79433
21.4414414,-2.12765957,,48.92852
22.0720721,-2.12765957,,52.39275
22.7027027,-2.12765957,,57.87055
23.3333333,-2.12765957,,55.81219
23.963964,-2.12765957,,69.03622
24.5945946,-2.12765957,,54.26785
25.2252252,-2.12765957,,61.81424
25.8558559,-2.12765957,,67.11185
26.4864865,-2.12765957,,50.57667
27.1171171,-2.12765957,,37.84178
27.7477477,-2.12765957,,43.3705
28.3783784,-2.12765957,,61.59545
29.009009,-2.12765957,,64.51356
29.6396396,-2.12765957,7.79617834395e-06,26.57066
30.2702703,-2.12765957,,61.9193
30.9009009,-2.12765957,,48.76474
31.5315315,-2.12765957,3.46496815287e-06,34.19064
32.1621622,-2.12765957,,49.34572
32.7927928,-2.12765957,,48.71345
33.4234234,-2.12765957,,54.85435
34.0540541,-2.12765957,,71.23903
34.6846847,-2.12765957,,80.25584
35.3153153,-2.12765957,,63.26136
35.9459459,-2.12765957,,72.39475
36.5765766,-2.12765957,,71.09149
37.2072072,-2.12765957,,44.38468
37.8378378,-2.12765957,,60.01666
38.4684685,-2.12765957,,76.88953
39.0990991,-2.12765957,,56.33826
39.7297297,-2.12765957,,81.9939
40.3603604,-2.12765957,,45
40.990991,-2.12765957,,56.02678
41.6216216,-2.12765957,,57.62812
42.2522523,-2.12765957,7.79617834395e-06,23.85372
42.8828829,-2.12765957,,50.05996
43.5135135,-2.12765957,,49.40648
44.1441441,-2.12765957,,40.57093
44.7747748,-2.12765957,7.79617834395e-06,15.6205
45.4054054,-2.12765957,7.79617834395e-06,22.38303
46.036036,-2.12765957,7.84713375796e-06,11.35782
46.6666667,-2.12765957,7.84713375796e-06,16.03122
47.2972973,-2.12765957,,55.07268
47.9279279,-2.12765957,,64.03124
48.5585586,-2.12765957,,68.78227
49.1891892,-2.12765957,,38.32754
49.8198198,-2.12765957,3.97452229299e-06,13.74773
50.4504505,-2.12765957,4.3821656051e-06,9.486833
51.0810811,-2.12765957,3.46496815287e-06,19.20937
51.7117117,-2.12765957,,37.78889
52.3423423,-2.12765957,,49.05099
52.972973,-2.12765957,,37.58989
53.6036036,-2.12765957,3.2101910828e-06,34.77068
54.2342342,-2.12765957,3.2101910828e-06,33.30165
54.8648649,-2.12765957,3.15923566879e-06,34.66987
55.4954955,-2.12765957,,36.19392
56.1261261,-2.12765957,,46.17359
56.7567568,-2.12765957,,76.29548
57.3873874,-2.12765957,9.68152866242e-07,7.141428
58.018018,-2.12765957,0,20.4939
58.6486486,-2.12765957,0,10.04988
59.2792793,-2.12765957,0,13.45362
59.9099099,-2.12765957,0,7.28011
60.5405405,-2.12765957,0,1
61.1711712,-2.12765957,0,1
61.8018018,-2.12765957,0,1
62.4324324,-2.12765957,0,1
63.0630631,-2.12765957,0,1
63.6936937,-2.12765957,0,1
64.3243243,-2.12765957,0,1
64.954955,-2.12765957,0,1
65.5855856,-2.12765957,0,1
66.2162162,-2.12765957,0,1
66.8468468,-2.12765957,0,1
67.4774775,-2.12765957,0,1
68.1081081,-2.12765957,7.79617834395e-06,2.236068
68.7387387,-2.12765957,7.89808917197e-06,0
69.3693694,-2.12765957,7.89808917197e-06,0
70,-2.12765957,7.89808917197e-06,0
0,-2.55319149,5.09554140127e-08,16.40122
0.630630631,-2.55319149,0,18.05547
1.26126126,-2.55319149,0,22.71563
1.89189189,-2.55319149,2.54777070064e-07,22.97825
2.52252252,-2.55319149,7.13375796178e-07,20.22375
3.15315315,-2.55319149,,60.90156
3.78378378,-2.55319149,,72.75301
4.41441441,-2.55319149,,69.49101
5.04504505,-2.55319149,,55.65968
5.67567568,-2.55319149,,50.95096
6.30630631,-2.55319149,,51.23475
6.93693694,-2.55319149,3.26114649682e-06,33
7.56756757,-2.55319149,3.6178343949e-06,12.68858
8.1981982,-2.55319149,3.77070063694e-06,25.15949
8.82882883,-2.55319149,4.94267515924e-06,11
9.45945946,-2.55319149,5.14649681529e-06,12.72792
10.0900901,-2.55319149,4.7898089172e-06,24.91987
10.7207207,-2.55319149,4.7898089172e-06,14.24781
11.3513514,-2.55319149,5.14649681529e-06,16.12452
11.981982,-2.55319149,5.29936305732e-06,12.68858
12.6126126,-2.55319149,4.99363057325e-06,13.67479
13.2432432,-2.55319149,4.43312101911e-06,13.19091
13.8738739,-2.55319149,4.94267515924e-06,12.52996
14.5045045,-2.55319149,5.29936305732e-06,14.31782
15.1351351,-2.55319149,4.99363057325e-06,15.93738
15.7657658,-2.55319149,4.94267515924e-06,13.92839
16.3963964,-2.55319149,4.53503184713e-06,15
17.027027,-2.55319149,4.17834394904e-06,13.45362
17.6576577,-2.55319149,4.3821656051e-06,14.86607
18.2882883,-2.55319149,4.58598726115e-06,11
18.9189189,-2.55319149,4.17834394904e-06,15.52417
19.5495495,-2.55319149,4.94267515924e-06,16.27882
20.1801802,-2.55319149,4.3821656051e-06,14.45683
20.8108108,-2.55319149,3.6178343949e-06,23.51595
21.4414414,-2.55319149,3.77070063694e-06,16.06238
22.0720721,-2.55319149,3.97452229299e-06,15.09967
22.7027027,-2.55319149,4.12738853503e-06,15.52417
23.3333333,-2.55319149,3.77070063694e-06,14.89966
23.963964,-2.55319149,3.77070063694e-06,13.92839
24.5945946,-2.55319149,3.36305732484e-06,21.18962
25.2252252,-2.55319149,3.36305732484e-06,30.77337
25.8558559,-2.55319149,3.36305732484e-06,15.29706
26.4864865,-2.55319149,3.46496815287e-06,22.13594
27.1171171,-2.55319149,3.46496815287e-06,17.29162
27.7477477,-2.55319149,3.77070063694e-06,16.40122
28.3783784,-2.55319149,3.77070063694e-06,22.15852
29.009009,-2.55319149,3.6178343949e-06,18.24829
29.6396396,-2.55319149,3.36305732484e-06,23.79075
30.2702703,-2.55319149,3.6178343949e-06,17.11724
30.9009009,-2.55319149,5.14649681529e-06,13.34166
31.5315315,-2.55319149,5.14649681529e-06,21.09502
32.1621622,-2.55319149,4.7898089172e-06,13.0767
32.7927928,-2.55319149,3.97452229299e-06,17.08801
33.4234234,-2.55319149,3.77070063694e-06,15.36229
34.0540541,-2.55319149,3.26114649682e-06,27.34959
34.6846847,-2.55319149,3.36305732484e-06,24.71841
35.3153153,-2.55319149,3.36305732484e-06,19.51922
35.9459459,-2.55319149,3.36305732484e-06,20.88061
36.5765766,-2.55319149,4.12738853503e-06,13.19091
37.2072072,-2.55319149,5.29936305732e-06,15.84298
37.8378378,-2.55319149,4.7898089172e-06,14.89966
38.4684685,-2.55319149,3.36305732484e-06,22.04541
39.0990991,-2.55319149,3.36305732484e-06,21.44761
39.7297297,-2.55319149,3.36305732484e-06,18.57418
40.3603604,-2.55319149,3.6178343949e-06,12.04159
40.990991,-2.55319149,3.66878980892e-06,15.26434
41.6216216,-2.55319149,3.46496815287e-06,16.03122
42.2522523,-2.55319149,3.36305732484e-06,26.94439
42.8828829,-2.55319149,,40.32369
43.5135135,-2.55319149,,67.69047
44.1441441,-2.55319149,,53.89805
44.7747748,-2.55319149,,70.04998
45.4054054,-2.55319149,,80.23715
46.036036,-2.55319149,,82.51666
46.6666667,-2.55319149,,80.08745
47.2972973,-2.55319149,,55.3263
47.9279279,-2.55319149,,60.83584
48.5585586,-2.55319149,,39.11521
49.1891892,-2.55319149,3.36305732484e-06,27.03701
49.8198198,-2.55319149,3.46496815287e-06,11.35782
50.4504505,-2.55319149,3.46496815287e-06,19.64688
51.0810811,-2.55319149,3.6178343949e-06,14.56022
51.7117117,-2.55319149,3.36305732484e-06,28.61818
52.3423423,-2.55319149,3.36305732484e-06,33.19639
52.972973,-2.55319149,3.36305732484e-06,27.60435
53.6036036,-2.55319149,3.2101910828e-06,29.08608
54.2342342,-2.55319149,3.15923566879e-06,33.85262
54.8648649,-2.55319149,,50.32892
55.4954955,-2.55319149,3.2101910828e-06,32.77194
56.1261261,-2.55319149,,52.00961
56.7567568,-2.55319149,,67.23095
57.3873874,-2.55319149,7.13375796178e-07,28.42534
58.018018,-2.55319149,9.68152866242e-07,15.26434
58.6486486,-2.55319149,0,20.02498
59.2792793,-2.55319149,0,12.84523
59.9099099,-2.55319149,0,3.464102
60.5405405,-2.55319149,0,2
61.1711712,-2.55319149,0,1
61.8018018,-2.55319149,0,1
62.4324324,-2.55319149,0,1
63.0630631,-2.55319149,0,1
63.6936937,-2.55319149,0,1
64.3243243,-2.55319149,0,1
64.954955,-2.55319149,0,1
65.5855856,-2.55319149,0,1
66.2162162,-2.55319149,0,1
66.8468468,-2.55319149,0,1
67.4774775,-2.55319149,0,1
68.1081081,-2.55319149,7.79617834395e-06,2.236068
68.7387387,-2.55319149,7.89808917197e-06,0
69.3693694,-2.55319149,7.89808917197e-06,0
70,-2.55319149,7.89808917197e-06,0
0,-2.9787234,0,12.08305
0.630630631,-2.9787234,0,10.29563
1.26126126,-2.9787234,0,7.348469
1.89189189,-2.9787234,0,9.380832
2.52252252,-2.9787234,0,11.04536
3.15315315,-2.9787234,5.09554140127e-08,16.79286
3.78378378,-2.9787234,3.56687898089e-07,16.15549
4.41441441,-2.9787234,2.54777070064e-07,21.67948
5.04504505,-2.9787234,,35.02856
5.67567568,-2.9787234,7.13375796178e-07,13.74773
6.30630631,-2.9787234,,44.19276
6.93693694,-2.9787234,,57.62812
7.56756757,-2.9787234,,63.76519
8.1981982,-2.9787234,,50.7346
8.82882883,-2.9787234,,38.13135
9.45945946,-2.9787234,3.2101910828e-06,31.20897
10.0900901,-2.9787234,3.26114649682e-06,28.6531
10.7207207,-2.9787234,3.46496815287e-06,20.3224
11.3513514,-2.9787234,3.6178343949e-06,18.49324
11.981982,-2.9787234,4.17834394904e-06,13.92839
12.6126126,-2.9787234,4.3821656051e-06,14.24781
13.2432432,-2.9787234,4.12738853503e-06,16.79286
13.8738739,-2.9787234,4.7898089172e-06,13.60147
14.5045045,-2.9787234,5.14649681529e-06,14
15.1351351,-2.9787234,5.14649681529e-06,16.24808
15.7657658,-2.9787234,5.29936305732e-06,15.16575
16.3963964,-2.9787234,5.29936305732e-06,17.29162
17.027027,-2.9787234,5.55414012739e-06,19.26136
17.6576577,-2.9787234,5.29936305732e-06,16.67333
18.2882883,-2.9787234,5.55414012739e-06,14.69694
18.9189189,-2.9787234,5.55414012739e-06,17.14643
19.5495495,-2.9787234,5.40127388535e-06,17.11724
20.1801802,-2.9787234,4.94267515924e-06,10.04988
20.8108108,-2.9787234,4.94267515924e-06,11.22497
21.4414414,-2.9787234,4.94267515924e-06,12.72792
22.0720721,-2.9787234,4.94267515924e-06,12.12436
22.7027027,-2.9787234,4.73885350318e-06,15.13275
23.3333333,-2.9787234,4.94267515924e-06,14.3527
23.963964,-2.9787234,4.99363057325e-06,12.20656
24.5945946,-2.9787234,4.58598726115e-06,10.48809
25.2252252,-2.9787234,3.6178343949e-06,12.68858
25.8558559,-2.9787234,4.99363057325e-06,14.3527
26.4864865,-2.9787234,5.40127388535e-06,15.16575
27.1171171,-2.9787234,5.14649681529e-06,11.57584
27.7477477,-2.9787234,5.29936305732e-06,12.40967
28.3783784,-2.9787234,5.40127388535e-06,14.49138
29.009009,-2.9787234,5.29936305732e-06,14.07125
29.6396396,-2.9787234,4.7898089172e-06,14
30.2702703,-2.9787234,5.14649681529e-06,14.17745
30.9009009,-2.9787234,5.40127388535e-06,14.45683
31.5315315,-2.9787234,5.55414012739e-06,19.39072
32.1621622,-2.9787234,5.70700636943e-06,23.36664
32.7927928,-2.9787234,5.40127388535e-06,14.79865
33.4234234,-2.9787234,5.40127388535e-06,18.1659
34.0540541,-2.9787234,5.40127388535e-06,21.56386
34.6846847,-2.9787234,,50.20956
35.3153153,-2.9787234,5.29936305732e-06,21.23676
35.9459459,-2.9787234,5.55414012739e-06,20.61553
36.5765766,-2.9787234,5.70700636943e-06,33.85262
37.2072072,-2.9787234,5.55414012739e-06,20.27313
37.8378378,-2.9787234,5.40127388535e-06,16.24808
38.4684685,-2.9787234,5.29936305732e-06,12.56981
39.0990991,-2.9787234,5.29936305732e-06,10.19804
39.7297297,-2.9787234,4.94267515924e-06,9.110434
40.3603604,-2.9787234,5.40127388535e-06,13.15295
40.990991,-2.9787234,5.29936305732e-06,11.35782
41.6216216,-2.9787234,4.7898089172e-06,10.48809
42.2522523,-2.9787234,4.17834394904e-06,5.09902
42.8828829,-2.9787234,,36.05551
43.5135135,-2.9787234,,38.02631
44.1441441,-2.9787234,,39.10243
44.7747748,-2.9787234,,46.61545
45.4054054,-2.9787234,,66.89544
46.036036,-2.9787234,,59.08468
46.6666667,-2.9787234,,58.18935
47.2972973,-2.9787234,,40.2368
47.9279279,-2.9787234,3.2101910828e-06,31.59114
48.5585586,-2.9787234,,36.74235
49.1891892,-2.9787234,3.36305732484e-06,27.58623
49.8198198,-2.9787234,3.36305732484e-06,30.4959
50.4504505,-2.9787234,,40.80441
51.0810811,-2.9787234,3.36305732484e-06,33.13608
51.7117117,-2.9787234,3.36305732484e-06,18.92089
52.3423423,-2.9787234,3.97452229299e-06,10.24695
52.972973,-2.9787234,3.77070063694e-06,6.403124
53.6036036,-2.9787234,3.36305732484e-06,20.3224
54.2342342,-2.9787234,3.2101910828e-06,29.1719
54.8648649,-2.9787234,,55.20869
55.4954955,-2.9787234,,54.12024
56.1261261,-2.9787234,,58.18935
56.7567568,-2.9787234,,65.49046
57.3873874,-2.9787234,,56.44466
58.018018,-2.9787234,9.68152866242e-07,21.61018
58.6486486,-2.9787234,5.09554140127e-08,10.67708
59.2792793,-2.9787234,0,20.97618
59.9099099,-2.9787234,0,2.44949
60.5405405,-2.9787234,0,1
61.1711712,-2.9787234,0,1
61.8018018,-2.9787234,0,1
62.4324324,-2.9787234,0,1
63.0630631,-2.9787234,0,1
63.6936937,-2.9787234,0,1
64.3243243,-2.9787234,0,1
64.954955,-2.9787234,0,1
65.5855856,-2.9787234,0,1
66.2162162,-2.9787234,0,1
66.8468468,-2.9787234,0,1
67.4774775,-2.9787234,0,1
68.1081081,-2.9787234,7.79617834395e-06,2.236068
68.7387387,-2.9787234,7.89808917197e-06,0
69.3693694,-2.9787234,7.89808917197e-06,0
70,-2.9787234,7.89808917197e-06,0
0,-3.40425532,0,1.414214
0.630630631,-3.40425532,0,2.236068
1.26126126,-3.40425532,0,1.414214
1.89189189,-3.40425532,0,1
2.52252252,-3.40425532,0,3.162278
3.15315315,-3.40425532,0,3
3.78378378,-3.40425532,5.09554140127e-08,4.472136
4.41441441,-3.40425532,0,12.04159
5.04504505,-3.40425532,0,11.57584
5.67567568,-3.40425532,5.09554140127e-08,20.63977
6.30630631,-3.40425532,5.09554140127e-08,12.24745
6.93693694,-3.40425532,5.09554140127e-08,19.82423
7.56756757,-3.40425532,6.62420382166e-07,7.81025
8.1981982,-3.40425532,6.11464968153e-07,33.71943
8.82882883,-3.40425532,,43.909
9.45945946,-3.40425532,,66.19668
10.0900901,-3.40425532,,64.96922
10.7207207,-3.40425532,,55.62374
11.3513514,-3.40425532,,52.68776
11.981982,-3.40425532,,60.1415
12.6126126,-3.40425532,,46.01087
13.2432432,-3.40425532,3.2101910828e-06,32.63434
13.8738739,-3.40425532,3.2101910828e-06,27
14.5045045,-3.40425532,3.6178343949e-06,17.72005
15.1351351,-3.40425532,3.77070063694e-06,16.40122
15.7657658,-3.40425532,4.17834394904e-06,14.86607
16.3963964,-3.40425532,4.58598726115e-06,12.08305
17.027027,-3.40425532,4.94267515924e-06,10.0995
17.6576577,-3.40425532,5.29936305732e-06,9.899495
18.2882883,-3.40425532,4.99363057325e-06,7.615773
18.9189189,-3.40425532,4.94267515924e-06,9.165151
19.5495495,-3.40425532,4.3821656051e-06,13.49074
20.1801802,-3.40425532,4.12738853503e-06,7.615773
20.8108108,-3.40425532,4.94267515924e-06,15
21.4414414,-3.40425532,4.58598726115e-06,14.59452
22.0720721,-3.40425532,4.43312101911e-06,12.12436
22.7027027,-3.40425532,4.43312101911e-06,13.0384
23.3333333,-3.40425532,4.7898089172e-06,13.60147
23.963964,-3.40425532,5.14649681529e-06,15.29706
24.5945946,-3.40425532,5.14649681529e-06,16.12452
25.2252252,-3.40425532,4.7898089172e-06,14.69694
25.8558559,-3.40425532,5.55414012739e-06,20.39608
26.4864865,-3.40425532,,37.01351
27.1171171,-3.40425532,5.70700636943e-06,28.94823
27.7477477,-3.40425532,5.55414012739e-06,23.21637
28.3783784,-3.40425532,5.55414012739e-06,25.37716
29.009009,-3.40425532,,40.26164
29.6396396,-3.40425532,5.55414012739e-06,20.14944
30.2702703,-3.40425532,5.70700636943e-06,21.93171
30.9009009,-3.40425532,5.70700636943e-06,32.46537
31.5315315,-3.40425532,,44.19276
32.1621622,-3.40425532,,43.26662
32.7927928,-3.40425532,7.64331210191e-06,26.15339
33.4234234,-3.40425532,7.64331210191e-06,24.65766
34.0540541,-3.40425532,7.64331210191e-06,26.70206
34.6846847,-3.40425532,7.64331210191e-06,30.21589
35.3153153,-3.40425532,7.64331210191e-06,25.80698
35.9459459,-3.40425532,,36.12478
36.5765766,-3.40425532,7.64331210191e-06,27.82086
37.2072072,-3.40425532,7.43949044586e-06,33.42155
37.8378378,-3.40425532,,39.23009
38.4684685,-3.40425532,,38.0526
39.0990991,-3.40425532,,44.45222
39.7297297,-3.40425532,5.70700636943e-06,26.30589
40.3603604,-3.40425532,5.55414012739e-06,18.84144
40.990991,-3.40425532,5.70700636943e-06,27.20294
41.6216216,-3.40425532,5.55414012739e-06,26.55184
42.2522523,-3.40425532,5.29936305732e-06,17.23369
42.8828829,-3.40425532,3.97452229299e-06,19.79899
43.5135135,-3.40425532,3.36305732484e-06,19.33908
44.1441441,-3.40425532,3.36305732484e-06,27.07397
44.7747748,-3.40425532,3.2101910828e-06,32.01562
45.4054054,-3.40425532,,37.74917
46.036036,-3.40425532,3.2101910828e-06,34.71311
46.6666667,-3.40425532,3.36305732484e-06,32.58834
47.2972973,-3.40425532,3.36305732484e-06,20.73644
47.9279279,-3.40425532,3.36305732484e-06,22.04541
48.5585586,-3.40425532,3.26114649682e-06,33.97058
49.1891892,-3.40425532,,39.30649
49.8198198,-3.40425532,,53.93515
50.4504505,-3.40425532,,35.41186
51.0810811,-3.40425532,,37.49667
51.7117117,-3.40425532,3.97452229299e-06,16.30951
52.3423423,-3.40425532,5.1974522293e-06,17.14643
52.972973,-3.40425532,4.94267515924e-06,15.29706
53.6036036,-3.40425532,4.94267515924e-06,12.64911
54.2342342,-3.40425532,3.36305732484e-06,31.12876
54.8648649,-3.40425532,,55.64171
55.4954955,-3.40425532,,70.18547
56.1261261,-3.40425532,,69.77105
56.7567568,-3.40425532,,73.92564
57.3873874,-3.40425532,,41.54516
58.018018,-3.40425532,9.68152866242e-07,14.73092
58.6486486,-3.40425532,0,19.41649
59.2792793,-3.40425532,0,11.7047
59.9099099,-3.40425532,0,3.741657
60.5405405,-3.40425532,0,1
61.1711712,-3.40425532,0,1
61.8018018,-3.40425532,0,1
62.4324324,-3.40425532,0,1
63.0630631,-3.40425532,0,1
63.6936937,-3.40425532,0,1
64.3243243,-3.40425532,0,1
64.954955,-3.40425532,0,1
65.5855856,-3.40425532,0,1
66.2162162,-3.40425532,0,1
66.8468468,-3.40425532,0,1
67.4774775,-3.40425532,0,1
68.1081081,-3.40425532,7.79617834395e-06,2.236068
68.7387387,-3.40425532,7.89808917197e-06,0
69.3693694,-3.40425532,7.89808917197e-06,0
70,-3.40425532,7.89808917197e-06,0
0,-3.82978723,0,1
0.630630631,-3.82978723,0,1
1.26126126,-3.82978723,0,1
1.89189189,-3.82978723,0,1
2.52252252,-3.82978723,0,1.732051
3.15315315,-3.82978723,0,3.316625
3.78378378,-3.82978723,0,7.28011
4.41441441,-3.82978723,0,8.306624
5.04504505,-3.82978723,0,8.602325
5.67567568,-3.82978723,5.09554140127e-08,10.48809
6.30630631,-3.82978723,0,9.949874
6.93693694,-3.82978723,0,15.29706
7.56756757,-3.82978723,0,15.0333
8.1981982,-3.82978723,0,16.64332
8.82882883,-3.82978723,2.54777070064e-07,3.741657
9.45945946,-3.82978723,4.07643312102e-07,20.54264
10.0900901,-3.82978723,2.54777070064e-07,27.85678
10.7207207,-3.82978723,8.15286624204e-07,15.52417
11.3513514,-3.82978723,7.13375796178e-07,30.01666
11.981982,-3.82978723,,43.0581
12.6126126,-3.82978723,,60.93439
13.2432432,-3.82978723,,64.45153
13.8738739,-3.82978723,,54.93633
14.5045045,-3.82978723,,59.22837
15.1351351,-3.82978723,,44.83302
15.7657658,-3.82978723,,38.01316
16.3963964,-3.82978723,,35.01428
17.027027,-3.82978723,3.2101910828e-06,30.24897
17.6576577,-3.82978723,3.6178343949e-06,27.74887
18.2882883,-3.82978723,3.26114649682e-06,32.89377
18.9189189,-3.82978723,3.26114649682e-06,28.23119
19.5495495,-3.82978723,3.2101910828e-06,33.97058
20.1801802,-3.82978723,3.36305732484e-06,29.68164
20.8108108,-3.82978723,3.77070063694e-06,14.3527
21.4414414,-3.82978723,3.46496815287e-06,22.04541
22.0720721,-3.82978723,3.36305732484e-06,22.02272
22.7027027,-3.82978723,3.77070063694e-06,15.52417
23.3333333,-3.82978723,4.3821656051e-06,12.64911
23.963964,-3.82978723,4.53503184713e-06,17.02939
24.5945946,-3.82978723,4.7898089172e-06,12.08305
25.2252252,-3.82978723,5.14649681529e-06,18.97367
25.8558559,-3.82978723,5.55414012739e-06,17.72005
26.4864865,-3.82978723,5.55414012739e-06,18.81489
27.1171171,-3.82978723,5.55414012739e-06,16.30951
27.7477477,-3.82978723,5.40127388535e-06,18.27567
28.3783784,-3.82978723,5.55414012739e-06,19.89975
29.009009,-3.82978723,,39.23009
29.6396396,-3.82978723,,43.65776
30.2702703,-3.82978723,5.55414012739e-06,23.79075
30.9009009,-3.82978723,,38.79433
31.5315315,-3.82978723,7.64331210191e-06,28.4605
32.1621622,-3.82978723,7.64331210191e-06,28.23119
32.7927928,-3.82978723,7.64331210191e-06,25.01999
33.4234234,-3.82978723,7.64331210191e-06,27.74887
34.0540541,-3.82978723,7.64331210191e-06,27.01851
34.6846847,-3.82978723,7.64331210191e-06,26.75818
35.3153153,-3.82978723,7.64331210191e-06,26.38181
35.9459459,-3.82978723,7.64331210191e-06,28.08914
36.5765766,-3.82978723,7.64331210191e-06,28.30194
37.2072072,-3.82978723,7.64331210191e-06,27.49545
37.8378378,-3.82978723,7.64331210191e-06,28.08914
38.4684685,-3.82978723,7.64331210191e-06,24.4949
39.0990991,-3.82978723,7.64331210191e-06,26.4764
39.7297297,-3.82978723,7.64331210191e-06,33.15117
40.3603604,-3.82978723,5.70700636943e-06,25.94224
40.990991,-3.82978723,5.55414012739e-06,19.67232
41.6216216,-3.82978723,5.55414012739e-06,23.34524
42.2522523,-3.82978723,5.55414012739e-06,16.15549
42.8828829,-3.82978723,5.29936305732e-06,13.41641
43.5135135,-3.82978723,4.73885350318e-06,11.7047
44.1441441,-3.82978723,4.58598726115e-06,13.0384
44.7747748,-3.82978723,4.73885350318e-06,16
45.4054054,-3.82978723,4.58598726115e-06,15.26434
46.036036,-3.82978723,4.3821656051e-06,15.0333
46.6666667,-3.82978723,3.97452229299e-06,11.44552
47.2972973,-3.82978723,4.12738853503e-06,7
47.9279279,-3.82978723,3.82165605096e-06,9.433981
48.5585586,-3.82978723,3.66878980892e-06,14.3527
49.1891892,-3.82978723,3.36305732484e-06,23
49.8198198,-3.82978723,,37.01351
50.4504505,-3.82978723,,38.96152
51.0810811,-3.82978723,3.36305732484e-06,28.24889
51.7117117,-3.82978723,4.3821656051e-06,12.08305
52.3423423,-3.82978723,5.70700636943e-06,24.22808
52.972973,-3.82978723,5.55414012739e-06,20.3224
53.6036036,-3.82978723,5.29936305732e-06,15.36229
54.2342342,-3.82978723,3.6178343949e-06,19.74842
54.8648649,-3.82978723,,41.27953
55.4954955,-3.82978723,,58.21512
56.1261261,-3.82978723,,76.72027
56.7567568,-3.82978723,,75.69016
57.3873874,-3.82978723,,44.83302
58.018018,-3.82978723,9.68152866242e-07,19.69772
58.6486486,-3.82978723,6.11464968153e-07,8.717798
59.2792793,-3.82978723,0,18.68154
59.9099099,-3.82978723,0,8.831761
60.5405405,-3.82978723,0,1.732051
61.1711712,-3.82978723,0,1
61.8018018,-3.82978723,0,1
62.4324324,-3.82978723,0,1
63.0630631,-3.82978723,0,1
63.6936937,-3.82978723,0,1
64.3243243,-3.82978723,0,1
64.954955,-3.82978723,0,1
65.5855856,-3.82978723,0,1
66.2162162,-3.82978723,0,1
66.8468468,-3.82978723,0,1
67.4774775,-3.82978723,0,1
68.1081081,-3.82978723,7.79617834395e-06,2.236068
68.7387387,-3.82978723,7.89808917197e-06,0
69.3693694,-3.82978723,7.89808917197e-06,0
70,-3.82978723,7.89808917197e-06,0
0,-4.25531915,0,1
0.630630631,-4.25531915,0,1
1.26126126,-4.25531915,0,1
1.89189189,-4.25531915,0,1
2.52252252,-4.25531915,0,1
3.15315315,-4.25531915,0,1.732051
3.78378378,-4.25531915,0,5.196152
4.41441441,-4.25531915,0,7.874008
5.04504505,-4.25531915,5.09554140127e-08,14.45683
5.67567568,-4.25531915,0,5.09902
6.30630631,-4.25531915,0,9.69536
6.93693694,-4.25531915,0,18.05547
7.56756757,-4.25531915,0,9.273618
8.1981982,-4.25531915,0,16.67333
8.82882883,-4.25531915,0,16.09348
9.45945946,-4.25531915,0,9.797959
10.0900901,-4.25531915,0,11.44552
10.7207207,-4.25531915,0,16.03122
11.3513514,-4.25531915,0,13.92839
11.981982,-4.25531915,0,13.0767
12.6126126,-4.25531915,6.62420382166e-07,14.24781
13.2432432,-4.25531915,8.66242038217e-07,15.13275
13.8738739,-4.25531915,8.15286624204e-07,16.03122
14.5045045,-4.25531915,,47.4447
15.1351351,-4.25531915,,67.30527
15.7657658,-4.25531915,,79.22121
16.3963964,-4.25531915,,72.80797
17.027027,-4.25531915,,66.4003
17.6576577,-4.25531915,,62.522
18.2882883,-4.25531915,,59.28744
18.9189189,-4.25531915,,58.89822
19.5495495,-4.25531915,,61.65225
20.1801802,-4.25531915,,41.04875
20.8108108,-4.25531915,,39.97499
21.4414414,-4.25531915,,36.45545
22.0720721,-4.25531915,,38.27532
22.7027027,-4.25531915,3.26114649682e-06,34.61214
23.3333333,-4.25531915,3.26114649682e-06,26.85144
23.963964,-4.25531915,3.36305732484e-06,29.41088
24.5945946,-4.25531915,3.6178343949e-06,20.04994
25.2252252,-4.25531915,4.7898089172e-06,14.31782
25.8558559,-4.25531915,4.68789808917e-06,12.20656
26.4864865,-4.25531915,4.68789808917e-06,13.0384
27.1171171,-4.25531915,4.99363057325e-06,14.86607
27.7477477,-4.25531915,4.94267515924e-06,11.18034
28.3783784,-4.25531915,5.29936305732e-06,12.52996
29.009009,-4.25531915,5.40127388535e-06,12.52996
29.6396396,-4.25531915,5.40127388535e-06,18.97367
30.2702703,-4.25531915,5.55414012739e-06,16.79286
30.9009009,-4.25531915,5.55414012739e-06,18.13836
31.5315315,-4.25531915,5.70700636943e-06,26.70206
32.1621622,-4.25531915,,39.06405
32.7927928,-4.25531915,7.64331210191e-06,28.58321
33.4234234,-4.25531915,7.64331210191e-06,22.93469
34.0540541,-4.25531915,7.64331210191e-06,24.73863
34.6846847,-4.25531915,7.64331210191e-06,26.77686
35.3153153,-4.25531915,7.64331210191e-06,28.4605
35.9459459,-4.25531915,7.64331210191e-06,25.86503
36.5765766,-4.25531915,7.64331210191e-06,27.29469
37.2072072,-4.25531915,7.64331210191e-06,26.79552
37.8378378,-4.25531915,7.64331210191e-06,26.75818
38.4684685,-4.25531915,7.64331210191e-06,25.47548
39.0990991,-4.25531915,7.64331210191e-06,26.77686
39.7297297,-4.25531915,7.64331210191e-06,26.09598
40.3603604,-4.25531915,7.64331210191e-06,24.08319
40.990991,-4.25531915,5.70700636943e-06,28.91366
41.6216216,-4.25531915,5.55414012739e-06,18.05547
42.2522523,-4.25531915,5.55414012739e-06,18.70829
42.8828829,-4.25531915,5.55414012739e-06,23.45208
43.5135135,-4.25531915,,37.62978
44.1441441,-4.25531915,5.70700636943e-06,32.26453
44.7747748,-4.25531915,5.70700636943e-06,34.94281
45.4054054,-4.25531915,5.70700636943e-06,30.4959
46.036036,-4.25531915,5.70700636943e-06,26.30589
46.6666667,-4.25531915,5.29936305732e-06,14.86607
47.2972973,-4.25531915,5.14649681529e-06,14.56022
47.9279279,-4.25531915,4.7898089172e-06,16.12452
48.5585586,-4.25531915,4.7898089172e-06,14.45683
49.1891892,-4.25531915,4.58598726115e-06,11.74734
49.8198198,-4.25531915,4.12738853503e-06,15.26434
50.4504505,-4.25531915,3.46496815287e-06,18.81489
51.0810811,-4.25531915,3.36305732484e-06,21.18962
51.7117117,-4.25531915,3.77070063694e-06,13.67479
52.3423423,-4.25531915,5.29936305732e-06,12.36932
52.972973,-4.25531915,5.29936305732e-06,9.110434
53.6036036,-4.25531915,4.53503184713e-06,16.52271
54.2342342,-4.25531915,3.26114649682e-06,33.66007
54.8648649,-4.25531915,,35.51056
55.4954955,-4.25531915,,58.62593
56.1261261,-4.25531915,,76.70072
56.7567568,-4.25531915,,63.89053
57.3873874,-4.25531915,,76.24303
58.018018,-4.25531915,,59.75784
58.6486486,-4.25531915,9.68152866242e-07,14.3527
59.2792793,-4.25531915,5.09554140127e-08,23.28089
59.9099099,-4.25531915,0,3.605551
60.5405405,-4.25531915,0,1
61.1711712,-4.25531915,0,1
61.8018018,-4.25531915,0,1
62.4324324,-4.25531915,0,1
63.0630631,-4.25531915,0,1
63.6936937,-4.25531915,0,1
64.3243243,-4.25531915,0,1
64.954955,-4.25531915,0,1
65.5855856,-4.25531915,0,1
66.2162162,-4.25531915,0,1
66.8468468,-4.25531915,0,1
67.4774775,-4.25531915,0,1
68.1081081,-4.25531915,7.79617834395e-06,2.236068
68.7387387,-4.25531915,7.89808917197e-06,0
69.3693694,-4.25531915,7.89808917197e-06,0
70,-4.25531915,7.89808917197e-06,0
0,-4.68085106,0,1
0.630630631,-4.68085106,0,1
1.26126126,-4.68085106,0,1
1.89189189,-4.68085106,0,1
2.52252252,-4.68085106,0,1
3.15315315,-4.68085106,0,1.414214
3.78378378,-4.68085106,0,2.44949
4.41441441,-4.68085106,0,1.414214
5.04504505,-4.68085106,0,1
5.67567568,-4.68085106,0,2.44949
6.30630631,-4.68085106,0,1.414214
6.93693694,-4.68085106,0,1
7.56756757,-4.68085106,0,1
8.1981982,-4.68085106,0,4.358899
8.82882883,-4.68085106,0,3.162278
9.45945946,-4.68085106,0,3
10.0900901,-4.68085106,0,2.236068
10.7207207,-4.68085106,0,4.472136
11.3513514,-4.68085106,0,3.316625
11.981982,-4.68085106,0,3
12.6126126,-4.68085106,0,23.74868
13.2432432,-4.68085106,5.09554140127e-08,22.6495
13.8738739,-4.68085106,2.03821656051e-07,19
14.5045045,-4.68085106,8.66242038217e-07,10.86278
15.1351351,-4.68085106,9.68152866242e-07,15.06652
15.7657658,-4.68085106,7.13375796178e-07,24.06242
16.3963964,-4.68085106,6.62420382166e-07,34.71311
17.027027,-4.68085106,,43.46263
17.6576577,-4.68085106,,54.3875
18.2882883,-4.68085106,,66.43041
18.9189189,-4.68085106,,78.87332
19.5495495,-4.68085106,,79.86238
20.1801802,-4.68085106,,68.76772
20.8108108,-4.68085106,,61.6198
21.4414414,-4.68085106,,50.33885
22.0720721,-4.68085106,,53.82379
22.7027027,-4.68085106,,58.06031
23.3333333,-4.68085106,,52.2494
23.963964,-4.68085106,,41.34005
24.5945946,-4.68085106,,42.74342
25.2252252,-4.68085106,,36.7015
25.8558559,-4.68085106,3.36305732484e-06,33.15117
26.4864865,-4.68085106,3.36305732484e-06,23.25941
27.1171171,-4.68085106,3.36305732484e-06,21.86321
27.7477477,-4.68085106,3.36305732484e-06,20.3224
28.3783784,-4.68085106,3.46496815287e-06,20.46949
29.009009,-4.68085106,4.12738853503e-06,13.0767
29.6396396,-4.68085106,4.3821656051e-06,14.21267
30.2702703,-4.68085106,4.99363057325e-06,11.7047
30.9009009,-4.68085106,4.94267515924e-06,14.07125
31.5315315,-4.68085106,5.29936305732e-06,14.89966
32.1621622,-4.68085106,5.40127388535e-06,19.31321
32.7927928,-4.68085106,5.70700636943e-06,25.80698
33.4234234,-4.68085106,,37.94733
34.0540541,-4.68085106,5.70700636943e-06,33.49627
34.6846847,-4.68085106,,39.89987
35.3153153,-4.68085106,,41.01219
35.9459459,-4.68085106,,38.91015
36.5765766,-4.68085106,,36.85105
37.2072072,-4.68085106,,37.25587
37.8378378,-4.68085106,7.64331210191e-06,27.65863
38.4684685,-4.68085106,7.64331210191e-06,23.57965
39.0990991,-4.68085106,7.64331210191e-06,26.64583
39.7297297,-4.68085106,7.64331210191e-06,27.91057
40.3603604,-4.68085106,7.64331210191e-06,25.80698
40.990991,-4.68085106,7.64331210191e-06,30.82207
41.6216216,-4.68085106,,37.57659
42.2522523,-4.68085106,5.70700636943e-06,25.13961
42.8828829,-4.68085106,,40.36087
43.5135135,-4.68085106,7.64331210191e-06,27.14774
44.1441441,-4.68085106,7.64331210191e-06,24.91987
44.7747748,-4.68085106,7.64331210191e-06,26.62705
45.4054054,-4.68085106,7.64331210191e-06,26.77686
46.036036,-4.68085106,,35.93049
46.6666667,-4.68085106,,40.92676
47.2972973,-4.68085106,7.43949044586e-06,32.07803
47.9279279,-4.68085106,,42.43819
48.5585586,-4.68085106,5.29936305732e-06,13.19091
49.1891892,-4.68085106,4.99363057325e-06,13.45362
49.8198198,-4.68085106,5.55414012739e-06,17.37815
50.4504505,-4.68085106,4.99363057325e-06,11.78983
51.0810811,-4.68085106,4.17834394904e-06,11.22497
51.7117117,-4.68085106,3.36305732484e-06,20.34699
52.3423423,-4.68085106,3.77070063694e-06,16.30951
52.972973,-4.68085106,3.46496815287e-06,20.85665
53.6036036,-4.68085106,3.36305732484e-06,21.47091
54.2342342,-4.68085106,3.36305732484e-06,30.54505
54.8648649,-4.68085106,,38.37968
55.4954955,-4.68085106,,54.95453
56.1261261,-4.68085106,,77.18808
56.7567568,-4.68085106,,74.79305
57.3873874,-4.68085106,,80.51708
58.018018,-4.68085106,,60.86871
58.6486486,-4.68085106,9.68152866242e-07,16.76305
59.2792793,-4.68085106,5.09554140127e-08,13.74773
59.9099099,-4.68085106,0,4.242641
60.5405405,-4.68085106,0,0
61.1711712,-4.68085106,0,1
61.8018018,-4.68085106,0,1
62.4324324,-4.68085106,0,1
63.0630631,-4.68085106,0,1
63.6936937,-4.68085106,0,1
64.3243243,-4.68085106,0,1
64.954955,-4.68085106,0,1
65.5855856,-4.68085106,0,1
66.2162162,-4.68085106,0,1
66.8468468,-4.68085106,0,1
67.4774775,-4.68085106,0,1
68.1081081,-4.68085106,7.79617834395e-06,2.236068
68.7387387,-4.68085106,7.89808917197e-06,0
69.3693694,-4.68085106,7.89808917197e-06,0
70,-4.68085106,7.89808917197e-06,0
0,-5.10638298,0,1
0.630630631,-5.10638298,0,2.44949
1.26126126,-5.10638298,0,1
1.89189189,-5.10638298,0,1
2.52252252,-5.10638298,0,1
3.15315315,-5.10638298,0,1
3.78378378,-5.10638298,0,3
4.41441441,-5.10638298,0,1
5.04504505,-5.10638298,0,0
5.67567568,-5.10638298,0,1
6.30630631,-5.10638298,0,1
6.93693694,-5.10638298,0,1
7.56756757,-5.10638298,0,1
8.1981982,-5.10638298,0,1.732051
8.82882883,-5.10638298,0,3.605551
9.45945946,-5.10638298,0,7
10.0900901,-5.10638298,0,1.732051
10.7207207,-5.10638298,0,1.414214
11.3513514,-5.10638298,0,0
11.981982,-5.10638298,0,1
12.6126126,-5.10638298,0,5.09902
13.2432432,-5.10638298,0,18
13.8738739,-5.10638298,0,19.41649
14.5045045,-5.10638298,2.54777070064e-07,9.110434
15.1351351,-5.10638298,4.58598726115e-07,10.81665
15.7657658,-5.10638298,9.68152866242e-07,10.67708
16.3963964,-5.10638298,9.68152866242e-07,17.34935
17.027027,-5.10638298,8.66242038217e-07,19.41649
17.6576577,-5.10638298,7.13375796178e-07,22.69361
18.2882883,-5.10638298,7.13375796178e-07,33.43651
18.9189189,-5.10638298,,50.01
19.5495495,-5.10638298,,66.21933
20.1801802,-5.10638298,,79.27168
20.8108108,-5.10638298,,73.97973
21.4414414,-5.10638298,,72.28416
22.0720721,-5.10638298,,66.25708
22.7027027,-5.10638298,,66.79072
23.3333333,-5.10638298,,64.63745
23.963964,-5.10638298,,50.6162
24.5945946,-5.10638298,,61.22908
25.2252252,-5.10638298,,48.51804
25.8558559,-5.10638298,3.15923566879e-06,33.95585
26.4864865,-5.10638298,,35.07136
27.1171171,-5.10638298,3.2101910828e-06,27.58623
27.7477477,-5.10638298,,35.39774
28.3783784,-5.10638298,3.2101910828e-06,30.4959
29.009009,-5.10638298,3.36305732484e-06,28.23119
29.6396396,-5.10638298,3.36305732484e-06,24.39262
30.2702703,-5.10638298,4.02547770701e-06,8.306624
30.9009009,-5.10638298,4.17834394904e-06,11.53256
31.5315315,-5.10638298,4.7898089172e-06,17.02939
32.1621622,-5.10638298,5.14649681529e-06,15.26434
32.7927928,-5.10638298,5.29936305732e-06,15.42725
33.4234234,-5.10638298,5.29936305732e-06,16.15549
34.0540541,-5.10638298,5.29936305732e-06,17.34935
34.6846847,-5.10638298,5.40127388535e-06,19.64688
35.3153153,-5.10638298,5.55414012739e-06,22.84732
35.9459459,-5.10638298,5.40127388535e-06,20.09975
36.5765766,-5.10638298,5.29936305732e-06,15.29706
37.2072072,-5.10638298,5.55414012739e-06,24.59675
37.8378378,-5.10638298,7.64331210191e-06,28.67054
38.4684685,-5.10638298,7.64331210191e-06,28.24889
39.0990991,-5.10638298,7.64331210191e-06,24.91987
39.7297297,-5.10638298,7.64331210191e-06,26.1725
40.3603604,-5.10638298,7.64331210191e-06,26.49528
40.990991,-5.10638298,7.64331210191e-06,28.08914
41.6216216,-5.10638298,7.64331210191e-06,32.51154
42.2522523,-5.10638298,,35.22783
42.8828829,-5.10638298,7.64331210191e-06,30.01666
43.5135135,-5.10638298,7.64331210191e-06,27.44085
44.1441441,-5.10638298,7.64331210191e-06,29.12044
44.7747748,-5.10638298,7.64331210191e-06,28.93095
45.4054054,-5.10638298,7.64331210191e-06,26.77686
46.036036,-5.10638298,7.64331210191e-06,30.80584
46.6666667,-5.10638298,,44.28318
47.2972973,-5.10638298,7.64331210191e-06,29.08608
47.9279279,-5.10638298,7.64331210191e-06,31.257
48.5585586,-5.10638298,5.55414012739e-06,19
49.1891892,-5.10638298,5.29936305732e-06,16.55295
49.8198198,-5.10638298,5.70700636943e-06,29.42788
50.4504505,-5.10638298,5.40127388535e-06,16.55295
51.0810811,-5.10638298,4.7898089172e-06,15.16575
51.7117117,-5.10638298,3.77070063694e-06,18.60108
52.3423423,-5.10638298,3.77070063694e-06,12.20656
52.972973,-5.10638298,3.6178343949e-06,16.15549
53.6036036,-5.10638298,3.36305732484e-06,17.72005
54.2342342,-5.10638298,3.36305732484e-06,31.44837
54.8648649,-5.10638298,3.2101910828e-06,29.89983
55.4954955,-5.10638298,,53.01886
56.1261261,-5.10638298,,76.1643
56.7567568,-5.10638298,,72.11796
57.3873874,-5.10638298,,79.01899
58.018018,-5.10638298,,40.6325
58.6486486,-5.10638298,8.15286624204e-07,11.57584
59.2792793,-5.10638298,0,14.3527
59.9099099,-5.10638298,0,7
60.5405405,-5.10638298,0,0
61.1711712,-5.10638298,0,1
61.8018018,-5.10638298,0,1
62.4324324,-5.10638298,0,1
63.0630631,-5.10638298,0,1
63.6936937,-5.10638298,0,1
64.3243243,-5.10638298,0,1
64.954955,-5.10638298,0,1
65.5855856,-5.10638298,0,1
66.2162162,-5.10638298,0,1
66.8468468,-5.10638298,0,1
67.4774775,-5.10638298,0,1
68.1081081,-5.10638298,7.79617834395e-06,2.236068
68.7387387,-5.10638298,7.89808917197e-06,0
69.3693694,-5.10638298,7.89808917197e-06,0
70,-5.10638298,7.89808917197e-06,0
0,-5.53191489,0,1
0.630630631,-5.53191489,0,2.44949
1.26126126,-5.53191489,0,1
1.89189189,-5.53191489,0,1
2.52252252,-5.53191489,0,1
3.15315315,-5.53191489,0,1
3.78378378,-5.53191489,0,1
4.41441441,-5.53191489,0,1
5.04504505,-5.53191489,0,1
5.67567568,-5.53191489,0,1
6.30630631,-5.53191489,0,1
6.93693694,-5.53191489,0,1
7.56756757,-5.53191489,0,1
8.1981982,-5.53191489,0,1
8.82882883,-5.53191489,0,1
9.45945946,-5.53191489,0,1
10.0900901,-5.53191489,0,1
10.7207207,-5.53191489,0,1
11.3513514,-5.53191489,0,1
11.981982,-5.53191489,0,1
12.6126126,-5.53191489,5.09554140127e-08,5.477226
13.2432432,-5.53191489,0,11.87434
13.8738739,-5.53191489,0,12.68858
14.5045045,-5.53191489,5.09554140127e-08,21.18962
15.1351351,-5.53191489,5.09554140127e-08,17.32051
15.7657658,-5.53191489,5.09554140127e-08,13.19091
16.3963964,-5.53191489,7.64331210191e-07,8.774964
17.027027,-5.53191489,7.13375796178e-07,8.185353
17.6576577,-5.53191489,7.64331210191e-07,7.348469
18.2882883,-5.53191489,9.68152866242e-07,8.3666
18.9189189,-5.53191489,9.68152866242e-07,15
19.5495495,-5.53191489,9.68152866242e-07,19.64688
20.1801802,-5.53191489,9.68152866242e-07,23.08679
20.8108108,-5.53191489,,44.65423
21.4414414,-5.53191489,,55.68662
22.0720721,-5.53191489,,69.06519
22.7027027,-5.53191489,,80.13738
23.3333333,-5.53191489,,81.81687
23.963964,-5.53191489,,77.62087
24.5945946,-5.53191489,,75.21303
25.2252252,-5.53191489,,69.29646
25.8558559,-5.53191489,,60.64652
26.4864865,-5.53191489,,58.27521
27.1171171,-5.53191489,,60.87693
27.7477477,-5.53191489,,63.31666
28.3783784,-5.53191489,,55.20869
29.009009,-5.53191489,,52.23983
29.6396396,-5.53191489,,36.06938
30.2702703,-5.53191489,,35.83295
30.9009009,-5.53191489,3.26114649682e-06,30.14963
31.5315315,-5.53191489,3.46496815287e-06,20.71232
32.1621622,-5.53191489,3.6178343949e-06,19.94994
32.7927928,-5.53191489,3.66878980892e-06,16.30951
33.4234234,-5.53191489,3.97452229299e-06,15.6205
34.0540541,-5.53191489,4.17834394904e-06,13.96424
34.6846847,-5.53191489,4.17834394904e-06,17.69181
35.3153153,-5.53191489,4.53503184713e-06,15.42725
35.9459459,-5.53191489,4.3821656051e-06,15.16575
36.5765766,-5.53191489,4.58598726115e-06,11.04536
37.2072072,-5.53191489,5.1974522293e-06,15
37.8378378,-5.53191489,5.55414012739e-06,23.76973
38.4684685,-5.53191489,5.40127388535e-06,24.18677
39.0990991,-5.53191489,,42.59108
39.7297297,-5.53191489,7.64331210191e-06,28.37252
40.3603604,-5.53191489,7.64331210191e-06,27.313
40.990991,-5.53191489,7.64331210191e-06,29.74895
41.6216216,-5.53191489,7.64331210191e-06,26.4764
42.2522523,-5.53191489,7.64331210191e-06,27.74887
42.8828829,-5.53191489,7.64331210191e-06,25.25866
43.5135135,-5.53191489,7.64331210191e-06,31.46427
44.1441441,-5.53191489,7.64331210191e-06,28.39014
44.7747748,-5.53191489,7.64331210191e-06,26.77686
45.4054054,-5.53191489,7.64331210191e-06,26.75818
46.036036,-5.53191489,7.64331210191e-06,31.06445
46.6666667,-5.53191489,5.70700636943e-06,30.14963
47.2972973,-5.53191489,5.55414012739e-06,21.67948
47.9279279,-5.53191489,,37.06751
48.5585586,-5.53191489,,43.3359
49.1891892,-5.53191489,5.70700636943e-06,25.94224
49.8198198,-5.53191489,5.70700636943e-06,28.58321
50.4504505,-5.53191489,5.55414012739e-06,20.61553
51.0810811,-5.53191489,4.7898089172e-06,14.59452
51.7117117,-5.53191489,4.7898089172e-06,16.12452
52.3423423,-5.53191489,4.3821656051e-06,10.63015
52.972973,-5.53191489,4.3821656051e-06,11.22497
53.6036036,-5.53191489,4.12738853503e-06,6.324555
54.2342342,-5.53191489,,35.07136
54.8648649,-5.53191489,3.2101910828e-06,31.20897
55.4954955,-5.53191489,,44.40721
56.1261261,-5.53191489,,60.29096
56.7567568,-5.53191489,,82.0975
57.3873874,-5.53191489,,77.89095
58.018018,-5.53191489,,41.96427
58.6486486,-5.53191489,4.58598726115e-07,11.09054
59.2792793,-5.53191489,5.09554140127e-08,15.93738
59.9099099,-5.53191489,0,4
60.5405405,-5.53191489,0,2.44949
61.1711712,-5.53191489,0,1
61.8018018,-5.53191489,0,1
62.4324324,-5.53191489,0,1
63.0630631,-5.53191489,0,1
63.6936937,-5.53191489,0,1
64.3243243,-5.53191489,0,1
64.954955,-5.53191489,0,1
65.5855856,-5.53191489,0,1
66.2162162,-5.53191489,0,1
66.8468468,-5.53191489,0,1
67.4774775,-5.53191489,0,1
68.1081081,-5.53191489,7.79617834395e-06,2.236068
68.7387387,-5.53191489,7.89808917197e-06,0
69.3693694,-5.53191489,7.89808917197e-06,0
70,-5.53191489,7.89808917197e-06,0
0,-5.95744681,0,1
0.630630631,-5.95744681,0,5.09902
1.26126126,-5.95744681,0,1
1.89189189,-5.95744681,0,1
2.52252252,-5.95744681,0,1
3.15315315,-5.95744681,0,1
3.78378378,-5.95744681,0,1
4.41441441,-5.95744681,0,1
5.04504505,-5.95744681,0,1
5.67567568,-5.95744681,0,1
6.30630631,-5.95744681,0,1
6.93693694,-5.95744681,0,1
7.56756757,-5.95744681,0,1
8.1981982,-5.95744681,0,1
8.82882883,-5.95744681,0,1
9.45945946,-5.95744681,0,1
10.0900901,-5.95744681,0,1
10.7207207,-5.95744681,0,1
11.3513514,-5.95744681,0,1
11.981982,-5.95744681,0,1
12.6126126,-5.95744681,0,6.082763
13.2432432,-5.95744681,0,9.949874
13.8738739,-5.95744681,0,8.544004
14.5045045,-5.95744681,5.09554140127e-08,9.380832
15.1351351,-5.95744681,0,10.77033
15.7657658,-5.95744681,0,10.24695
16.3963964,-5.95744681,0,16.30951
17.027027,-5.95744681,0,12.8841
17.6576577,-5.95744681,0,18.84144
18.2882883,-5.95744681,2.54777070064e-07,13.92839
18.9189189,-5.95744681,2.54777070064e-07,18.38478
19.5495495,-5.95744681,2.54777070064e-07,18.3303
20.1801802,-5.95744681,4.58598726115e-07,13.63818
20.8108108,-5.95744681,9.68152866242e-07,11.35782
21.4414414,-5.95744681,8.15286624204e-07,13.63818
22.0720721,-5.95744681,7.13375796178e-07,25.37716
22.7027027,-5.95744681,7.13375796178e-07,32.07803
23.3333333,-5.95744681,,40.62019
23.963964,-5.95744681,,58.12056
24.5945946,-5.95744681,,51.63332
25.2252252,-5.95744681,,50.86256
25.8558559,-5.95744681,,80.44874
26.4864865,-5.95744681,,77.93587
27.1171171,-5.95744681,,75.39231
27.7477477,-5.95744681,,80.70316
28.3783784,-5.95744681,,76.99351
29.009009,-5.95744681,,74.37069
29.6396396,-5.95744681,,62.99206
30.2702703,-5.95744681,,64.15606
30.9009009,-5.95744681,,57.70615
31.5315315,-5.95744681,,59.16925
32.1621622,-5.95744681,,42.73172
32.7927928,-5.95744681,,39.43349
33.4234234,-5.95744681,3.2101910828e-06,32.75668
34.0540541,-5.95744681,3.2101910828e-06,33.19639
34.6846847,-5.95744681,3.36305732484e-06,29.06888
35.3153153,-5.95744681,3.36305732484e-06,20.68816
35.9459459,-5.95744681,3.66878980892e-06,16.58312
36.5765766,-5.95744681,4.17834394904e-06,7.348469
37.2072072,-5.95744681,4.58598726115e-06,15.55635
37.8378378,-5.95744681,4.58598726115e-06,13.92839
38.4684685,-5.95744681,4.53503184713e-06,9.219544
39.0990991,-5.95744681,5.40127388535e-06,14.03567
39.7297297,-5.95744681,5.55414012739e-06,25.4951
40.3603604,-5.95744681,5.70700636943e-06,31.87475
40.990991,-5.95744681,,42.2019
41.6216216,-5.95744681,7.64331210191e-06,27.62245
42.2522523,-5.95744681,7.64331210191e-06,27.27636
42.8828829,-5.95744681,7.64331210191e-06,27.12932
43.5135135,-5.95744681,5.70700636943e-06,23.55844
44.1441441,-5.95744681,7.64331210191e-06,28.7054
44.7747748,-5.95744681,7.64331210191e-06,25.80698
45.4054054,-5.95744681,7.64331210191e-06,26.75818
46.036036,-5.95744681,7.64331210191e-06,26.75818
46.6666667,-5.95744681,,35.01428
47.2972973,-5.95744681,5.70700636943e-06,31.63858
47.9279279,-5.95744681,,45.54119
48.5585586,-5.95744681,7.64331210191e-06,26.73948
49.1891892,-5.95744681,7.64331210191e-06,33.43651
49.8198198,-5.95744681,5.55414012739e-06,21.35416
50.4504505,-5.95744681,5.55414012739e-06,18.41195
51.0810811,-5.95744681,5.1974522293e-06,13.37909
51.7117117,-5.95744681,5.14649681529e-06,14.07125
52.3423423,-5.95744681,4.68789808917e-06,14.17745
52.972973,-5.95744681,4.3821656051e-06,9.055385
53.6036036,-5.95744681,3.6178343949e-06,15.93738
54.2342342,-5.95744681,,39.67367
54.8648649,-5.95744681,,52.78257
55.4954955,-5.95744681,,62.97619
56.1261261,-5.95744681,,72.38784
56.7567568,-5.95744681,,79.50472
57.3873874,-5.95744681,,75.95393
58.018018,-5.95744681,7.13375796178e-07,33.31666
58.6486486,-5.95744681,8.66242038217e-07,9.486833
59.2792793,-5.95744681,0,16.55295
59.9099099,-5.95744681,0,4.898979
60.5405405,-5.95744681,0,1
61.1711712,-5.95744681,0,1
61.8018018,-5.95744681,0,1
62.4324324,-5.95744681,0,1
63.0630631,-5.95744681,0,1
63.6936937,-5.95744681,0,1
64.3243243,-5.95744681,0,1
64.954955,-5.95744681,0,1
65.5855856,-5.95744681,0,1
66.2162162,-5.95744681,0,1
66.8468468,-5.95744681,0,1
67.4774775,-5.95744681,0,1
68.1081081,-5.95744681,7.79617834395e-06,2.236068
68.7387387,-5.95744681,7.89808917197e-06,0
69.3693694,-5.95744681,7.89808917197e-06,0
70,-5.95744681,7.89808917197e-06,0
0,-6.38297872,0,1
0.630630631,-6.38297872,0,6.082763
1.26126126,-6.38297872,0,3
1.89189189,-6.38297872,0,1
2.52252252,-6.38297872,0,1
3.15315315,-6.38297872,0,1
3.78378378,-6.38297872,0,1
4.41441441,-6.38297872,0,1
5.04504505,-6.38297872,0,1
5.67567568,-6.38297872,0,1
6.30630631,-6.38297872,0,1
6.93693694,-6.38297872,0,1
7.56756757,-6.38297872,0,1
8.1981982,-6.38297872,0,1
8.82882883,-6.38297872,0,1
9.45945946,-6.38297872,0,1
10.0900901,-6.38297872,0,1
10.7207207,-6.38297872,0,1
11.3513514,-6.38297872,0,1
11.981982,-6.38297872,0,1
12.6126126,-6.38297872,0,1
13.2432432,-6.38297872,0,1.414214
13.8738739,-6.38297872,0,1.414214
14.5045045,-6.38297872,0,1.414214
15.1351351,-6.38297872,0,1.732051
15.7657658,-6.38297872,0,1
16.3963964,-6.38297872,0,1
17.027027,-6.38297872,0,1.732051
17.6576577,-6.38297872,0,1.414214
18.2882883,-6.38297872,5.09554140127e-08,14.45683
18.9189189,-6.38297872,5.09554140127e-08,16.09348
19.5495495,-6.38297872,5.09554140127e-08,10.67708
20.1801802,-6.38297872,0,15.16575
20.8108108,-6.38297872,5.09554140127e-08,11.18034
21.4414414,-6.38297872,4.07643312102e-07,2.828427
22.0720721,-6.38297872,7.64331210191e-07,4.582576
22.7027027,-6.38297872,9.68152866242e-07,13.37909
23.3333333,-6.38297872,9.68152866242e-07,12.68858
23.963964,-6.38297872,7.13375796178e-07,30.01666
24.5945946,-6.38297872,7.13375796178e-07,23.28089
25.2252252,-6.38297872,9.68152866242e-07,20.97618
25.8558559,-6.38297872,7.13375796178e-07,26.24881
26.4864865,-6.38297872,7.13375796178e-07,27.80288
27.1171171,-6.38297872,,53.45091
27.7477477,-6.38297872,,79.00633
28.3783784,-6.38297872,,81.19729
29.009009,-6.38297872,,80.16234
29.6396396,-6.38297872,,77.94229
30.2702703,-6.38297872,,78.93035
30.9009009,-6.38297872,,75.18643
31.5315315,-6.38297872,,74.552
32.1621622,-6.38297872,,73.76991
32.7927928,-6.38297872,,56.9649
33.4234234,-6.38297872,,52.64029
34.0540541,-6.38297872,,43
34.6846847,-6.38297872,,35.29873
35.3153153,-6.38297872,,36.57868
35.9459459,-6.38297872,3.36305732484e-06,27.38613
36.5765766,-6.38297872,3.36305732484e-06,29.01724
37.2072072,-6.38297872,3.36305732484e-06,21.63331
37.8378378,-6.38297872,3.36305732484e-06,18.27567
38.4684685,-6.38297872,3.66878980892e-06,10.63015
39.0990991,-6.38297872,4.58598726115e-06,10
39.7297297,-6.38297872,4.7898089172e-06,13.45362
40.3603604,-6.38297872,5.29936305732e-06,15.13275
40.990991,-6.38297872,5.55414012739e-06,19.94994
41.6216216,-6.38297872,5.70700636943e-06,27.36786
42.2522523,-6.38297872,,35.1141
42.8828829,-6.38297872,,41.7732
43.5135135,-6.38297872,5.55414012739e-06,20.63977
44.1441441,-6.38297872,7.64331210191e-06,26.38181
44.7747748,-6.38297872,7.64331210191e-06,28.98275
45.4054054,-6.38297872,7.64331210191e-06,27.58623
46.036036,-6.38297872,7.64331210191e-06,27.82086
46.6666667,-6.38297872,7.64331210191e-06,26.77686
47.2972973,-6.38297872,7.64331210191e-06,30.80584
47.9279279,-6.38297872,7.64331210191e-06,26.92582
48.5585586,-6.38297872,7.64331210191e-06,30.01666
49.1891892,-6.38297872,,40.1995
49.8198198,-6.38297872,5.55414012739e-06,19.72308
50.4504505,-6.38297872,5.55414012739e-06,19.92486
51.0810811,-6.38297872,5.55414012739e-06,18.54724
51.7117117,-6.38297872,4.99363057325e-06,13.19091
52.3423423,-6.38297872,4.43312101911e-06,13.96424
52.972973,-6.38297872,3.97452229299e-06,15.93738
53.6036036,-6.38297872,,37.96051
54.2342342,-6.38297872,,40.8534
54.8648649,-6.38297872,,57.01754
55.4954955,-6.38297872,,75.98684
56.1261261,-6.38297872,,80.08745
56.7567568,-6.38297872,,76.77239
57.3873874,-6.38297872,,36.85105
58.018018,-6.38297872,9.68152866242e-07,26.24881
58.6486486,-6.38297872,1.07006369427e-06,22.15852
59.2792793,-6.38297872,5.09554140127e-08,16.67333
59.9099099,-6.38297872,0,1
60.5405405,-6.38297872,0,1
61.1711712,-6.38297872,0,1
61.8018018,-6.38297872,0,1
62.4324324,-6.38297872,0,1
63.0630631,-6.38297872,0,1
63.6936937,-6.38297872,0,1
64.3243243,-6.38297872,0,1
64.954955,-6.38297872,0,1
65.5855856,-6.38297872,0,1
66.2162162,-6.38297872,0,1
66.8468468,-6.38297872,0,1
67.4774775,-6.38297872,0,1
68.1081081,-6.38297872,7.79617834395e-06,2.236068
68.7387387,-6.38297872,7.89808917197e-06,0
69.3693694,-6.38297872,7.89808917197e-06,0
70,-6.38297872,7.89808917197e-06,0
0,-6.80851064,0,0
0.630630631,-6.80851064,0,6.082763
1.26126126,-6.80851064,0,3
1.89189189,-6.80851064,0,1
2.52252252,-6.80851064,0,1
3.15315315,-6.80851064,0,1
3.78378378,-6.80851064,0,1
4.41441441,-6.80851064,0,1
5.04504505,-6.80851064,0,1
5.67567568,-6.80851064,0,1
6.30630631,-6.80851064,0,1
6.93693694,-6.80851064,0,1
7.56756757,-6.80851064,0,1
8.1981982,-6.80851064,0,1
8.82882883,-6.80851064,0,1
9.45945946,-6.80851064,0,1
10.0900901,-6.80851064,0,1
10.7207207,-6.80851064,0,1
11.3513514,-6.80851064,0,1
11.981982,-6.80851064,0,1
12.6126126,-6.80851064,0,0
13.2432432,-6.80851064,0,1
13.8738739,-6.80851064,0,1
14.5045045,-6.80851064,0,1
15.1351351,-6.80851064,0,3.741657
15.7657658,-6.80851064,0,2.44949
16.3963964,-6.80851064,0,1.414214
17.027027,-6.80851064,0,2.44949
17.6576577,-6.80851064,0,1.414214
18.2882883,-6.80851064,0,1
18.9189189,-6.80851064,0,9.110434
19.5495495,-6.80851064,0,8.124038
20.1801802,-6.80851064,0,19.72308
20.8108108,-6.80851064,0,12.08305
21.4414414,-6.80851064,0,10.48809
22.0720721,-6.80851064,0,15.65248
22.7027027,-6.80851064,2.03821656051e-07,15.81139
23.3333333,-6.80851064,2.03821656051e-07,18.68154
23.963964,-6.80851064,2.54777070064e-07,14.89966
24.5945946,-6.80851064,9.68152866242e-07,26.41969
25.2252252,-6.80851064,8.66242038217e-07,14.73092
25.8558559,-6.80851064,9.68152866242e-07,23.02173
26.4864865,-6.80851064,9.68152866242e-07,14.89966
27.1171171,-6.80851064,9.68152866242e-07,22.58318
27.7477477,-6.80851064,7.13375796178e-07,25.01999
28.3783784,-6.80851064,,43.94315
29.009009,-6.80851064,,43.46263
29.6396396,-6.80851064,,36.27671
30.2702703,-6.80851064,,51.87485
30.9009009,-6.80851064,,60.83584
31.5315315,-6.80851064,,73.41662
32.1621622,-6.80851064,,74.75961
32.7927928,-6.80851064,,79.85612
33.4234234,-6.80851064,,80.90735
34.0540541,-6.80851064,,61.59545
34.6846847,-6.80851064,,57.01754
35.3153153,-6.80851064,,57.34108
35.9459459,-6.80851064,,56.00893
36.5765766,-6.80851064,,55.9464
37.2072072,-6.80851064,,48.54894
37.8378378,-6.80851064,,37.98684
38.4684685,-6.80851064,,36.11094
39.0990991,-6.80851064,3.36305732484e-06,24.06242
39.7297297,-6.80851064,3.36305732484e-06,18.38478
40.3603604,-6.80851064,3.6178343949e-06,21.09502
40.990991,-6.80851064,4.12738853503e-06,15.81139
41.6216216,-6.80851064,4.94267515924e-06,12.40967
42.2522523,-6.80851064,5.29936305732e-06,18.1659
42.8828829,-6.80851064,5.29936305732e-06,14.89966
43.5135135,-6.80851064,5.55414012739e-06,17.26268
44.1441441,-6.80851064,5.14649681529e-06,21.23676
44.7747748,-6.80851064,,43.64631
45.4054054,-6.80851064,7.64331210191e-06,24.18677
46.036036,-6.80851064,7.64331210191e-06,26.77686
46.6666667,-6.80851064,7.64331210191e-06,24.91987
47.2972973,-6.80851064,7.64331210191e-06,26.26785
47.9279279,-6.80851064,7.64331210191e-06,33.04542
48.5585586,-6.80851064,,42.30839
49.1891892,-6.80851064,5.70700636943e-06,28.87906
49.8198198,-6.80851064,5.55414012739e-06,19.33908
50.4504505,-6.80851064,5.55414012739e-06,18.38478
51.0810811,-6.80851064,5.35031847134e-06,17.11724
51.7117117,-6.80851064,4.94267515924e-06,12.32883
52.3423423,-6.80851064,4.3821656051e-06,10.24695
52.972973,-6.80851064,3.77070063694e-06,13.96424
53.6036036,-6.80851064,,35.73514
54.2342342,-6.80851064,,36.72874
54.8648649,-6.80851064,,48.95917
55.4954955,-6.80851064,,77.39509
56.1261261,-6.80851064,,61.36774
56.7567568,-6.80851064,,49.29503
57.3873874,-6.80851064,9.68152866242e-07,14.21267
58.018018,-6.80851064,9.68152866242e-07,16.40122
58.6486486,-6.80851064,8.15286624204e-07,15.93738
59.2792793,-6.80851064,0,17.46425
59.9099099,-6.80851064,0,5.830952
60.5405405,-6.80851064,0,1.414214
61.1711712,-6.80851064,0,1
61.8018018,-6.80851064,0,1
62.4324324,-6.80851064,0,1
63.0630631,-6.80851064,0,1
63.6936937,-6.80851064,0,1
64.3243243,-6.80851064,0,1
64.954955,-6.80851064,0,1
65.5855856,-6.80851064,0,1
66.2162162,-6.80851064,0,1
66.8468468,-6.80851064,0,1
67.4774775,-6.80851064,0,1
68.1081081,-6.80851064,7.79617834395e-06,2.236068
68.7387387,-6.80851064,7.89808917197e-06,0
69.3693694,-6.80851064,7.89808917197e-06,0
70,-6.80851064,7.89808917197e-06,0
0,-7.23404255,0,1
0.630630631,-7.23404255,0,6.082763
1.26126126,-7.23404255,0,3
1.89189189,-7.23404255,0,1
2.52252252,-7.23404255,0,1
3.15315315,-7.23404255,0,1
3.78378378,-7.23404255,0,1
4.41441441,-7.23404255,0,1
5.04504505,-7.23404255,0,1
5.67567568,-7.23404255,0,1
6.30630631,-7.23404255,0,1
6.93693694,-7.23404255,0,1
7.56756757,-7.23404255,0,1
8.1981982,-7.23404255,0,1
8.82882883,-7.23404255,0,1
9.45945946,-7.23404255,0,1
10.0900901,-7.23404255,0,1
10.7207207,-7.23404255,0,1
11.3513514,-7.23404255,0,1
11.981982,-7.23404255,0,1
12.6126126,-7.23404255,0,1
13.2432432,-7.23404255,0,1
13.8738739,-7.23404255,0,1
14.5045045,-7.23404255,0,1
15.1351351,-7.23404255,0,1
15.7657658,-7.23404255,0,1
16.3963964,-7.23404255,0,1
17.027027,-7.23404255,0,1
17.6576577,-7.23404255,0,1
18.2882883,-7.23404255,0,2
18.9189189,-7.23404255,0,11.44552
19.5495495,-7.23404255,0,10.63015
20.1801802,-7.23404255,0,8.062258
20.8108108,-7.23404255,0,10.67708
21.4414414,-7.23404255,0,16.58312
22.0720721,-7.23404255,0,9.643651
22.7027027,-7.23404255,0,18.13836
23.3333333,-7.23404255,0,10.77033
23.963964,-7.23404255,0,11.04536
24.5945946,-7.23404255,5.09554140127e-08,23.70654
25.2252252,-7.23404255,5.09554140127e-08,19.41649
25.8558559,-7.23404255,5.09554140127e-08,19.89975
26.4864865,-7.23404255,5.6050955414e-07,6.480741
27.1171171,-7.23404255,5.6050955414e-07,8.306624
27.7477477,-7.23404255,8.15286624204e-07,10.04988
28.3783784,-7.23404255,9.68152866242e-07,13.34166
29.009009,-7.23404255,9.68152866242e-07,13.74773
29.6396396,-7.23404255,9.68152866242e-07,9
30.2702703,-7.23404255,9.68152866242e-07,12.20656
30.9009009,-7.23404255,8.66242038217e-07,22.04541
31.5315315,-7.23404255,7.13375796178e-07,26.87006
32.1621622,-7.23404255,,47.54997
32.7927928,-7.23404255,,65.49046
33.4234234,-7.23404255,,78.04486
34.0540541,-7.23404255,,79.25276
34.6846847,-7.23404255,,71.86098
35.3153153,-7.23404255,,77.80103
35.9459459,-7.23404255,,69.92853
36.5765766,-7.23404255,,74.31016
37.2072072,-7.23404255,,63.09517
37.8378378,-7.23404255,,56.16048
38.4684685,-7.23404255,,56.08921
39.0990991,-7.23404255,,35.8469
39.7297297,-7.23404255,,39.43349
40.3603604,-7.23404255,3.2101910828e-06,27.38613
40.990991,-7.23404255,,35.51056
41.6216216,-7.23404255,3.46496815287e-06,21.47091
42.2522523,-7.23404255,3.46496815287e-06,19.79899
42.8828829,-7.23404255,3.36305732484e-06,23.28089
43.5135135,-7.23404255,4.53503184713e-06,16.06238
44.1441441,-7.23404255,4.58598726115e-06,13.0384
44.7747748,-7.23404255,5.55414012739e-06,29.27456
45.4054054,-7.23404255,7.64331210191e-06,31.63858
46.036036,-7.23404255,7.43949044586e-06,34.46738
46.6666667,-7.23404255,7.64331210191e-06,32.95451
47.2972973,-7.23404255,,39.24283
47.9279279,-7.23404255,,43.01163
48.5585586,-7.23404255,5.70700636943e-06,24.93993
49.1891892,-7.23404255,5.55414012739e-06,22.22611
49.8198198,-7.23404255,5.55414012739e-06,18.70829
50.4504505,-7.23404255,5.55414012739e-06,15.52417
51.0810811,-7.23404255,5.40127388535e-06,16.30951
51.7117117,-7.23404255,4.99363057325e-06,11.74734
52.3423423,-7.23404255,3.77070063694e-06,13.67479
52.972973,-7.23404255,3.36305732484e-06,22.84732
53.6036036,-7.23404255,,55.04544
54.2342342,-7.23404255,,57.34108
54.8648649,-7.23404255,,64.15606
55.4954955,-7.23404255,,79.75588
56.1261261,-7.23404255,,54.3875
56.7567568,-7.23404255,7.13375796178e-07,30.67572
57.3873874,-7.23404255,1.07006369427e-06,18.78829
58.018018,-7.23404255,1.07006369427e-06,25.57342
58.6486486,-7.23404255,0,15.93738
59.2792793,-7.23404255,0,11.35782
59.9099099,-7.23404255,0,2.44949
60.5405405,-7.23404255,0,1
61.1711712,-7.23404255,0,1
61.8018018,-7.23404255,0,1
62.4324324,-7.23404255,0,1
63.0630631,-7.23404255,0,1
63.6936937,-7.23404255,0,1
64.3243243,-7.23404255,0,1
64.954955,-7.23404255,0,1
65.5855856,-7.23404255,0,1
66.2162162,-7.23404255,0,1
66.8468468,-7.23404255,0,1
67.4774775,-7.23404255,0,1
68.1081081,-7.23404255,7.79617834395e-06,2.236068
68.7387387,-7.23404255,7.89808917197e-06,0
69.3693694,-7.23404255,7.89808917197e-06,0
70,-7.23404255,7.89808917197e-06,0
0,-7.65957447,0,1
0.630630631,-7.65957447,0,2.44949
1.26126126,-7.65957447,0,1
1.89189189,-7.65957447,0,1
2.52252252,-7.65957447,0,1
3.15315315,-7.65957447,0,1
3.78378378,-7.65957447,0,1
4.41441441,-7.65957447,0,1
5.04504505,-7.65957447,0,1
5.67567568,-7.65957447,0,1
6.30630631,-7.65957447,0,1
6.93693694,-7.65957447,0,1
7.56756757,-7.65957447,0,1
8.1981982,-7.65957447,0,1
8.82882883,-7.65957447,0,1
9.45945946,-7.65957447,0,1
10.0900901,-7.65957447,0,1
10.7207207,-7.65957447,0,1
11.3513514,-7.65957447,0,1
11.981982,-7.65957447,0,1
12.6126126,-7.65957447,0,1
13.2432432,-7.65957447,0,1
13.8738739,-7.65957447,0,1
14.5045045,-7.65957447,0,1
15.1351351,-7.65957447,0,1
15.7657658,-7.65957447,0,1
16.3963964,-7.65957447,0,1
17.027027,-7.65957447,0,1
17.6576577,-7.65957447,0,1
18.2882883,-7.65957447,0,1.414214
18.9189189,-7.65957447,0,1.732051
19.5495495,-7.65957447,0,1.732051
20.1801802,-7.65957447,0,3.316625
20.8108108,-7.65957447,0,4.358899
21.4414414,-7.65957447,0,2.828427
22.0720721,-7.65957447,0,7.141428
22.7027027,-7.65957447,0,5.830952
23.3333333,-7.65957447,0,2
23.963964,-7.65957447,0,3.605551
24.5945946,-7.65957447,0,5.385165
25.2252252,-7.65957447,0,1.732051
25.8558559,-7.65957447,0,4.898979
26.4864865,-7.65957447,0,3
27.1171171,-7.65957447,0,7.348469
27.7477477,-7.65957447,1.01910828025e-07,3.162278
28.3783784,-7.65957447,2.54777070064e-07,11.22497
29.009009,-7.65957447,2.54777070064e-07,10.24695
29.6396396,-7.65957447,2.54777070064e-07,7.141428
30.2702703,-7.65957447,6.62420382166e-07,10.0995
30.9009009,-7.65957447,9.68152866242e-07,12.52996
31.5315315,-7.65957447,8.66242038217e-07,9.797959
32.1621622,-7.65957447,7.13375796178e-07,15.74802
32.7927928,-7.65957447,7.13375796178e-07,28.94823
33.4234234,-7.65957447,7.13375796178e-07,32.07803
34.0540541,-7.65957447,7.13375796178e-07,28.35489
34.6846847,-7.65957447,,46.70118
35.3153153,-7.65957447,,71.02816
35.9459459,-7.65957447,,77.94229
36.5765766,-7.65957447,,79.71198
37.2072072,-7.65957447,,78.49204
37.8378378,-7.65957447,,73.46428
38.4684685,-7.65957447,,71.07039
39.0990991,-7.65957447,,59.94164
39.7297297,-7.65957447,,60.3407
40.3603604,-7.65957447,,44.68781
40.990991,-7.65957447,,39.21734
41.6216216,-7.65957447,3.2101910828e-06,31.06445
42.2522523,-7.65957447,,35.97221
42.8828829,-7.65957447,3.36305732484e-06,31.19295
43.5135135,-7.65957447,3.77070063694e-06,13.56466
44.1441441,-7.65957447,4.17834394904e-06,13.60147
44.7747748,-7.65957447,5.14649681529e-06,13.92839
45.4054054,-7.65957447,5.55414012739e-06,24.75884
46.036036,-7.65957447,5.55414012739e-06,23.08679
46.6666667,-7.65957447,5.55414012739e-06,21.35416
47.2972973,-7.65957447,5.29936305732e-06,13.41641
47.9279279,-7.65957447,5.40127388535e-06,20.09975
48.5585586,-7.65957447,5.55414012739e-06,19.07878
49.1891892,-7.65957447,5.40127388535e-06,16.67333
49.8198198,-7.65957447,5.29936305732e-06,12.80625
50.4504505,-7.65957447,4.99363057325e-06,16.40122
51.0810811,-7.65957447,4.73885350318e-06,12.08305
51.7117117,-7.65957447,4.3821656051e-06,10.29563
52.3423423,-7.65957447,3.36305732484e-06,23.57965
52.972973,-7.65957447,3.2101910828e-06,33.98529
53.6036036,-7.65957447,,54.70832
54.2342342,-7.65957447,,75.32596
54.8648649,-7.65957447,,73.33485
55.4954955,-7.65957447,,79.5613
56.1261261,-7.65957447,,43.32436
56.7567568,-7.65957447,9.68152866242e-07,7.81025
57.3873874,-7.65957447,2.54777070064e-07,4.582576
58.018018,-7.65957447,2.54777070064e-07,16.24808
58.6486486,-7.65957447,0,3
59.2792793,-7.65957447,0,4.242641
59.9099099,-7.65957447,0,1.732051
60.5405405,-7.65957447,0,1
61.1711712,-7.65957447,0,1
61.8018018,-7.65957447,0,1
62.4324324,-7.65957447,0,1
63.0630631,-7.65957447,0,1
63.6936937,-7.65957447,0,1
64.3243243,-7.65957447,0,1
64.954955,-7.65957447,0,1
65.5855856,-7.65957447,0,1
66.2162162,-7.65957447,0,1
66.8468468,-7.65957447,0,1
67.4774775,-7.65957447,0,1
68.1081081,-7.65957447,7.79617834395e-06,2.236068
68.7387387,-7.65957447,7.89808917197e-06,0
69.3693694,-7.65957447,7.89808917197e-06,0
70,-7.65957447,7.89808917197e-06,0
0,-8.08510638,0,1
0.630630631,-8.08510638,0,2.44949
1.26126126,-8.08510638,0,1
1.89189189,-8.08510638,0,1
2.52252252,-8.08510638,0,1
3.15315315,-8.08510638,0,1
3.78378378,-8.08510638,0,1
4.41441441,-8.08510638,0,1
5.04504505,-8.08510638,0,1
5.67567568,-8.08510638,0,1
6.30630631,-8.08510638,0,1
6.93693694,-8.08510638,0,1
7.56756757,-8.08510638,0,1
8.1981982,-8.08510638,0,1
8.82882883,-8.08510638,0,1
9.45945946,-8.08510638,0,1
10.0900901,-8.08510638,0,1
10.7207207,-8.08510638,0,1
11.3513514,-8.08510638,0,1
11.981982,-8.08510638,0,1
12.6126126,-8.08510638,0,1
13.2432432,-8.08510638,0,1
13.8738739,-8.08510638,0,1
14.5045045,-8.08510638,0,1
15.1351351,-8.08510638,0,1
15.7657658,-8.08510638,0,1
16.3963964,-8.08510638,0,1
17.027027,-8.08510638,0,1
17.6576577,-8.08510638,0,1
18.2882883,-8.08510638,0,1
18.9189189,-8.08510638,0,1.414214
19.5495495,-8.08510638,0,1
20.1801802,-8.08510638,0,3
20.8108108,-8.08510638,0,1
21.4414414,-8.08510638,0,1
22.0720721,-8.08510638,0,1.732051
22.7027027,-8.08510638,0,1.414214
23.3333333,-8.08510638,0,2.44949
23.963964,-8.08510638,0,2
24.5945946,-8.08510638,0,1.732051
25.2252252,-8.08510638,0,1
25.8558559,-8.08510638,0,2.236068
26.4864865,-8.08510638,0,1.732051
27.1171171,-8.08510638,0,2
27.7477477,-8.08510638,0,15.16575
28.3783784,-8.08510638,0,12.8841
29.009009,-8.08510638,0,7
29.6396396,-8.08510638,0,13.92839
30.2702703,-8.08510638,5.09554140127e-08,16.76305
30.9009009,-8.08510638,5.09554140127e-08,11.18034
31.5315315,-8.08510638,5.09554140127e-08,12.68858
32.1621622,-8.08510638,0,21.40093
32.7927928,-8.08510638,6.62420382166e-07,10.81665
33.4234234,-8.08510638,6.62420382166e-07,8.774964
34.0540541,-8.08510638,6.62420382166e-07,8.660254
34.6846847,-8.08510638,7.64331210191e-07,8.185353
35.3153153,-8.08510638,9.68152866242e-07,15.6205
35.9459459,-8.08510638,6.62420382166e-07,33.86739
36.5765766,-8.08510638,,42.82523
37.2072072,-8.08510638,,51.32251
37.8378378,-8.08510638,,50.37857
38.4684685,-8.08510638,,80.42388
39.0990991,-8.08510638,,80.21845
39.7297297,-8.08510638,,74.60563
40.3603604,-8.08510638,,61.58734
40.990991,-8.08510638,,57.56735
41.6216216,-8.08510638,,47.54997
42.2522523,-8.08510638,3.2101910828e-06,33.91165
42.8828829,-8.08510638,,37.37646
43.5135135,-8.08510638,3.36305732484e-06,33.43651
44.1441441,-8.08510638,3.36305732484e-06,21.30728
44.7747748,-8.08510638,3.97452229299e-06,11.7047
45.4054054,-8.08510638,4.94267515924e-06,12.36932
46.036036,-8.08510638,5.29936305732e-06,17.37815
46.6666667,-8.08510638,5.14649681529e-06,16.09348
47.2972973,-8.08510638,4.99363057325e-06,15.29706
47.9279279,-8.08510638,5.14649681529e-06,13.92839
48.5585586,-8.08510638,5.29936305732e-06,13.96424
49.1891892,-8.08510638,5.14649681529e-06,16.15549
49.8198198,-8.08510638,5.14649681529e-06,14.56022
50.4504505,-8.08510638,4.94267515924e-06,13
51.0810811,-8.08510638,4.17834394904e-06,15.84298
51.7117117,-8.08510638,3.46496815287e-06,20.02498
52.3423423,-8.08510638,3.36305732484e-06,32.20248
52.972973,-8.08510638,3.15923566879e-06,33.83785
53.6036036,-8.08510638,,52.99057
54.2342342,-8.08510638,,65.30697
54.8648649,-8.08510638,,79.64923
55.4954955,-8.08510638,,77.54998
56.1261261,-8.08510638,,42.82523
56.7567568,-8.08510638,9.68152866242e-07,8.660254
57.3873874,-8.08510638,0,16.52271
58.018018,-8.08510638,0,19.67232
58.6486486,-8.08510638,0,3.162278
59.2792793,-8.08510638,0,2.44949
59.9099099,-8.08510638,0,1.414214
60.5405405,-8.08510638,0,1
61.1711712,-8.08510638,0,1
61.8018018,-8.08510638,0,1
62.4324324,-8.08510638,0,1
63.0630631,-8.08510638,0,1
63.6936937,-8.08510638,0,1
64.3243243,-8.08510638,0,1
64.954955,-8.08510638,0,1
65.5855856,-8.08510638,0,1
66.2162162,-8.08510638,0,1
66.8468468,-8.08510638,0,1
67.4774775,-8.08510638,0,1
68.1081081,-8.08510638,7.79617834395e-06,2.236068
68.7387387,-8.08510638,7.89808917197e-06,0
69.3693694,-8.08510638,7.89808917197e-06,0
70,-8.08510638,7.89808917197e-06,0
0,-8.5106383,0,1
0.630630631,-8.5106383,0,1
1.26126126,-8.5106383,0,1
1.89189189,-8.5106383,0,1
2.52252252,-8.5106383,0,1
3.15315315,-8.5106383,0,1
3.78378378,-8.5106383,0,1
4.41441441,-8.5106383,0,1
5.04504505,-8.5106383,0,1
5.67567568,-8.5106383,0,1
6.30630631,-8.5106383,0,1
6.93693694,-8.5106383,0,1
7.56756757,-8.5106383,0,1
8.1981982,-8.5106383,0,1
8.82882883,-8.5106383,0,1
9.45945946,-8.5106383,0,1
10.0900901,-8.5106383,0,1
10.7207207,-8.5106383,0,1
11.3513514,-8.5106383,0,1
11.981982,-8.5106383,0,1
12.6126126,-8.5106383,0,1
13.2432432,-8.5106383,0,1
13.8738739,-8.5106383,0,1
14.5045045,-8.5106383,0,1
15.1351351,-8.5106383,0,1
15.7657658,-8.5106383,0,1
16.3963964,-8.5106383,0,1
17.027027,-8.5106383,0,1
17.6576577,-8.5106383,0,1
18.2882883,-8.5106383,0,1
18.9189189,-8.5106383,0,1
19.5495495,-8.5106383,0,1
20.1801802,-8.5106383,0,2
20.8108108,-8.5106383,0,1
21.4414414,-8.5106383,0,1
22.0720721,-8.5106383,0,1
22.7027027,-8.5106383,0,3.741657
23.3333333,-8.5106383,0,1
23.963964,-8.5106383,0,1
24.5945946,-8.5106383,0,1
25.2252252,-8.5106383,0,5.09902
25.8558559,-8.5106383,0,4.123106
26.4864865,-8.5106383,0,3
27.1171171,-8.5106383,0,4.123106
27.7477477,-8.5106383,0,11
28.3783784,-8.5106383,0,21.54066
29.009009,-8.5106383,0,9
29.6396396,-8.5106383,0,9.273618
30.2702703,-8.5106383,0,10.48809
30.9009009,-8.5106383,5.09554140127e-08,9.110434
31.5315315,-8.5106383,0,8.062258
32.1621622,-8.5106383,0,16.12452
32.7927928,-8.5106383,0,13.30413
33.4234234,-8.5106383,0,5.91608
34.0540541,-8.5106383,0,7.681146
34.6846847,-8.5106383,5.09554140127e-08,14.31782
35.3153153,-8.5106383,2.03821656051e-07,17.14643
35.9459459,-8.5106383,8.15286624204e-07,12.72792
36.5765766,-8.5106383,8.15286624204e-07,15.68439
37.2072072,-8.5106383,9.68152866242e-07,15.68439
37.8378378,-8.5106383,9.68152866242e-07,17.49286
38.4684685,-8.5106383,9.68152866242e-07,22.56103
39.0990991,-8.5106383,,47.1805
39.7297297,-8.5106383,,68.09552
40.3603604,-8.5106383,,82.1523
40.990991,-8.5106383,,79.63667
41.6216216,-8.5106383,,72.51896
42.2522523,-8.5106383,,60.44833
42.8828829,-8.5106383,,50.21952
43.5135135,-8.5106383,,43.18565
44.1441441,-8.5106383,3.2101910828e-06,27.91057
44.7747748,-8.5106383,,40.27406
45.4054054,-8.5106383,3.46496815287e-06,24.22808
46.036036,-8.5106383,4.17834394904e-06,6.708204
46.6666667,-8.5106383,4.58598726115e-06,9.273618
47.2972973,-8.5106383,4.53503184713e-06,12.08305
47.9279279,-8.5106383,4.02547770701e-06,12.68858
48.5585586,-8.5106383,4.3821656051e-06,13.41641
49.1891892,-8.5106383,4.73885350318e-06,11.22497
49.8198198,-8.5106383,4.94267515924e-06,12.36932
50.4504505,-8.5106383,4.58598726115e-06,11.44552
51.0810811,-8.5106383,4.12738853503e-06,13.34166
51.7117117,-8.5106383,3.36305732484e-06,19.20937
52.3423423,-8.5106383,3.36305732484e-06,32.06244
52.972973,-8.5106383,,37.92097
53.6036036,-8.5106383,,35.73514
54.2342342,-8.5106383,,58.14637
54.8648649,-8.5106383,,76.52451
55.4954955,-8.5106383,,76.66159
56.1261261,-8.5106383,7.13375796178e-07,20.71232
56.7567568,-8.5106383,2.03821656051e-07,12.24745
57.3873874,-8.5106383,0,14.52584
58.018018,-8.5106383,0,15.13275
58.6486486,-8.5106383,0,1
59.2792793,-8.5106383,0,1
59.9099099,-8.5106383,0,1
60.5405405,-8.5106383,0,1
61.1711712,-8.5106383,0,1
61.8018018,-8.5106383,0,1
62.4324324,-8.5106383,0,1
63.0630631,-8.5106383,0,1
63.6936937,-8.5106383,0,1
64.3243243,-8.5106383,0,1
64.954955,-8.5106383,0,1
65.5855856,-8.5106383,0,1
66.2162162,-8.5106383,0,1
66.8468468,-8.5106383,0,1
67.4774775,-8.5106383,0,1
68.1081081,-8.5106383,7.79617834395e-06,2.236068
68.7387387,-8.5106383,7.89808917197e-06,0
69.3693694,-8.5106383,7.89808917197e-06,0
70,-8.5106383,7.89808917197e-06,0
0,-8.93617021,7.74522292994e-06,29.06888
0.630630631,-8.93617021,5.09554140127e-08,26.26785
1.26126126,-8.93617021,0,1
1.89189189,-8.93617021,0,1
2.52252252,-8.93617021,0,1
3.15315315,-8.93617021,0,1
3.78378378,-8.93617021,0,1
4.41441441,-8.93617021,0,1
5.04504505,-8.93617021,0,1
5.67567568,-8.93617021,0,1
6.30630631,-8.93617021,0,1
6.93693694,-8.93617021,0,1
7.56756757,-8.93617021,0,1
8.1981982,-8.93617021,0,1
8.82882883,-8.93617021,0,1
9.45945946,-8.93617021,0,1
10.0900901,-8.93617021,0,1
10.7207207,-8.93617021,0,1
11.3513514,-8.93617021,0,1
11.981982,-8.93617021,0,1
12.6126126,-8.93617021,0,1
13.2432432,-8.93617021,0,1
13.8738739,-8.93617021,0,1
14.5045045,-8.93617021,0,1
15.1351351,-8.93617021,0,1
15.7657658,-8.93617021,0,1
16.3963964,-8.93617021,0,1
17.027027,-8.93617021,0,1
17.6576577,-8.93617021,0,1
18.2882883,-8.93617021,0,1
18.9189189,-8.93617021,0,1
19.5495495,-8.93617021,0,1
20.1801802,-8.93617021,0,1
20.8108108,-8.93617021,0,1
21.4414414,-8.93617021,0,1
22.0720721,-8.93617021,0,1
22.7027027,-8.93617021,0,1
23.3333333,-8.93617021,0,1
23.963964,-8.93617021,0,1
24.5945946,-8.93617021,0,1
25.2252252,-8.93617021,0,1
25.8558559,-8.93617021,0,1
26.4864865,-8.93617021,0,1
27.1171171,-8.93617021,0,1.414214
27.7477477,-8.93617021,0,4.690416
28.3783784,-8.93617021,0,5.830952
29.009009,-8.93617021,0,1
29.6396396,-8.93617021,0,6.557439
30.2702703,-8.93617021,0,6.164414
30.9009009,-8.93617021,0,6.480741
31.5315315,-8.93617021,0,2
32.1621622,-8.93617021,0,7.071068
32.7927928,-8.93617021,0,9.273618
33.4234234,-8.93617021,0,4.472136
34.0540541,-8.93617021,0,5.91608
34.6846847,-8.93617021,0,2.44949
35.3153153,-8.93617021,0,5.91608
35.9459459,-8.93617021,0,12.96148
36.5765766,-8.93617021,5.09554140127e-08,15.65248
37.2072072,-8.93617021,5.09554140127e-07,7.348469
37.8378378,-8.93617021,5.6050955414e-07,12.72792
38.4684685,-8.93617021,5.6050955414e-07,13.2665
39.0990991,-8.93617021,8.66242038217e-07,11.7047
39.7297297,-8.93617021,9.68152866242e-07,12.68858
40.3603604,-8.93617021,7.13375796178e-07,29.08608
40.990991,-8.93617021,,47.24405
41.6216216,-8.93617021,,80.65358
42.2522523,-8.93617021,,76.76588
42.8828829,-8.93617021,,76.35444
43.5135135,-8.93617021,,60.83584
44.1441441,-8.93617021,,55.18152
44.7747748,-8.93617021,,57.78408
45.4054054,-8.93617021,,39.77436
46.036036,-8.93617021,3.2101910828e-06,30.61046
46.6666667,-8.93617021,3.36305732484e-06,15.93738
47.2972973,-8.93617021,3.36305732484e-06,21.79449
47.9279279,-8.93617021,3.36305732484e-06,23.25941
48.5585586,-8.93617021,3.36305732484e-06,17.14643
49.1891892,-8.93617021,3.66878980892e-06,15.84298
49.8198198,-8.93617021,3.77070063694e-06,18.1659
50.4504505,-8.93617021,3.6178343949e-06,20.22375
51.0810811,-8.93617021,3.36305732484e-06,31.7175
51.7117117,-8.93617021,3.36305732484e-06,32.28002
52.3423423,-8.93617021,3.36305732484e-06,30.4795
52.972973,-8.93617021,,36.23534
53.6036036,-8.93617021,,57.49783
54.2342342,-8.93617021,,63.32456
54.8648649,-8.93617021,,77.62731
55.4954955,-8.93617021,,81.74962
56.1261261,-8.93617021,8.66242038217e-07,15.55635
56.7567568,-8.93617021,0,7.615773
57.3873874,-8.93617021,0,6.78233
58.018018,-8.93617021,0,8.774964
58.6486486,-8.93617021,0,1
59.2792793,-8.93617021,0,1
59.9099099,-8.93617021,0,1
60.5405405,-8.93617021,0,1
61.1711712,-8.93617021,0,1
61.8018018,-8.93617021,0,1
62.4324324,-8.93617021,0,1
63.0630631,-8.93617021,0,1
63.6936937,-8.93617021,0,1
64.3243243,-8.93617021,0,1
64.954955,-8.93617021,0,1
65.5855856,-8.93617021,0,1
66.2162162,-8.93617021,0,1
66.8468468,-8.93617021,0,1
67.4774775,-8.93617021,0,1
68.1081081,-8.93617021,7.79617834395e-06,2.236068
68.7387387,-8.93617021,7.89808917197e-06,0
69.3693694,-8.93617021,7.89808917197e-06,0
70,-8.93617021,7.89808917197e-06,0
0,-9.36170213,0,1
0.630630631,-9.36170213,0,1
1.26126126,-9.36170213,0,1
1.89189189,-9.36170213,0,1
2.52252252,-9.36170213,0,1
3.15315315,-9.36170213,0,1
3.78378378,-9.36170213,0,1
4.41441441,-9.36170213,0,1
5.04504505,-9.36170213,0,1
5.67567568,-9.36170213,0,1
6.30630631,-9.36170213,0,1
6.93693694,-9.36170213,0,1
7.56756757,-9.36170213,0,1
8.1981982,-9.36170213,0,1
8.82882883,-9.36170213,0,1
9.45945946,-9.36170213,0,1
10.0900901,-9.36170213,0,1
10.7207207,-9.36170213,0,1
11.3513514,-9.36170213,0,1
11.981982,-9.36170213,0,1
12.6126126,-9.36170213,0,1
13.2432432,-9.36170213,0,1
13.8738739,-9.36170213,0,1
14.5045045,-9.36170213,0,1
15.1351351,-9.36170213,0,1
15.7657658,-9.36170213,0,1
16.3963964,-9.36170213,0,1
17.027027,-9.36170213,0,1
17.6576577,-9.36170213,0,1
18.2882883,-9.36170213,0,1
18.9189189,-9.36170213,0,1
19.5495495,-9.36170213,0,1
20.1801802,-9.36170213,0,1
20.8108108,-9.36170213,0,1
21.4414414,-9.36170213,0,1
22.0720721,-9.36170213,0,1
22.7027027,-9.36170213,0,1
23.3333333,-9.36170213,0,1
23.963964,-9.36170213,0,1
24.5945946,-9.36170213,0,1
25.2252252,-9.36170213,0,1
25.8558559,-9.36170213,0,1
26.4864865,-9.36170213,0,1
27.1171171,-9.36170213,0,1
27.7477477,-9.36170213,0,1
28.3783784,-9.36170213,0,1
29.009009,-9.36170213,0,2.44949
29.6396396,-9.36170213,0,1.732051
30.2702703,-9.36170213,0,1.414214
30.9009009,-9.36170213,0,1.732051
31.5315315,-9.36170213,0,3
32.1621622,-9.36170213,0,1
32.7927928,-9.36170213,0,2
33.4234234,-9.36170213,0,1.732051
34.0540541,-9.36170213,0,1
34.6846847,-9.36170213,0,4.898979
35.3153153,-9.36170213,0,2.44949
35.9459459,-9.36170213,5.09554140127e-08,6.480741
36.5765766,-9.36170213,0,5.91608
37.2072072,-9.36170213,0,26.15339
37.8378378,-9.36170213,0,23.79075
38.4684685,-9.36170213,0,20.34699
39.0990991,-9.36170213,1.01910828025e-07,22.67157
39.7297297,-9.36170213,2.03821656051e-07,14.73092
40.3603604,-9.36170213,8.66242038217e-07,21.77154
40.990991,-9.36170213,8.15286624204e-07,12.68858
41.6216216,-9.36170213,7.13375796178e-07,15.06652
42.2522523,-9.36170213,,38.41875
42.8828829,-9.36170213,,62.8172
43.5135135,-9.36170213,,78.60662
44.1441441,-9.36170213,,70.29225
44.7747748,-9.36170213,,73.5459
45.4054054,-9.36170213,,64.21059
46.036036,-9.36170213,,54.12947
46.6666667,-9.36170213,3.2101910828e-06,30.41381
47.2972973,-9.36170213,3.36305732484e-06,27.74887
47.9279279,-9.36170213,3.36305732484e-06,28.67054
48.5585586,-9.36170213,,37.86819
49.1891892,-9.36170213,,36.85105
49.8198198,-9.36170213,3.2101910828e-06,33.49627
50.4504505,-9.36170213,,38.32754
51.0810811,-9.36170213,,37.21559
51.7117117,-9.36170213,3.2101910828e-06,28.87906
52.3423423,-9.36170213,,37.3497
52.972973,-9.36170213,,49.51767
53.6036036,-9.36170213,,60.9508
54.2342342,-9.36170213,,76.2627
54.8648649,-9.36170213,,67.60917
55.4954955,-9.36170213,,35.62303
56.1261261,-9.36170213,9.68152866242e-07,19
56.7567568,-9.36170213,0,18.68154
57.3873874,-9.36170213,0,3.741657
58.018018,-9.36170213,0,3
58.6486486,-9.36170213,0,1
59.2792793,-9.36170213,0,1
59.9099099,-9.36170213,0,1
60.5405405,-9.36170213,0,1
61.1711712,-9.36170213,0,1
61.8018018,-9.36170213,0,1
62.4324324,-9.36170213,0,1
63.0630631,-9.36170213,0,1
63.6936937,-9.36170213,0,1
64.3243243,-9.36170213,0,1
64.954955,-9.36170213,0,1
65.5855856,-9.36170213,0,1
66.2162162,-9.36170213,0,1
66.8468468,-9.36170213,0,1
67.4774775,-9.36170213,0,1
68.1081081,-9.36170213,7.79617834395e-06,2.236068
68.7387387,-9.36170213,7.89808917197e-06,0
69.3693694,-9.36170213,7.89808917197e-06,0
70,-9.36170213,7.89808917197e-06,0
0,-9.78723404,0,1
0.630630631,-9.78723404,0,1
1.26126126,-9.78723404,0,1
1.89189189,-9.78723404,0,1
2.52252252,-9.78723404,0,1
3.15315315,-9.78723404,0,1
3.78378378,-9.78723404,0,1
4.41441441,-9.78723404,0,1
5.04504505,-9.78723404,0,1
5.67567568,-9.78723404,0,1
6.30630631,-9.78723404,0,1
6.93693694,-9.78723404,0,1
7.56756757,-9.78723404,0,1
8.1981982,-9.78723404,0,1
8.82882883,-9.78723404,0,1
9.45945946,-9.78723404,0,1
10.0900901,-9.78723404,0,1
10.7207207,-9.78723404,0,1
11.3513514,-9.78723404,0,1
11.981982,-9.78723404,0,1
12.6126126,-9.78723404,0,1
13.2432432,-9.78723404,0,1
13.8738739,-9.78723404,0,1
14.5045045,-9.78723404,0,1
15.1351351,-9.78723404,0,1
15.7657658,-9.78723404,0,1
16.3963964,-9.78723404,0,1
17.027027,-9.78723404,0,1
17.6576577,-9.78723404,0,1
18.2882883,-9.78723404,0,1
18.9189189,-9.78723404,0,1
19.5495495,-9.78723404,0,1
20.1801802,-9.78723404,0,1
20.8108108,-9.78723404,0,1
21.4414414,-9.78723404,0,1
22.0720721,-9.78723404,0,1
22.7027027,-9.78723404,0,1
23.3333333,-9.78723404,0,1
23.963964,-9.78723404,0,1
24.5945946,-9.78723404,0,1
25.2252252,-9.78723404,0,1
25.8558559,-9.78723404,0,1
26.4864865,-9.78723404,0,1
27.1171171,-9.78723404,0,1
27.7477477,-9.78723404,0,1.414214
28.3783784,-9.78723404,0,1
29.009009,-9.78723404,0,1
29.6396396,-9.78723404,0,1
30.2702703,-9.78723404,0,1
30.9009009,-9.78723404,0,1
31.5315315,-9.78723404,0,1
32.1621622,-9.78723404,0,1
32.7927928,-9.78723404,0,3
33.4234234,-9.78723404,0,4.123106
34.0540541,-9.78723404,0,5.744563
34.6846847,-9.78723404,0,2.44949
35.3153153,-9.78723404,0,3
35.9459459,-9.78723404,0,5.385165
36.5765766,-9.78723404,0,5.91608
37.2072072,-9.78723404,0,15.16575
37.8378378,-9.78723404,0,19.26136
38.4684685,-9.78723404,5.09554140127e-08,6
39.0990991,-9.78723404,0,13.45362
39.7297297,-9.78723404,0,10.77033
40.3603604,-9.78723404,0,17.72005
40.990991,-9.78723404,0,8.774964
41.6216216,-9.78723404,2.54777070064e-07,13.92839
42.2522523,-9.78723404,6.62420382166e-07,5.477226
42.8828829,-9.78723404,9.68152866242e-07,14.31782
43.5135135,-9.78723404,,37.2827
44.1441441,-9.78723404,,57.71482
44.7747748,-9.78723404,,80.67837
45.4054054,-9.78723404,,75.92101
46.036036,-9.78723404,,67.02984
46.6666667,-9.78723404,,58.38664
47.2972973,-9.78723404,,37.21559
47.9279279,-9.78723404,,42.07137
48.5585586,-9.78723404,,55.01818
49.1891892,-9.78723404,,43.66921
49.8198198,-9.78723404,,40.36087
50.4504505,-9.78723404,,39.01282
51.0810811,-9.78723404,,37.21559
51.7117117,-9.78723404,,51.20547
52.3423423,-9.78723404,,58.38664
52.972973,-9.78723404,,59.74111
53.6036036,-9.78723404,,70.68946
54.2342342,-9.78723404,,44.39595
54.8648649,-9.78723404,7.13375796178e-07,21.61018
55.4954955,-9.78723404,9.68152866242e-07,11.6619
56.1261261,-9.78723404,5.6050955414e-07,10.04988
56.7567568,-9.78723404,0,6.403124
57.3873874,-9.78723404,0,3
58.018018,-9.78723404,0,1.414214
58.6486486,-9.78723404,0,1
59.2792793,-9.78723404,0,1
59.9099099,-9.78723404,0,1
60.5405405,-9.78723404,0,1
61.1711712,-9.78723404,0,1
61.8018018,-9.78723404,0,1
62.4324324,-9.78723404,0,1
63.0630631,-9.78723404,0,1
63.6936937,-9.78723404,0,1
64.3243243,-9.78723404,0,1
64.954955,-9.78723404,0,1
65.5855856,-9.78723404,0,1
66.2162162,-9.78723404,0,1
66.8468468,-9.78723404,0,1
67.4774775,-9.78723404,0,1
68.1081081,-9.78723404,7.79617834395e-06,2.236068
68.7387387,-9.78723404,7.89808917197e-06,0
69.3693694,-9.78723404,7.89808917197e-06,0
70,-9.78723404,7.89808917197e-06,0
0,-10.212766,0,1
0.630630631,-10.212766,0,1
1.26126126,-10.212766,0,1
1.89189189,-10.212766,0,1
2.52252252,-10.212766,0,1
3.15315315,-10.212766,0,1
3.78378378,-10.212766,0,1
4.41441441,-10.212766,0,1
5.04504505,-10.212766,0,1
5.67567568,-10.212766,0,1
6.30630631,-10.212766,0,1
6.93693694,-10.212766,0,1
7.56756757,-10.212766,0,1
8.1981982,-10.212766,0,1
8.82882883,-10.212766,0,1
9.45945946,-10.212766,0,1
10.0900901,-10.212766,0,1
10.7207207,-10.212766,0,1
11.3513514,-10.212766,0,1
11.981982,-10.212766,0,1
12.6126126,-10.212766,0,1
13.2432432,-10.212766,0,1
13.8738739,-10.212766,0,1
14.5045045,-10.212766,0,1
15.1351351,-10.212766,0,1
15.7657658,-10.212766,0,1
16.3963964,-10.212766,0,1
17.027027,-10.212766,0,1
17.6576577,-10.212766,0,1
18.2882883,-10.212766,0,1
18.9189189,-10.212766,0,1
19.5495495,-10.212766,0,1
20.1801802,-10.212766,0,1
20.8108108,-10.212766,0,1
21.4414414,-10.212766,0,1
22.0720721,-10.212766,0,1
22.7027027,-10.212766,0,1
23.3333333,-10.212766,0,1
23.963964,-10.212766,0,1
24.5945946,-10.212766,0,1
25.2252252,-10.212766,0,1
25.8558559,-10.212766,0,1
26.4864865,-10.212766,0,1
27.1171171,-10.212766,0,1
27.7477477,-10.212766,0,1
28.3783784,-10.212766,0,1
29.009009,-10.212766,0,1
29.6396396,-10.212766,0,1
30.2702703,-10.212766,0,1
30.9009009,-10.212766,0,1
31.5315315,-10.212766,0,1
32.1621622,-10.212766,0,1
32.7927928,-10.212766,0,3.162278
33.4234234,-10.212766,0,1.414214
34.0540541,-10.212766,0,3.162278
34.6846847,-10.212766,0,0
35.3153153,-10.212766,0,1
35.9459459,-10.212766,0,1.414214
36.5765766,-10.212766,0,9.110434
37.2072072,-10.212766,5.09554140127e-08,7.81025
37.8378378,-10.212766,0,10.48809
38.4684685,-10.212766,0,13.19091
39.0990991,-10.212766,0,9.433981
39.7297297,-10.212766,0,9
40.3603604,-10.212766,0,11.74734
40.990991,-10.212766,0,9.110434
41.6216216,-10.212766,0,12.8841
42.2522523,-10.212766,5.09554140127e-08,14.62874
42.8828829,-10.212766,2.03821656051e-07,14.17745
43.5135135,-10.212766,8.66242038217e-07,12.08305
44.1441441,-10.212766,9.68152866242e-07,24.87971
44.7747748,-10.212766,,38.6523
45.4054054,-10.212766,,68.70953
46.036036,-10.212766,,78.77182
46.6666667,-10.212766,,70.97887
47.2972973,-10.212766,,57.78408
47.9279279,-10.212766,,66.55825
48.5585586,-10.212766,,58.55766
49.1891892,-10.212766,,54.754
49.8198198,-10.212766,,42.9651
50.4504505,-10.212766,,41.49699
51.0810811,-10.212766,,55.64171
51.7117117,-10.212766,,54.20332
52.3423423,-10.212766,,63.83573
52.972973,-10.212766,,80.06248
53.6036036,-10.212766,,79.31582
54.2342342,-10.212766,7.13375796178e-07,27.58623
54.8648649,-10.212766,9.68152866242e-07,12.08305
55.4954955,-10.212766,9.68152866242e-07,21.56386
56.1261261,-10.212766,5.09554140127e-08,16.12452
56.7567568,-10.212766,0,12.4499
57.3873874,-10.212766,0,3.741657
58.018018,-10.212766,0,1
58.6486486,-10.212766,0,1
59.2792793,-10.212766,0,1
59.9099099,-10.212766,0,1
60.5405405,-10.212766,0,1
61.1711712,-10.212766,0,1
61.8018018,-10.212766,0,1
62.4324324,-10.212766,0,1
63.0630631,-10.212766,0,1
63.6936937,-10.212766,0,1
64.3243243,-10.212766,0,1
64.954955,-10.212766,0,1
65.5855856,-10.212766,0,1
66.2162162,-10.212766,0,1
66.8468468,-10.212766,0,1
67.4774775,-10.212766,0,1
68.1081081,-10.212766,7.79617834395e-06,2.236068
68.7387387,-10.212766,7.89808917197e-06,0
69.3693694,-10.212766,7.89808917197e-06,0
70,-10.212766,7.89808917197e-06,0
0,-10.6382979,0,1
0.630630631,-10.6382979,0,1
1.26126126,-10.6382979,0,1
1.89189189,-10.6382979,0,1
2.52252252,-10.6382979,0,1
3.15315315,-10.6382979,0,1
3.78378378,-10.6382979,0,1
4.41441441,-10.6382979,0,1
5.04504505,-10.6382979,0,1
5.67567568,-10.6382979,0,1
6.30630631,-10.6382979,0,1
6.93693694,-10.6382979,0,1
7.56756757,-10.6382979,0,1
8.1981982,-10.6382979,0,1
8.82882883,-10.6382979,0,1
9.45945946,-10.6382979,0,1
10.0900901,-10.6382979,0,1
10.7207207,-10.6382979,0,1
11.3513514,-10.6382979,0,1
11.981982,-10.6382979,0,1
12.6126126,-10.6382979,0,1
13.2432432,-10.6382979,0,1
13.8738739,-10.6382979,0,1
14.5045045,-10.6382979,0,1
15.1351351,-10.6382979,0,1
15.7657658,-10.6382979,0,1
16.3963964,-10.6382979,0,1
17.027027,-10.6382979,0,1
17.6576577,-10.6382979,0,1
18.2882883,-10.6382979,0,1
18.9189189,-10.6382979,0,1
19.5495495,-10.6382979,0,1
20.1801802,-10.6382979,0,1
20.8108108,-10.6382979,0,1
21.4414414,-10.6382979,0,1
22.0720721,-10.6382979,0,1
22.7027027,-10.6382979,0,1
23.3333333,-10.6382979,0,1
23.963964,-10.6382979,0,1
24.5945946,-10.6382979,0,1
25.2252252,-10.6382979,0,1
25.8558559,-10.6382979,0,1
26.4864865,-10.6382979,0,1
27.1171171,-10.6382979,0,1
27.7477477,-10.6382979,0,1
28.3783784,-10.6382979,0,1
29.009009,-10.6382979,0,1
29.6396396,-10.6382979,0,1
30.2702703,-10.6382979,0,1
30.9009009,-10.6382979,0,1
31.5315315,-10.6382979,0,1
32.1621622,-10.6382979,0,1
32.7927928,-10.6382979,0,1
33.4234234,-10.6382979,0,1
34.0540541,-10.6382979,0,1
34.6846847,-10.6382979,0,1
35.3153153,-10.6382979,0,1
35.9459459,-10.6382979,0,1.414214
36.5765766,-10.6382979,0,2
37.2072072,-10.6382979,5.09554140127e-08,4.242641
37.8378378,-10.6382979,0,1.414214
38.4684685,-10.6382979,0,1
39.0990991,-10.6382979,5.09554140127e-08,5
39.7297297,-10.6382979,0,1
40.3603604,-10.6382979,0,4.582576
40.990991,-10.6382979,0,3.741657
41.6216216,-10.6382979,0,2.44949
42.2522523,-10.6382979,5.09554140127e-08,11.7047
42.8828829,-10.6382979,5.09554140127e-08,19.26136
43.5135135,-10.6382979,0,20.07486
44.1441441,-10.6382979,8.15286624204e-07,14.76482
44.7747748,-10.6382979,9.68152866242e-07,7.549834
45.4054054,-10.6382979,8.66242038217e-07,23.10844
46.036036,-10.6382979,,46.76537
46.6666667,-10.6382979,,80.50466
47.2972973,-10.6382979,,77.80745
47.9279279,-10.6382979,,77.76889
48.5585586,-10.6382979,,73.7021
49.1891892,-10.6382979,,73.08215
49.8198198,-10.6382979,,61.36774
50.4504505,-10.6382979,,56.48008
51.0810811,-10.6382979,,71.39328
51.7117117,-10.6382979,,81.36953
52.3423423,-10.6382979,,81.9878
52.972973,-10.6382979,,80.48602
53.6036036,-10.6382979,,59.5483
54.2342342,-10.6382979,7.13375796178e-07,32.58834
54.8648649,-10.6382979,9.68152866242e-07,15.0333
55.4954955,-10.6382979,9.68152866242e-07,15.29706
56.1261261,-10.6382979,5.09554140127e-08,18.46619
56.7567568,-10.6382979,5.09554140127e-08,9
57.3873874,-10.6382979,0,5.09902
58.018018,-10.6382979,0,1
58.6486486,-10.6382979,0,1
59.2792793,-10.6382979,0,1
59.9099099,-10.6382979,0,1
60.5405405,-10.6382979,0,1
61.1711712,-10.6382979,0,1
61.8018018,-10.6382979,0,1
62.4324324,-10.6382979,0,1
63.0630631,-10.6382979,0,1
63.6936937,-10.6382979,0,1
64.3243243,-10.6382979,0,1
64.954955,-10.6382979,0,1
65.5855856,-10.6382979,0,1
66.2162162,-10.6382979,0,1
66.8468468,-10.6382979,0,1
67.4774775,-10.6382979,0,1
68.1081081,-10.6382979,7.79617834395e-06,2.236068
68.7387387,-10.6382979,7.89808917197e-06,0
69.3693694,-10.6382979,7.89808917197e-06,0
70,-10.6382979,7.89808917197e-06,0
0,-11.0638298,0,1
0.630630631,-11.0638298,0,1
1.26126126,-11.0638298,0,1
1.89189189,-11.0638298,0,1
2.52252252,-11.0638298,0,1
3.15315315,-11.0638298,0,1
3.78378378,-11.0638298,0,1
4.41441441,-11.0638298,0,1
5.04504505,-11.0638298,0,1
5.67567568,-11.0638298,0,1
6.30630631,-11.0638298,0,1
6.93693694,-11.0638298,0,1
7.56756757,-11.0638298,0,1
8.1981982,-11.0638298,0,1
8.82882883,-11.0638298,0,1
9.45945946,-11.0638298,0,1
10.0900901,-11.0638298,0,1
10.7207207,-11.0638298,0,1
11.3513514,-11.0638298,0,1
11.981982,-11.0638298,0,1
12.6126126,-11.0638298,0,1
13.2432432,-11.0638298,0,1
13.8738739,-11.0638298,0,1
14.5045045,-11.0638298,0,1
15.1351351,-11.0638298,0,1
15.7657658,-11.0638298,0,1
16.3963964,-11.0638298,0,1
17.027027,-11.0638298,0,1
17.6576577,-11.0638298,0,1
18.2882883,-11.0638298,0,1
18.9189189,-11.0638298,0,1
19.5495495,-11.0638298,0,1
20.1801802,-11.0638298,0,1
20.8108108,-11.0638298,0,1
21.4414414,-11.0638298,0,1
22.0720721,-11.0638298,0,1
22.7027027,-11.0638298,0,1
23.3333333,-11.0638298,0,1
23.963964,-11.0638298,0,1
24.5945946,-11.0638298,0,1
25.2252252,-11.0638298,0,1
25.8558559,-11.0638298,0,1
26.4864865,-11.0638298,0,1
27.1171171,-11.0638298,0,1
27.7477477,-11.0638298,0,1
28.3783784,-11.0638298,0,1
29.009009,-11.0638298,0,1
29.6396396,-11.0638298,0,1
30.2702703,-11.0638298,0,1
30.9009009,-11.0638298,0,1
31.5315315,-11.0638298,0,1
32.1621622,-11.0638298,0,1
32.7927928,-11.0638298,0,1
33.4234234,-11.0638298,0,1
34.0540541,-11.0638298,0,1
34.6846847,-11.0638298,0,1
35.3153153,-11.0638298,0,1
35.9459459,-11.0638298,0,1.414214
36.5765766,-11.0638298,0,1
37.2072072,-11.0638298,0,1.732051
37.8378378,-11.0638298,0,1
38.4684685,-11.0638298,0,3
39.0990991,-11.0638298,0,3
39.7297297,-11.0638298,0,1.732051
40.3603604,-11.0638298,0,3.741657
40.990991,-11.0638298,0,1
41.6216216,-11.0638298,0,5.09902
42.2522523,-11.0638298,5.09554140127e-08,5.09902
42.8828829,-11.0638298,0,1.414214
43.5135135,-11.0638298,0,7.348469
44.1441441,-11.0638298,5.09554140127e-08,11.57584
44.7747748,-11.0638298,5.6050955414e-07,20.19901
45.4054054,-11.0638298,8.66242038217e-07,12.04159
46.036036,-11.0638298,8.66242038217e-07,6.480741
46.6666667,-11.0638298,,37.21559
47.2972973,-11.0638298,,51.08816
47.9279279,-11.0638298,,64.01562
48.5585586,-11.0638298,,82.6922
49.1891892,-11.0638298,,76.92854
49.8198198,-11.0638298,,75.31932
50.4504505,-11.0638298,,79.81854
51.0810811,-11.0638298,,79.33473
51.7117117,-11.0638298,,80.90735
52.3423423,-11.0638298,,79.36624
52.972973,-11.0638298,,81.03086
53.6036036,-11.0638298,,55.22681
54.2342342,-11.0638298,7.13375796178e-07,27.36786
54.8648649,-11.0638298,8.66242038217e-07,11
55.4954955,-11.0638298,9.68152866242e-07,19.51922
56.1261261,-11.0638298,0,18.78829
56.7567568,-11.0638298,0,10.04988
57.3873874,-11.0638298,0,1.414214
58.018018,-11.0638298,0,1
58.6486486,-11.0638298,0,1
59.2792793,-11.0638298,0,1
59.9099099,-11.0638298,0,1
60.5405405,-11.0638298,0,1
61.1711712,-11.0638298,0,1
61.8018018,-11.0638298,0,1
62.4324324,-11.0638298,0,1
63.0630631,-11.0638298,0,1
63.6936937,-11.0638298,0,1
64.3243243,-11.0638298,0,1
64.954955,-11.0638298,0,1
65.5855856,-11.0638298,0,1
66.2162162,-11.0638298,0,1
66.8468468,-11.0638298,0,1
67.4774775,-11.0638298,0,1
68.1081081,-11.0638298,7.79617834395e-06,2.236068
68.7387387,-11.0638298,7.89808917197e-06,0
69.3693694,-11.0638298,7.89808917197e-06,0
70,-11.0638298,7.89808917197e-06,0
0,-11.4893617,0,1
0.630630631,-11.4893617,0,1
1.26126126,-11.4893617,0,1
1.89189189,-11.4893617,0,1
2.52252252,-11.4893617,0,1
3.15315315,-11.4893617,0,1
3.78378378,-11.4893617,0,1
4.41441441,-11.4893617,0,1
5.04504505,-11.4893617,0,1
5.67567568,-11.4893617,0,1
6.30630631,-11.4893617,0,1
6.93693694,-11.4893617,0,1
7.56756757,-11.4893617,0,1
8.1981982,-11.4893617,0,1
8.82882883,-11.4893617,0,1
9.45945946,-11.4893617,0,1
10.0900901,-11.4893617,0,1
10.7207207,-11.4893617,0,1
11.3513514,-11.4893617,0,1
11.981982,-11.4893617,0,1
12.6126126,-11.4893617,0,1
13.2432432,-11.4893617,0,1
13.8738739,-11.4893617,0,1
14.5045045,-11.4893617,0,1
15.1351351,-11.4893617,0,1
15.7657658,-11.4893617,0,1
16.3963964,-11.4893617,0,1
17.027027,-11.4893617,0,1
17.6576577,-11.4893617,0,1
18.2882883,-11.4893617,0,1
18.9189189,-11.4893617,0,1
19.5495495,-11.4893617,0,1
20.1801802,-11.4893617,0,1
20.8108108,-11.4893617,0,1
21.4414414,-11.4893617,0,1
22.0720721,-11.4893617,0,1
22.7027027,-11.4893617,0,1
23.3333333,-11.4893617,0,1
23.963964,-11.4893617,0,1
24.5945946,-11.4893617,0,1
25.2252252,-11.4893617,0,1
25.8558559,-11.4893617,0,1
26.4864865,-11.4893617,0,1
27.1171171,-11.4893617,0,1
27.7477477,-11.4893617,0,1
28.3783784,-11.4893617,0,1
29.009009,-11.4893617,0,1
29.6396396,-11.4893617,0,1
30.2702703,-11.4893617,0,1
30.9009009,-11.4893617,0,1
31.5315315,-11.4893617,0,1
32.1621622,-11.4893617,0,1
32.7927928,-11.4893617,0,1
33.4234234,-11.4893617,0,1
34.0540541,-11.4893617,0,1
34.6846847,-11.4893617,0,1
35.3153153,-11.4893617,0,1
35.9459459,-11.4893617,0,2.44949
36.5765766,-11.4893617,0,2
37.2072072,-11.4893617,0,2
37.8378378,-11.4893617,0,1
38.4684685,-11.4893617,0,1
39.0990991,-11.4893617,0,1
39.7297297,-11.4893617,0,1.414214
40.3603604,-11.4893617,0,1
40.990991,-11.4893617,0,1
41.6216216,-11.4893617,0,0
42.2522523,-11.4893617,0,0
42.8828829,-11.4893617,0,0
43.5135135,-11.4893617,0,8.124038
44.1441441,-11.4893617,0,12.4499
44.7747748,-11.4893617,0,12.04159
45.4054054,-11.4893617,5.09554140127e-08,13.45362
46.036036,-11.4893617,1.01910828025e-07,5.09902
46.6666667,-11.4893617,9.68152866242e-07,17.02939
47.2972973,-11.4893617,9.68152866242e-07,13.60147
47.9279279,-11.4893617,9.68152866242e-07,24.24871
48.5585586,-11.4893617,,37.20215
49.1891892,-11.4893617,,55
49.8198198,-11.4893617,,73.17787
50.4504505,-11.4893617,,81.84131
51.0810811,-11.4893617,,78.94935
51.7117117,-11.4893617,,77.34339
52.3423423,-11.4893617,,78.94935
52.972973,-11.4893617,,66
53.6036036,-11.4893617,6.62420382166e-07,34.14674
54.2342342,-11.4893617,9.68152866242e-07,20.3224
54.8648649,-11.4893617,9.68152866242e-07,15.81139
55.4954955,-11.4893617,2.54777070064e-07,7.81025
56.1261261,-11.4893617,0,11.53256
56.7567568,-11.4893617,0,16.91153
57.3873874,-11.4893617,0,3.741657
58.018018,-11.4893617,0,1
58.6486486,-11.4893617,0,1
59.2792793,-11.4893617,0,1
59.9099099,-11.4893617,0,1
60.5405405,-11.4893617,0,1
61.1711712,-11.4893617,0,1
61.8018018,-11.4893617,0,1
62.4324324,-11.4893617,0,1
63.0630631,-11.4893617,0,1
63.6936937,-11.4893617,0,1
64.3243243,-11.4893617,0,1
64.954955,-11.4893617,0,1
65.5855856,-11.4893617,0,1
66.2162162,-11.4893617,0,1
66.8468468,-11.4893617,0,1
67.4774775,-11.4893617,0,1
68.1081081,-11.4893617,7.79617834395e-06,2.236068
68.7387387,-11.4893617,7.89808917197e-06,0
69.3693694,-11.4893617,7.89808917197e-06,0
70,-11.4893617,7.89808917197e-06,0
0,-11.9148936,0,1
0.630630631,-11.9148936,0,1
1.26126126,-11.9148936,0,1
1.89189189,-11.9148936,0,1
2.52252252,-11.9148936,0,1
3.15315315,-11.9148936,0,1
3.78378378,-11.9148936,0,1
4.41441441,-11.9148936,0,1
5.04504505,-11.9148936,0,1
5.67567568,-11.9148936,0,1
6.30630631,-11.9148936,0,1
6.93693694,-11.9148936,0,1
7.56756757,-11.9148936,0,1
8.1981982,-11.9148936,0,1
8.82882883,-11.9148936,0,1
9.45945946,-11.9148936,0,1
10.0900901,-11.9148936,0,1
10.7207207,-11.9148936,0,1
11.3513514,-11.9148936,0,1
11.981982,-11.9148936,0,1
12.6126126,-11.9148936,0,1
13.2432432,-11.9148936,0,1
13.8738739,-11.9148936,0,1
14.5045045,-11.9148936,0,1
15.1351351,-11.9148936,0,1
15.7657658,-11.9148936,0,1
16.3963964,-11.9148936,0,1
17.027027,-11.9148936,0,1
17.6576577,-11.9148936,0,1
18.2882883,-11.9148936,0,1
18.9189189,-11.9148936,0,1
19.5495495,-11.9148936,0,1
20.1801802,-11.9148936,0,1
20.8108108,-11.9148936,0,1
21.4414414,-11.9148936,0,1
22.0720721,-11.9148936,0,1
22.7027027,-11.9148936,0,1
23.3333333,-11.9148936,0,1
23.963964,-11.9148936,0,1
24.5945946,-11.9148936,0,1
25.2252252,-11.9148936,0,1
25.8558559,-11.9148936,0,1
26.4864865,-11.9148936,0,1
27.1171171,-11.9148936,0,1
27.7477477,-11.9148936,0,1
28.3783784,-11.9148936,0,1
29.009009,-11.9148936,0,1
29.6396396,-11.9148936,0,1
30.2702703,-11.9148936,0,1
30.9009009,-11.9148936,0,1
31.5315315,-11.9148936,0,1
32.1621622,-11.9148936,0,1
32.7927928,-11.9148936,0,1
33.4234234,-11.9148936,0,1
34.0540541,-11.9148936,0,1
34.6846847,-11.9148936,0,1
35.3153153,-11.9148936,0,1
35.9459459,-11.9148936,0,1
36.5765766,-11.9148936,0,1
37.2072072,-11.9148936,0,1
37.8378378,-11.9148936,0,1
38.4684685,-11.9148936,0,1
39.0990991,-11.9148936,0,1
39.7297297,-11.9148936,0,1
40.3603604,-11.9148936,0,1
40.990991,-11.9148936,0,1
41.6216216,-11.9148936,0,1
42.2522523,-11.9148936,0,1
42.8828829,-11.9148936,0,1
43.5135135,-11.9148936,0,4.123106
44.1441441,-11.9148936,0,4.123106
44.7747748,-11.9148936,0,5.830952
45.4054054,-11.9148936,0,7.28011
46.036036,-11.9148936,0,6.708204
46.6666667,-11.9148936,5.09554140127e-08,10.67708
47.2972973,-11.9148936,6.62420382166e-07,12.08305
47.9279279,-11.9148936,8.15286624204e-07,14.45683
48.5585586,-11.9148936,7.13375796178e-07,9.110434
49.1891892,-11.9148936,9.68152866242e-07,12.8841
49.8198198,-11.9148936,7.13375796178e-07,26.72078
50.4504505,-11.9148936,,37.74917
51.0810811,-11.9148936,,70.91544
51.7117117,-11.9148936,,66.30988
52.3423423,-11.9148936,,56.07138
52.972973,-11.9148936,,36.24914
53.6036036,-11.9148936,9.68152866242e-07,23.68544
54.2342342,-11.9148936,9.68152866242e-07,9.380832
54.8648649,-11.9148936,5.6050955414e-07,11.57584
55.4954955,-11.9148936,0,9.486833
56.1261261,-11.9148936,0,9.69536
56.7567568,-11.9148936,0,5.91608
57.3873874,-11.9148936,0,1.414214
58.018018,-11.9148936,0,1
58.6486486,-11.9148936,0,1
59.2792793,-11.9148936,0,1
59.9099099,-11.9148936,0,1
60.5405405,-11.9148936,0,1
61.1711712,-11.9148936,0,1
61.8018018,-11.9148936,0,1
62.4324324,-11.9148936,0,1
63.0630631,-11.9148936,0,1
63.6936937,-11.9148936,0,1
64.3243243,-11.9148936,0,1
64.954955,-11.9148936,0,1
65.5855856,-11.9148936,0,1
66.2162162,-11.9148936,0,1
66.8468468,-11.9148936,0,1
67.4774775,-11.9148936,0,1
68.1081081,-11.9148936,7.79617834395e-06,2.236068
68.7387387,-11.9148936,7.89808917197e-06,0
69.3693694,-11.9148936,7.89808917197e-06,0
70,-11.9148936,7.89808917197e-06,0
0,-12.3404255,0,1
0.630630631,-12.3404255,0,1
1.26126126,-12.3404255,0,1
1.89189189,-12.3404255,0,1
2.52252252,-12.3404255,0,1
3.15315315,-12.3404255,0,1
3.78378378,-12.3404255,0,1
4.41441441,-12.3404255,0,1
5.04504505,-12.3404255,0,1
5.67567568,-12.3404255,0,1
6.30630631,-12.3404255,0,1
6.93693694,-12.3404255,0,1
7.56756757,-12.3404255,0,1
8.1981982,-12.3404255,0,1
8.82882883,-12.3404255,0,1
9.45945946,-12.3404255,0,1
10.0900901,-12.3404255,0,1
10.7207207,-12.3404255,0,1
11.3513514,-12.3404255,0,1
11.981982,-12.3404255,0,1
12.6126126,-12.3404255,0,1
13.2432432,-12.3404255,0,1
13.8738739,-12.3404255,0,1
14.5045045,-12.3404255,0,1
15.1351351,-12.3404255,0,1
15.7657658,-12.3404255,0,1
16.3963964,-12.3404255,0,1
17.027027,-12.3404255,0,1
17.6576577,-12.3404255,0,1
18.2882883,-12.3404255,0,1
18.9189189,-12.3404255,0,1
19.5495495,-12.3404255,0,1
20.1801802,-12.3404255,0,1
20.8108108,-12.3404255,0,1
21.4414414,-12.3404255,0,1
22.0720721,-12.3404255,0,1
22.7027027,-12.3404255,0,1
23.3333333,-12.3404255,0,1
23.963964,-12.3404255,0,1
24.5945946,-12.3404255,0,1
25.2252252,-12.3404255,0,1
25.8558559,-12.3404255,0,1
26.4864865,-12.3404255,0,1
27.1171171,-12.3404255,0,1
27.7477477,-12.3404255,0,1
28.3783784,-12.3404255,0,1
29.009009,-12.3404255,0,1
29.6396396,-12.3404255,0,1
30.2702703,-12.3404255,0,1
30.9009009,-12.3404255,0,1
31.5315315,-12.3404255,0,1
32.1621622,-12.3404255,0,1
32.7927928,-12.3404255,0,1
33.4234234,-12.3404255,0,1
34.0540541,-12.3404255,0,1
34.6846847,-12.3404255,0,1
35.3153153,-12.3404255,0,1
35.9459459,-12.3404255,0,1
36.5765766,-12.3404255,0,1
37.2072072,-12.3404255,0,1
37.8378378,-12.3404255,0,1
38.4684685,-12.3404255,0,1
39.0990991,-12.3404255,0,1
39.7297297,-12.3404255,0,1
40.3603604,-12.3404255,0,1
40.990991,-12.3404255,0,1
41.6216216,-12.3404255,0,1
42.2522523,-12.3404255,0,1
42.8828829,-12.3404255,0,1
43.5135135,-12.3404255,0,1
44.1441441,-12.3404255,0,2.44949
44.7747748,-12.3404255,0,1
45.4054054,-12.3404255,0,5.385165
46.036036,-12.3404255,0,3
46.6666667,-12.3404255,0,9.110434
47.2972973,-12.3404255,0,16.7332
47.9279279,-12.3404255,0,10.48809
48.5585586,-12.3404255,5.09554140127e-08,16.30951
49.1891892,-12.3404255,4.58598726115e-07,5
49.8198198,-12.3404255,5.6050955414e-07,13.19091
50.4504505,-12.3404255,9.68152866242e-07,11.40175
51.0810811,-12.3404255,7.13375796178e-07,22.49444
51.7117117,-12.3404255,7.13375796178e-07,29.42788
52.3423423,-12.3404255,7.13375796178e-07,26.32489
52.972973,-12.3404255,9.68152866242e-07,13.74773
53.6036036,-12.3404255,9.68152866242e-07,17.94436
54.2342342,-12.3404255,9.68152866242e-07,16.52271
54.8648649,-12.3404255,5.09554140127e-08,16.34013
55.4954955,-12.3404255,0,8.485281
56.1261261,-12.3404255,0,2.44949
56.7567568,-12.3404255,0,1.414214
57.3873874,-12.3404255,0,1
58.018018,-12.3404255,0,1
58.6486486,-12.3404255,0,1
59.2792793,-12.3404255,0,1
59.9099099,-12.3404255,0,1
60.5405405,-12.3404255,0,1
61.1711712,-12.3404255,0,1
61.8018018,-12.3404255,0,1
62.4324324,-12.3404255,0,1
63.0630631,-12.3404255,0,1
63.6936937,-12.3404255,0,1
64.3243243,-12.3404255,0,1
64.954955,-12.3404255,0,1
65.5855856,-12.3404255,0,1
66.2162162,-12.3404255,0,1
66.8468468,-12.3404255,0,1
67.4774775,-12.3404255,0,1
68.1081081,-12.3404255,7.79617834395e-06,2.236068
68.7387387,-12.3404255,7.89808917197e-06,0
69.3693694,-12.3404255,7.89808917197e-06,0
70,-12.3404255,7.89808917197e-06,0
0,-12.7659574,0,1
0.630630631,-12.7659574,0,1
1.26126126,-12.7659574,0,1
1.89189189,-12.7659574,0,1
2.52252252,-12.7659574,0,1
3.15315315,-12.7659574,0,1
3.78378378,-12.7659574,0,1
4.41441441,-12.7659574,0,1
5.04504505,-12.7659574,0,1
5.67567568,-12.7659574,0,1
6.30630631,-12.7659574,0,1
6.93693694,-12.7659574,0,1
7.56756757,-12.7659574,0,1
8.1981982,-12.7659574,0,1
8.82882883,-12.7659574,0,1
9.45945946,-12.7659574,0,1
10.0900901,-12.7659574,0,1
10.7207207,-12.7659574,0,1
11.3513514,-12.7659574,0,1
11.981982,-12.7659574,0,1
12.6126126,-12.7659574,0,1
13.2432432,-12.7659574,0,1
13.8738739,-12.7659574,0,1
14.5045045,-12.7659574,0,1
15.1351351,-12.7659574,0,1
15.7657658,-12.7659574,0,1
16.3963964,-12.7659574,0,1
17.027027,-12.7659574,0,1
17.6576577,-12.7659574,0,1
18.2882883,-12.7659574,0,1
18.9189189,-12.7659574,0,1
19.5495495,-12.7659574,0,1
20.1801802,-12.7659574,0,1
20.8108108,-12.7659574,0,1
21.4414414,-12.7659574,0,1
22.0720721,-12.7659574,0,1
22.7027027,-12.7659574,0,1
23.3333333,-12.7659574,0,1
23.963964,-12.7659574,0,1
24.5945946,-12.7659574,0,1
25.2252252,-12.7659574,0,1
25.8558559,-12.7659574,0,1
26.4864865,-12.7659574,0,1
27.1171171,-12.7659574,0,1
27.7477477,-12.7659574,0,1
28.3783784,-12.7659574,0,1
29.009009,-12.7659574,0,1
29.6396396,-12.7659574,0,1
30.2702703,-12.7659574,0,1
30.9009009,-12.7659574,0,1
31.5315315,-12.7659574,0,1
32.1621622,-12.7659574,0,1
32.7927928,-12.7659574,0,1
33.4234234,-12.7659574,0,1
34.0540541,-12.7659574,0,1
34.6846847,-12.7659574,0,1
35.3153153,-12.7659574,0,1
35.9459459,-12.7659574,0,1
36.5765766,-12.7659574,0,1
37.2072072,-12.7659574,0,1
37.8378378,-12.7659574,0,1
38.4684685,-12.7659574,0,1
39.0990991,-12.7659574,0,1
39.7297297,-12.7659574,0,1
40.3603604,-12.7659574,0,1
40.990991,-12.7659574,0,1
41.6216216,-12.7659574,0,1
42.2522523,-12.7659574,0,1
42.8828829,-12.7659574,0,1
43.5135135,-12.7659574,0,1.414214
44.1441441,-12.7659574,0,1
44.7747748,-12.7659574,0,1
45.4054054,-12.7659574,0,3
46.036036,-12.7659574,0,2
46.6666667,-12.7659574,5.09554140127e-08,9.110434
47.2972973,-12.7659574,0,12.20656
47.9279279,-12.7659574,0,13.45362
48.5585586,-12.7659574,0,15.29706
49.1891892,-12.7659574,0,17.49286
49.8198198,-12.7659574,0,20.83267
50.4504505,-12.7659574,1.01910828025e-07,10.72381
51.0810811,-12.7659574,4.58598726115e-07,14.42221
51.7117117,-12.7659574,8.66242038217e-07,11.04536
52.3423423,-12.7659574,9.68152866242e-07,17.80449
52.972973,-12.7659574,9.68152866242e-07,21.11871
53.6036036,-12.7659574,9.68152866242e-07,8.831761
54.2342342,-12.7659574,5.09554140127e-08,16.09348
54.8648649,-12.7659574,0,18.19341
55.4954955,-12.7659574,0,6.480741
56.1261261,-12.7659574,0,0
56.7567568,-12.7659574,0,1
57.3873874,-12.7659574,0,1.414214
58.018018,-12.7659574,0,1
58.6486486,-12.7659574,0,1
59.2792793,-12.7659574,0,1
59.9099099,-12.7659574,0,1
60.5405405,-12.7659574,0,1
61.1711712,-12.7659574,0,1
61.8018018,-12.7659574,0,1
62.4324324,-12.7659574,0,1
63.0630631,-12.7659574,0,1
63.6936937,-12.7659574,0,1
64.3243243,-12.7659574,0,1
64.954955,-12.7659574,0,1
65.5855856,-12.7659574,0,1
66.2162162,-12.7659574,0,1
66.8468468,-12.7659574,0,1
67.4774775,-12.7659574,0,1
68.1081081,-12.7659574,7.79617834395e-06,2.236068
68.7387387,-12.7659574,7.89808917197e-06,0
69.3693694,-12.7659574,7.89808917197e-06,0
70,-12.7659574,7.89808917197e-06,0
0,-13.1914894,0,1
0.630630631,-13.1914894,0,1
1.26126126,-13.1914894,0,1
1.89189189,-13.1914894,0,1
2.52252252,-13.1914894,0,1
3.15315315,-13.1914894,0,1
3.78378378,-13.1914894,0,1
4.41441441,-13.1914894,0,1
5.04504505,-13.1914894,0,1
5.67567568,-13.1914894,0,1
6.30630631,-13.1914894,0,1
6.93693694,-13.1914894,0,1
7.56756757,-13.1914894,0,1
8.1981982,-13.1914894,0,1
8.82882883,-13.1914894,0,1
9.45945946,-13.1914894,0,1
10.0900901,-13.1914894,0,1
10.7207207,-13.1914894,0,1
11.3513514,-13.1914894,0,1
11.981982,-13.1914894,0,1
12.6126126,-13.1914894,0,1
13.2432432,-13.1914894,0,1
13.8738739,-13.1914894,0,1
14.5045045,-13.1914894,0,1
15.1351351,-13.1914894,0,1
15.7657658,-13.1914894,0,1
16.3963964,-13.1914894,0,1
17.027027,-13.1914894,0,1
17.6576577,-13.1914894,0,1
18.2882883,-13.1914894,0,1
18.9189189,-13.1914894,0,1
19.5495495,-13.1914894,0,1
20.1801802,-13.1914894,0,1
20.8108108,-13.1914894,0,1
21.4414414,-13.1914894,0,1
22.0720721,-13.1914894,0,1
22.7027027,-13.1914894,0,1
23.3333333,-13.1914894,0,1
23.963964,-13.1914894,0,1
24.5945946,-13.1914894,0,1
25.2252252,-13.1914894,0,1
25.8558559,-13.1914894,0,1
26.4864865,-13.1914894,0,1
27.1171171,-13.1914894,0,1
27.7477477,-13.1914894,0,1
28.3783784,-13.1914894,0,1
29.009009,-13.1914894,0,1
29.6396396,-13.1914894,0,1
30.2702703,-13.1914894,0,1
30.9009009,-13.1914894,0,1
31.5315315,-13.1914894,0,1
32.1621622,-13.1914894,0,1
32.7927928,-13.1914894,0,1
33.4234234,-13.1914894,0,1
34.0540541,-13.1914894,0,1
34.6846847,-13.1914894,0,1
35.3153153,-13.1914894,0,1
35.9459459,-13.1914894,0,1
36.5765766,-13.1914894,0,1
37.2072072,-13.1914894,0,1
37.8378378,-13.1914894,0,1
38.4684685,-13.1914894,0,1
39.0990991,-13.1914894,0,1
39.7297297,-13.1914894,0,1
40.3603604,-13.1914894,0,1
40.990991,-13.1914894,0,1
41.6216216,-13.1914894,0,1
42.2522523,-13.1914894,0,1
42.8828829,-13.1914894,0,1
43.5135135,-13.1914894,0,1
44.1441441,-13.1914894,0,1
44.7747748,-13.1914894,0,1
45.4054054,-13.1914894,0,1
46.036036,-13.1914894,0,1
46.6666667,-13.1914894,0,13.37909
47.2972973,-13.1914894,0,9.273618
47.9279279,-13.1914894,0,7
48.5585586,-13.1914894,0,14.45683
49.1891892,-13.1914894,0,9.848858
49.8198198,-13.1914894,0,7.81025
50.4504505,-13.1914894,0,13.15295
51.0810811,-13.1914894,0,17.14643
51.7117117,-13.1914894,0,15.84298
52.3423423,-13.1914894,4.07643312102e-07,9
52.972973,-13.1914894,4.07643312102e-07,19.33908
53.6036036,-13.1914894,0,20.68816
54.2342342,-13.1914894,0,16.24808
54.8648649,-13.1914894,0,10.48809
55.4954955,-13.1914894,0,2
56.1261261,-13.1914894,0,1
56.7567568,-13.1914894,0,1
57.3873874,-13.1914894,0,1.414214
58.018018,-13.1914894,0,1
58.6486486,-13.1914894,0,1
59.2792793,-13.1914894,0,1
59.9099099,-13.1914894,0,1
60.5405405,-13.1914894,0,1
61.1711712,-13.1914894,0,1
61.8018018,-13.1914894,0,1
62.4324324,-13.1914894,0,1
63.0630631,-13.1914894,0,1
63.6936937,-13.1914894,0,1
64.3243243,-13.1914894,0,1
64.954955,-13.1914894,0,1
65.5855856,-13.1914894,0,1
66.2162162,-13.1914894,0,1
66.8468468,-13.1914894,0,1
67.4774775,-13.1914894,0,1
68.1081081,-13.1914894,7.79617834395e-06,2.236068
68.7387387,-13.1914894,7.89808917197e-06,0
69.3693694,-13.1914894,7.89808917197e-06,0
70,-13.1914894,7.89808917197e-06,0
0,-13.6170213,0,1
0.630630631,-13.6170213,0,1
1.26126126,-13.6170213,0,1
1.89189189,-13.6170213,0,1
2.52252252,-13.6170213,0,1
3.15315315,-13.6170213,0,1
3.78378378,-13.6170213,0,1
4.41441441,-13.6170213,0,1
5.04504505,-13.6170213,0,1
5.67567568,-13.6170213,0,1
6.30630631,-13.6170213,0,1
6.93693694,-13.6170213,0,1
7.56756757,-13.6170213,0,1
8.1981982,-13.6170213,0,1
8.82882883,-13.6170213,0,1
9.45945946,-13.6170213,0,1
10.0900901,-13.6170213,0,1
10.7207207,-13.6170213,0,1
11.3513514,-13.6170213,0,1
11.981982,-13.6170213,0,1
12.6126126,-13.6170213,0,1
13.2432432,-13.6170213,0,1
13.8738739,-13.6170213,0,1
14.5045045,-13.6170213,0,1
15.1351351,-13.6170213,0,1
15.7657658,-13.6170213,0,1
16.3963964,-13.6170213,0,1
17.027027,-13.6170213,0,1
17.6576577,-13.6170213,0,1
18.2882883,-13.6170213,0,1
18.9189189,-13.6170213,0,1
19.5495495,-13.6170213,0,1
20.1801802,-13.6170213,0,1
20.8108108,-13.6170213,0,1
21.4414414,-13.6170213,0,1
22.0720721,-13.6170213,0,1
22.7027027,-13.6170213,0,1
23.3333333,-13.6170213,0,1
23.963964,-13.6170213,0,1
24.5945946,-13.6170213,0,1
25.2252252,-13.6170213,0,1
25.8558559,-13.6170213,0,1
26.4864865,-13.6170213,0,1
27.1171171,-13.6170213,0,1
27.7477477,-13.6170213,0,1
28.3783784,-13.6170213,0,1
29.009009,-13.6170213,0,1
29.6396396,-13.6170213,0,1
30.2702703,-13.6170213,0,1
30.9009009,-13.6170213,0,1
31.5315315,-13.6170213,0,1
32.1621622,-13.6170213,0,1
32.7927928,-13.6170213,0,1
33.4234234,-13.6170213,0,1
34.0540541,-13.6170213,0,1
34.6846847,-13.6170213,0,1
35.3153153,-13.6170213,0,1
35.9459459,-13.6170213,0,1
36.5765766,-13.6170213,0,1
37.2072072,-13.6170213,0,1
37.8378378,-13.6170213,0,1
38.4684685,-13.6170213,0,1
39.0990991,-13.6170213,0,1
39.7297297,-13.6170213,0,1
40.3603604,-13.6170213,0,1
40.990991,-13.6170213,0,1
41.6216216,-13.6170213,0,1
42.2522523,-13.6170213,0,1
42.8828829,-13.6170213,0,1
43.5135135,-13.6170213,0,1
44.1441441,-13.6170213,0,1
44.7747748,-13.6170213,0,1
45.4054054,-13.6170213,0,1
46.036036,-13.6170213,0,0
46.6666667,-13.6170213,0,1.414214
47.2972973,-13.6170213,0,2.828427
47.9279279,-13.6170213,0,1.414214
48.5585586,-13.6170213,0,2.236068
49.1891892,-13.6170213,0,2.44949
49.8198198,-13.6170213,0,3.316625
50.4504505,-13.6170213,0,3
51.0810811,-13.6170213,0,4.242641
51.7117117,-13.6170213,0,1.414214
52.3423423,-13.6170213,0,13.92839
52.972973,-13.6170213,0,11.57584
53.6036036,-13.6170213,0,1
54.2342342,-13.6170213,0,2.44949
54.8648649,-13.6170213,0,1.732051
55.4954955,-13.6170213,0,1.414214
56.1261261,-13.6170213,0,1
56.7567568,-13.6170213,0,1
57.3873874,-13.6170213,0,2.44949
58.018018,-13.6170213,0,1
58.6486486,-13.6170213,0,1
59.2792793,-13.6170213,0,1
59.9099099,-13.6170213,0,1
60.5405405,-13.6170213,0,1
61.1711712,-13.6170213,0,1
61.8018018,-13.6170213,0,1
62.4324324,-13.6170213,0,1
63.0630631,-13.6170213,0,1
63.6936937,-13.6170213,0,1
64.3243243,-13.6170213,0,1
64.954955,-13.6170213,0,1
65.5855856,-13.6170213,0,1
66.2162162,-13.6170213,0,1
66.8468468,-13.6170213,0,1
67.4774775,-13.6170213,0,1
68.1081081,-13.6170213,7.79617834395e-06,2.236068
68.7387387,-13.6170213,7.89808917197e-06,0
69.3693694,-13.6170213,7.89808917197e-06,0
70,-13.6170213,7.89808917197e-06,0
0,-14.0425532,0,1
0.630630631,-14.0425532,0,1
1.26126126,-14.0425532,0,1
1.89189189,-14.0425532,0,1
2.52252252,-14.0425532,0,1
3.15315315,-14.0425532,0,1
3.78378378,-14.0425532,0,1
4.41441441,-14.0425532,0,1
5.04504505,-14.0425532,0,1
5.67567568,-14.0425532,0,1
6.30630631,-14.0425532,0,1
6.93693694,-14.0425532,0,1
7.56756757,-14.0425532,0,1
8.1981982,-14.0425532,0,1
8.82882883,-14.0425532,0,1
9.45945946,-14.0425532,0,1
10.0900901,-14.0425532,0,1
10.7207207,-14.0425532,0,1
11.3513514,-14.0425532,0,1
11.981982,-14.0425532,0,1
12.6126126,-14.0425532,0,1
13.2432432,-14.0425532,0,1
13.8738739,-14.0425532,0,1
14.5045045,-14.0425532,0,1
15.1351351,-14.0425532,0,1
15.7657658,-14.0425532,0,1
16.3963964,-14.0425532,0,1
17.027027,-14.0425532,0,1
17.6576577,-14.0425532,0,1
18.2882883,-14.0425532,0,1
18.9189189,-14.0425532,0,1
19.5495495,-14.0425532,0,1
20.1801802,-14.0425532,0,1
20.8108108,-14.0425532,0,1
21.4414414,-14.0425532,0,1
22.0720721,-14.0425532,0,1
22.7027027,-14.0425532,0,1
23.3333333,-14.0425532,0,1
23.963964,-14.0425532,0,1
24.5945946,-14.0425532,0,1
25.2252252,-14.0425532,0,1
25.8558559,-14.0425532,0,1
26.4864865,-14.0425532,0,1
27.1171171,-14.0425532,0,1
27.7477477,-14.0425532,0,1
28.3783784,-14.0425532,0,1
29.009009,-14.0425532,0,1
29.6396396,-14.0425532,0,1
30.2702703,-14.0425532,0,1
30.9009009,-14.0425532,0,1
31.5315315,-14.0425532,0,1
32.1621622,-14.0425532,0,1
32.7927928,-14.0425532,0,1
33.4234234,-14.0425532,0,1
34.0540541,-14.0425532,0,1
34.6846847,-14.0425532,0,1
35.3153153,-14.0425532,0,1
35.9459459,-14.0425532,0,1
36.5765766,-14.0425532,0,1
37.2072072,-14.0425532,0,1
37.8378378,-14.0425532,0,1
38.4684685,-14.0425532,0,1
39.0990991,-14.0425532,0,1
39.7297297,-14.0425532,0,1
40.3603604,-14.0425532,0,1
40.990991,-14.0425532,0,1
41.6216216,-14.0425532,0,1
42.2522523,-14.0425532,0,1
42.8828829,-14.0425532,0,1
43.5135135,-14.0425532,0,1
44.1441441,-14.0425532,0,1
44.7747748,-14.0425532,0,1
45.4054054,-14.0425532,0,1
46.036036,-14.0425532,0,1
46.6666667,-14.0425532,0,1
47.2972973,-14.0425532,0,1
47.9279279,-14.0425532,0,3
48.5585586,-14.0425532,0,3
49.1891892,-14.0425532,0,1
49.8198198,-14.0425532,0,1
50.4504505,-14.0425532,0,1
51.0810811,-14.0425532,0,1.414214
51.7117117,-14.0425532,0,1
52.3423423,-14.0425532,0,3
52.972973,-14.0425532,5.09554140127e-08,3.605551
53.6036036,-14.0425532,0,2.236068
54.2342342,-14.0425532,0,0
54.8648649,-14.0425532,0,1
55.4954955,-14.0425532,0,1.414214
56.1261261,-14.0425532,0,1
56.7567568,-14.0425532,0,1
57.3873874,-14.0425532,0,1
58.018018,-14.0425532,0,1
58.6486486,-14.0425532,0,1
59.2792793,-14.0425532,0,1
59.9099099,-14.0425532,0,1
60.5405405,-14.0425532,0,1
61.1711712,-14.0425532,0,1
61.8018018,-14.0425532,0,1
62.4324324,-14.0425532,0,1
63.0630631,-14.0425532,0,1
63.6936937,-14.0425532,0,1
64.3243243,-14.0425532,0,1
64.954955,-14.0425532,0,1
65.5855856,-14.0425532,0,1
66.2162162,-14.0425532,0,1
66.8468468,-14.0425532,0,1
67.4774775,-14.0425532,0,1
68.1081081,-14.0425532,7.79617834395e-06,2.236068
68.7387387,-14.0425532,7.89808917197e-06,0
69.3693694,-14.0425532,7.89808917197e-06,0
70,-14.0425532,7.89808917197e-06,0
0,-14.4680851,0,1
0.630630631,-14.4680851,0,1
1.26126126,-14.4680851,0,1
1.89189189,-14.4680851,0,1
2.52252252,-14.4680851,0,1
3.15315315,-14.4680851,0,1
3.78378378,-14.4680851,0,1
4.41441441,-14.4680851,0,1
5.04504505,-14.4680851,0,1
5.67567568,-14.4680851,0,1
6.30630631,-14.4680851,0,1
6.93693694,-14.4680851,0,1
7.56756757,-14.4680851,0,1
8.1981982,-14.4680851,0,1
8.82882883,-14.4680851,0,1
9.45945946,-14.4680851,0,1
10.0900901,-14.4680851,0,1
10.7207207,-14.4680851,0,1
11.3513514,-14.4680851,0,1
11.981982,-14.4680851,0,1
12.6126126,-14.4680851,0,1
13.2432432,-14.4680851,0,1
13.8738739,-14.4680851,0,1
14.5045045,-14.4680851,0,1
15.1351351,-14.4680851,0,1
15.7657658,-14.4680851,0,1
16.3963964,-14.4680851,0,1
17.027027,-14.4680851,0,1
17.6576577,-14.4680851,0,1
18.2882883,-14.4680851,0,1
18.9189189,-14.4680851,0,1
19.5495495,-14.4680851,0,1
20.1801802,-14.4680851,0,1
20.8108108,-14.4680851,0,1
21.4414414,-14.4680851,0,1
22.0720721,-14.4680851,0,1
22.7027027,-14.4680851,0,1
23.3333333,-14.4680851,0,1
23.963964,-14.4680851,0,1
24.5945946,-14.4680851,0,1
25.2252252,-14.4680851,0,1
25.8558559,-14.4680851,0,1
26.4864865,-14.4680851,0,1
27.1171171,-14.4680851,0,1
27.7477477,-14.4680851,0,1
28.3783784,-14.4680851,0,1
29.009009,-14.4680851,0,1
29.6396396,-14.4680851,0,1
30.2702703,-14.4680851,0,1
30.9009009,-14.4680851,0,1
31.5315315,-14.4680851,0,1
32.1621622,-14.4680851,0,1
32.7927928,-14.4680851,0,1
33.4234234,-14.4680851,0,1
34.0540541,-14.4680851,0,1
34.6846847,-14.4680851,0,1
35.3153153,-14.4680851,0,1
35.9459459,-14.4680851,0,1
36.5765766,-14.4680851,0,1
37.2072072,-14.4680851,0,1
37.8378378,-14.4680851,0,1
38.4684685,-14.4680851,0,1
39.0990991,-14.4680851,0,1
39.7297297,-14.4680851,0,1
40.3603604,-14.4680851,0,1
40.990991,-14.4680851,0,1
41.6216216,-14.4680851,0,1
42.2522523,-14.4680851,0,1
42.8828829,-14.4680851,0,1
43.5135135,-14.4680851,0,1
44.1441441,-14.4680851,0,1
44.7747748,-14.4680851,0,1
45.4054054,-14.4680851,0,1
46.036036,-14.4680851,0,1
46.6666667,-14.4680851,0,1
47.2972973,-14.4680851,0,1
47.9279279,-14.4680851,0,1
48.5585586,-14.4680851,0,1
49.1891892,-14.4680851,0,1
49.8198198,-14.4680851,0,1
50.4504505,-14.4680851,0,1
51.0810811,-14.4680851,0,1
51.7117117,-14.4680851,0,3.316625
52.3423423,-14.4680851,0,1
52.972973,-14.4680851,0,1
53.6036036,-14.4680851,0,3
54.2342342,-14.4680851,0,1
54.8648649,-14.4680851,0,1
55.4954955,-14.4680851,0,1
56.1261261,-14.4680851,0,1
56.7567568,-14.4680851,0,1
57.3873874,-14.4680851,0,1
58.018018,-14.4680851,0,1
58.6486486,-14.4680851,0,1
59.2792793,-14.4680851,0,1
59.9099099,-14.4680851,0,1
60.5405405,-14.4680851,0,1
61.1711712,-14.4680851,0,1
61.8018018,-14.4680851,0,1
62.4324324,-14.4680851,0,1
63.0630631,-14.4680851,0,1
63.6936937,-14.4680851,0,1
64.3243243,-14.4680851,0,1
64.954955,-14.4680851,0,1
65.5855856,-14.4680851,0,1
66.2162162,-14.4680851,0,1
66.8468468,-14.4680851,0,1
67.4774775,-14.4680851,0,1
68.1081081,-14.4680851,7.79617834395e-06,2.236068
68.7387387,-14.4680851,7.89808917197e-06,0
69.3693694,-14.4680851,7.89808917197e-06,0
70,-14.4680851,7.89808917197e-06,0
0,-14.893617,0,1
0.630630631,-14.893617,0,1
1.26126126,-14.893617,0,1
1.89189189,-14.893617,0,1
2.52252252,-14.893617,0,1
3.15315315,-14.893617,0,1
3.78378378,-14.893617,0,1
4.41441441,-14.893617,0,1
5.04504505,-14.893617,0,1
5.67567568,-14.893617,0,1
6.30630631,-14.893617,0,1
6.93693694,-14.893617,0,1
7.56756757,-14.893617,0,1
8.1981982,-14.893617,0,1
8.82882883,-14.893617,0,1
9.45945946,-14.893617,0,1
10.0900901,-14.893617,0,1
10.7207207,-14.893617,0,1
11.3513514,-14.893617,0,1
11.981982,-14.893617,0,1
12.6126126,-14.893617,0,1
13.2432432,-14.893617,0,1
13.8738739,-14.893617,0,1
14.5045045,-14.893617,0,1
15.1351351,-14.893617,0,1
15.7657658,-14.893617,0,1
16.3963964,-14.893617,0,1
17.027027,-14.893617,0,1
17.6576577,-14.893617,0,1
18.2882883,-14.893617,0,1
18.9189189,-14.893617,0,1
19.5495495,-14.893617,0,1
20.1801802,-14.893617,0,1
20.8108108,-14.893617,0,1
21.4414414,-14.893617,0,1
22.0720721,-14.893617,0,1
22.7027027,-14.893617,0,1
23.3333333,-14.893617,0,1
23.963964,-14.893617,0,1
24.5945946,-14.893617,0,1
25.2252252,-14.893617,0,1
25.8558559,-14.893617,0,1
26.4864865,-14.893617,0,1
27.1171171,-14.893617,0,1
27.7477477,-14.893617,0,1
28.3783784,-14.893617,0,1
29.009009,-14.893617,0,1
29.6396396,-14.893617,0,1
30.2702703,-14.893617,0,1
30.9009009,-14.893617,0,1
31.5315315,-14.893617,0,1
32.1621622,-14.893617,0,1
32.7927928,-14.893617,0,1
33.4234234,-14.893617,0,1
34.0540541,-14.893617,0,1
34.6846847,-14.893617,0,1
35.3153153,-14.893617,0,1
35.9459459,-14.893617,0,1
36.5765766,-14.893617,0,1
37.2072072,-14.893617,0,1
37.8378378,-14.893617,0,1
38.4684685,-14.893617,0,1
39.0990991,-14.893617,0,1
39.7297297,-14.893617,0,1
40.3603604,-14.893617,0,1
40.990991,-14.893617,0,1
41.6216216,-14.893617,0,1
42.2522523,-14.893617,0,1
42.8828829,-14.893617,0,1
43.5135135,-14.893617,0,1
44.1441441,-14.893617,0,1
44.7747748,-14.893617,0,1
45.4054054,-14.893617,0,1
46.036036,-14.893617,0,1
46.6666667,-14.893617,0,1
47.2972973,-14.893617,0,1
47.9279279,-14.893617,0,1
48.5585586,-14.893617,0,1
49.1891892,-14.893617,0,1
49.8198198,-14.893617,0,1
50.4504505,-14.893617,0,1
51.0810811,-14.893617,0,1
51.7117117,-14.893617,0,0
52.3423423,-14.893617,0,0
52.972973,-14.893617,0,1
53.6036036,-14.893617,0,1
54.2342342,-14.893617,0,1
54.8648649,-14.893617,0,1
55.4954955,-14.893617,0,1
56.1261261,-14.893617,0,1
56.7567568,-14.893617,0,1
57.3873874,-14.893617,0,1
58.018018,-14.893617,0,1
58.6486486,-14.893617,0,1
59.2792793,-14.893617,0,1
59.9099099,-14.893617,0,1
60.5405405,-14.893617,0,1
61.1711712,-14.893617,0,1
61.8018018,-14.893617,0,1
62.4324324,-14.893617,0,1
63.0630631,-14.893617,0,1
63.6936937,-14.893617,0,1
64.3243243,-14.893617,0,1
64.954955,-14.893617,0,1
65.5855856,-14.893617,0,1
66.2162162,-14.893617,0,1
66.8468468,-14.893617,0,1
67.4774775,-14.893617,0,1
68.1081081,-14.893617,7.79617834395e-06,2.236068
68.7387387,-14.893617,7.89808917197e-06,0
69.3693694,-14.893617,7.89808917197e-06,0
70,-14.893617,7.89808917197e-06,0
0,-15.3191489,0,1
0.630630631,-15.3191489,0,1
1.26126126,-15.3191489,0,1
1.89189189,-15.3191489,0,1
2.52252252,-15.3191489,0,1
3.15315315,-15.3191489,0,1
3.78378378,-15.3191489,0,1
4.41441441,-15.3191489,0,1
5.04504505,-15.3191489,0,1
5.67567568,-15.3191489,0,1
6.30630631,-15.3191489,0,1
6.93693694,-15.3191489,0,1
7.56756757,-15.3191489,0,1
8.1981982,-15.3191489,0,1
8.82882883,-15.3191489,0,1
9.45945946,-15.3191489,0,1
10.0900901,-15.3191489,0,1
10.7207207,-15.3191489,0,1
11.3513514,-15.3191489,0,1
11.981982,-15.3191489,0,1
12.6126126,-15.3191489,0,1
13.2432432,-15.3191489,0,1
13.8738739,-15.3191489,0,1
14.5045045,-15.3191489,0,1
15.1351351,-15.3191489,0,1
15.7657658,-15.3191489,0,1
16.3963964,-15.3191489,0,1
17.027027,-15.3191489,0,1
17.6576577,-15.3191489,0,1
18.2882883,-15.3191489,0,1
18.9189189,-15.3191489,0,1
19.5495495,-15.3191489,0,1
20.1801802,-15.3191489,0,1
20.8108108,-15.3191489,0,1
21.4414414,-15.3191489,0,1
22.0720721,-15.3191489,0,1
22.7027027,-15.3191489,0,1
23.3333333,-15.3191489,0,1
23.963964,-15.3191489,0,1
24.5945946,-15.3191489,0,1
25.2252252,-15.3191489,0,1
25.8558559,-15.3191489,0,1
26.4864865,-15.3191489,0,1
27.1171171,-15.3191489,0,1
27.7477477,-15.3191489,0,1
28.3783784,-15.3191489,0,1
29.009009,-15.3191489,0,1
29.6396396,-15.3191489,0,1
30.2702703,-15.3191489,0,1
30.9009009,-15.3191489,0,1
31.5315315,-15.3191489,0,1
32.1621622,-15.3191489,0,1
32.7927928,-15.3191489,0,1
33.4234234,-15.3191489,0,1
34.0540541,-15.3191489,0,1
34.6846847,-15.3191489,0,1
35.3153153,-15.3191489,0,1
35.9459459,-15.3191489,0,1
36.5765766,-15.3191489,0,1
37.2072072,-15.3191489,0,1
37.8378378,-15.3191489,0,1
38.4684685,-15.3191489,0,1
39.0990991,-15.3191489,0,1
39.7297297,-15.3191489,0,1
40.3603604,-15.3191489,0,1
40.990991,-15.3191489,0,1
41.6216216,-15.3191489,0,1
42.2522523,-15.3191489,0,1
42.8828829,-15.3191489,0,1
43.5135135,-15.3191489,0,1
44.1441441,-15.3191489,0,1
44.7747748,-15.3191489,0,1
45.4054054,-15.3191489,0,1
46.036036,-15.3191489,0,1
46.6666667,-15.3191489,0,1
47.2972973,-15.3191489,0,1
47.9279279,-15.3191489,0,1
48.5585586,-15.3191489,0,1
49.1891892,-15.3191489,0,1
49.8198198,-15.3191489,0,1
50.4504505,-15.3191489,0,1
51.0810811,-15.3191489,0,1
51.7117117,-15.3191489,0,1
52.3423423,-15.3191489,0,1
52.972973,-15.3191489,0,1
53.6036036,-15.3191489,0,1
54.2342342,-15.3191489,0,1
54.8648649,-15.3191489,0,1
55.4954955,-15.3191489,0,1
56.1261261,-15.3191489,0,1
56.7567568,-15.3191489,0,1
57.3873874,-15.3191489,0,1
58.018018,-15.3191489,0,1
58.6486486,-15.3191489,0,1
59.2792793,-15.3191489,0,1
59.9099099,-15.3191489,0,1
60.5405405,-15.3191489,0,1
61.1711712,-15.3191489,0,1
61.8018018,-15.3191489,0,1
62.4324324,-15.3191489,0,1
63.0630631,-15.3191489,0,1
63.6936937,-15.3191489,0,1
64.3243243,-15.3191489,0,1
64.954955,-15.3191489,0,1
65.5855856,-15.3191489,0,1
66.2162162,-15.3191489,0,1
66.8468468,-15.3191489,0,1
67.4774775,-15.3191489,0,1
68.1081081,-15.3191489,7.79617834395e-06,2.236068
68.7387387,-15.3191489,7.89808917197e-06,0
69.3693694,-15.3191489,7.89808917197e-06,0
70,-15.3191489,7.89808917197e-06,0
0,-15.7446809,0,1
0.630630631,-15.7446809,0,1
1.26126126,-15.7446809,0,1
1.89189189,-15.7446809,0,1
2.52252252,-15.7446809,0,1
3.15315315,-15.7446809,0,1
3.78378378,-15.7446809,0,1
4.41441441,-15.7446809,0,1
5.04504505,-15.7446809,0,1
5.67567568,-15.7446809,0,1
6.30630631,-15.7446809,0,1
6.93693694,-15.7446809,0,1
7.56756757,-15.7446809,0,1
8.1981982,-15.7446809,0,1
8.82882883,-15.7446809,0,1
9.45945946,-15.7446809,0,1
10.0900901,-15.7446809,0,1
10.7207207,-15.7446809,0,1
11.3513514,-15.7446809,0,1
11.981982,-15.7446809,0,1
12.6126126,-15.7446809,0,1
13.2432432,-15.7446809,0,1
13.8738739,-15.7446809,0,1
14.5045045,-15.7446809,0,1
15.1351351,-15.7446809,0,1
15.7657658,-15.7446809,0,1
16.3963964,-15.7446809,0,1
17.027027,-15.7446809,0,1
17.6576577,-15.7446809,0,1
18.2882883,-15.7446809,0,1
18.9189189,-15.7446809,0,1
19.5495495,-15.7446809,0,1
20.1801802,-15.7446809,0,1
20.8108108,-15.7446809,0,1
21.4414414,-15.7446809,0,1
22.0720721,-15.7446809,0,1
22.7027027,-15.7446809,0,1
23.3333333,-15.7446809,0,1
23.963964,-15.7446809,0,1
24.5945946,-15.7446809,0,1
25.2252252,-15.7446809,0,1
25.8558559,-15.7446809,0,1
26.4864865,-15.7446809,0,1
27.1171171,-15.7446809,0,1
27.7477477,-15.7446809,0,1
28.3783784,-15.7446809,0,1
29.009009,-15.7446809,0,1
29.6396396,-15.7446809,0,1
30.2702703,-15.7446809,0,1
30.9009009,-15.7446809,0,1
31.5315315,-15.7446809,0,1
32.1621622,-15.7446809,0,1
32.7927928,-15.7446809,0,1
33.4234234,-15.7446809,0,1
34.0540541,-15.7446809,0,1
34.6846847,-15.7446809,0,1
35.3153153,-15.7446809,0,1
35.9459459,-15.7446809,0,1
36.5765766,-15.7446809,0,1
37.2072072,-15.7446809,0,1
37.8378378,-15.7446809,0,1
38.4684685,-15.7446809,0,1
39.0990991,-15.7446809,0,1
39.7297297,-15.7446809,0,1
40.3603604,-15.7446809,0,1
40.990991,-15.7446809,0,1
41.6216216,-15.7446809,0,1
42.2522523,-15.7446809,0,1
42.8828829,-15.7446809,0,1
43.5135135,-15.7446809,0,1
44.1441441,-15.7446809,0,1
44.7747748,-15.7446809,0,1
45.4054054,-15.7446809,0,1
46.036036,-15.7446809,0,1
46.6666667,-15.7446809,0,1
47.2972973,-15.7446809,0,1
47.9279279,-15.7446809,0,1
48.5585586,-15.7446809,0,1
49.1891892,-15.7446809,0,1
49.8198198,-15.7446809,0,1
50.4504505,-15.7446809,0,1
51.0810811,-15.7446809,0,1
51.7117117,-15.7446809,0,1
52.3423423,-15.7446809,0,1
52.972973,-15.7446809,0,1
53.6036036,-15.7446809,0,1
54.2342342,-15.7446809,0,1
54.8648649,-15.7446809,0,1
55.4954955,-15.7446809,0,1
56.1261261,-15.7446809,0,1
56.7567568,-15.7446809,0,1
57.3873874,-15.7446809,0,1
58.018018,-15.7446809,0,1
58.6486486,-15.7446809,0,1
59.2792793,-15.7446809,0,1
59.9099099,-15.7446809,0,1
60.5405405,-15.7446809,0,1
61.1711712,-15.7446809,0,1
61.8018018,-15.7446809,0,1
62.4324324,-15.7446809,0,1
63.0630631,-15.7446809,0,1
63.6936937,-15.7446809,0,1
64.3243243,-15.7446809,0,1
64.954955,-15.7446809,0,1
65.5855856,-15.7446809,0,1
66.2162162,-15.7446809,0,1
66.8468468,-15.7446809,0,1
67.4774775,-15.7446809,0,1
68.1081081,-15.7446809,7.79617834395e-06,2.236068
68.7387387,-15.7446809,7.89808917197e-06,0
69.3693694,-15.7446809,7.89808917197e-06,0
70,-15.7446809,7.89808917197e-06,0
0,-16.1702128,0,1
0.630630631,-16.1702128,0,1
1.26126126,-16.1702128,0,1
1.89189189,-16.1702128,0,1
2.52252252,-16.1702128,0,1
3.15315315,-16.1702128,0,1
3.78378378,-16.1702128,0,1
4.41441441,-16.1702128,0,1
5.04504505,-16.1702128,0,1
5.67567568,-16.1702128,0,1
6.30630631,-16.1702128,0,1
6.93693694,-16.1702128,0,1
7.56756757,-16.1702128,0,1
8.1981982,-16.1702128,0,1
8.82882883,-16.1702128,0,1
9.45945946,-16.1702128,0,1
10.0900901,-16.1702128,0,1
10.7207207,-16.1702128,0,1
11.3513514,-16.1702128,0,1
11.981982,-16.1702128,0,1
12.6126126,-16.1702128,0,1
13.2432432,-16.1702128,0,1
13.8738739,-16.1702128,0,1
14.5045045,-16.1702128,0,1
15.1351351,-16.1702128,0,1
15.7657658,-16.1702128,0,1
16.3963964,-16.1702128,0,1
17.027027,-16.1702128,0,1
17.6576577,-16.1702128,0,1
18.2882883,-16.1702128,0,1
18.9189189,-16.1702128,0,1
19.5495495,-16.1702128,0,1
20.1801802,-16.1702128,0,1
20.8108108,-16.1702128,0,1
21.4414414,-16.1702128,0,1
22.0720721,-16.1702128,0,1
22.7027027,-16.1702128,0,1
23.3333333,-16.1702128,0,1
23.963964,-16.1702128,0,1
24.5945946,-16.1702128,0,1
25.2252252,-16.1702128,0,1
25.8558559,-16.1702128,0,1
26.4864865,-16.1702128,0,1
27.1171171,-16.1702128,0,1
27.7477477,-16.1702128,0,1
28.3783784,-16.1702128,0,1
29.009009,-16.1702128,0,1
29.6396396,-16.1702128,0,1
30.2702703,-16.1702128,0,1
30.9009009,-16.1702128,0,1
31.5315315,-16.1702128,0,1
32.1621622,-16.1702128,0,1
32.7927928,-16.1702128,0,1
33.4234234,-16.1702128,0,1
34.0540541,-16.1702128,0,1
34.6846847,-16.1702128,0,1
35.3153153,-16.1702128,0,1
35.9459459,-16.1702128,0,1
36.5765766,-16.1702128,0,1
37.2072072,-16.1702128,0,1
37.8378378,-16.1702128,0,1
38.4684685,-16.1702128,0,1
39.0990991,-16.1702128,0,1
39.7297297,-16.1702128,0,1
40.3603604,-16.1702128,0,1
40.990991,-16.1702128,0,1
41.6216216,-16.1702128,0,1
42.2522523,-16.1702128,0,1
42.8828829,-16.1702128,0,1
43.5135135,-16.1702128,0,1
44.1441441,-16.1702128,0,1
44.7747748,-16.1702128,0,1
45.4054054,-16.1702128,0,1
46.036036,-16.1702128,0,1
46.6666667,-16.1702128,0,1
47.2972973,-16.1702128,0,1
47.9279279,-16.1702128,0,1
48.5585586,-16.1702128,0,1
49.1891892,-16.1702128,0,1
49.8198198,-16.1702128,0,1
50.4504505,-16.1702128,0,1
51.0810811,-16.1702128,0,1
51.7117117,-16.1702128,0,1
52.3423423,-16.1702128,0,1
52.972973,-16.1702128,0,1
53.6036036,-16.1702128,0,1
54.2342342,-16.1702128,0,1
54.8648649,-16.1702128,0,1
55.4954955,-16.1702128,0,1
56.1261261,-16.1702128,0,1
56.7567568,-16.1702128,0,1
57.3873874,-16.1702128,0,1
58.018018,-16.1702128,0,1
58.6486486,-16.1702128,0,1
59.2792793,-16.1702128,0,1
59.9099099,-16.1702128,0,1
60.5405405,-16.1702128,0,1
61.1711712,-16.1702128,0,1
61.8018018,-16.1702128,0,1
62.4324324,-16.1702128,0,1
63.0630631,-16.1702128,0,1
63.6936937,-16.1702128,0,1
64.3243243,-16.1702128,0,1
64.954955,-16.1702128,0,1
65.5855856,-16.1702128,0,1
66.2162162,-16.1702128,0,1
66.8468468,-16.1702128,0,1
67.4774775,-16.1702128,0,1
68.1081081,-16.1702128,7.79617834395e-06,2.236068
68.7387387,-16.1702128,7.89808917197e-06,0
69.3693694,-16.1702128,7.89808917197e-06,0
70,-16.1702128,7.89808917197e-06,0
0,-16.5957447,0,1
0.630630631,-16.5957447,0,1
1.26126126,-16.5957447,0,1
1.89189189,-16.5957447,0,1
2.52252252,-16.5957447,0,1
3.15315315,-16.5957447,0,1
3.78378378,-16.5957447,0,1
4.41441441,-16.5957447,0,1
5.04504505,-16.5957447,0,1
5.67567568,-16.5957447,0,1
6.30630631,-16.5957447,0,1
6.93693694,-16.5957447,0,1
7.56756757,-16.5957447,0,1
8.1981982,-16.5957447,0,1
8.82882883,-16.5957447,0,1
9.45945946,-16.5957447,0,1
10.0900901,-16.5957447,0,1
10.7207207,-16.5957447,0,1
11.3513514,-16.5957447,0,1
11.981982,-16.5957447,0,1
12.6126126,-16.5957447,0,1
13.2432432,-16.5957447,0,1
13.8738739,-16.5957447,0,1
14.5045045,-16.5957447,0,1
15.1351351,-16.5957447,0,1
15.7657658,-16.5957447,0,1
16.3963964,-16.5957447,0,1
17.027027,-16.5957447,0,1
17.6576577,-16.5957447,0,1
18.2882883,-16.5957447,0,1
18.9189189,-16.5957447,0,1
19.5495495,-16.5957447,0,1
20.1801802,-16.5957447,0,1
20.8108108,-16.5957447,0,1
21.4414414,-16.5957447,0,1
22.0720721,-16.5957447,0,1
22.7027027,-16.5957447,0,1
23.3333333,-16.5957447,0,1
23.963964,-16.5957447,0,1
24.5945946,-16.5957447,0,1
25.2252252,-16.5957447,0,1
25.8558559,-16.5957447,0,1
26.4864865,-16.5957447,0,1
27.1171171,-16.5957447,0,1
27.7477477,-16.5957447,0,1
28.3783784,-16.5957447,0,1
29.009009,-16.5957447,0,1
29.6396396,-16.5957447,0,1
30.2702703,-16.5957447,0,1
30.9009009,-16.5957447,0,1
31.5315315,-16.5957447,0,1
32.1621622,-16.5957447,0,1
32.7927928,-16.5957447,0,1
33.4234234,-16.5957447,0,1
34.0540541,-16.5957447,0,1
34.6846847,-16.5957447,0,1
35.3153153,-16.5957447,0,1
35.9459459,-16.5957447,0,1
36.5765766,-16.5957447,0,1
37.2072072,-16.5957447,0,1
37.8378378,-16.5957447,0,1
38.4684685,-16.5957447,0,1
39.0990991,-16.5957447,0,1
39.7297297,-16.5957447,0,1
40.3603604,-16.5957447,0,1
40.990991,-16.5957447,0,1
41.6216216,-16.5957447,0,1
42.2522523,-16.5957447,0,1
42.8828829,-16.5957447,0,1
43.5135135,-16.5957447,0,1
44.1441441,-16.5957447,0,1
44.7747748,-16.5957447,0,1
45.4054054,-16.5957447,0,1
46.036036,-16.5957447,0,1
46.6666667,-16.5957447,0,1
47.2972973,-16.5957447,0,1
47.9279279,-16.5957447,0,1
48.5585586,-16.5957447,0,1
49.1891892,-16.5957447,0,1
49.8198198,-16.5957447,0,1
50.4504505,-16.5957447,0,1
51.0810811,-16.5957447,0,1
51.7117117,-16.5957447,0,1
52.3423423,-16.5957447,0,1
52.972973,-16.5957447,0,1
53.6036036,-16.5957447,0,1
54.2342342,-16.5957447,0,1
54.8648649,-16.5957447,0,1
55.4954955,-16.5957447,0,1
56.1261261,-16.5957447,0,1
56.7567568,-16.5957447,0,1
57.3873874,-16.5957447,0,1
58.018018,-16.5957447,0,1
58.6486486,-16.5957447,0,1
59.2792793,-16.5957447,0,1
59.9099099,-16.5957447,0,1
60.5405405,-16.5957447,0,1
61.1711712,-16.5957447,0,1
61.8018018,-16.5957447,0,1
62.4324324,-16.5957447,0,1
63.0630631,-16.5957447,0,1
63.6936937,-16.5957447,0,1
64.3243243,-16.5957447,0,1
64.954955,-16.5957447,0,1
65.5855856,-16.5957447,0,1
66.2162162,-16.5957447,0,1
66.8468468,-16.5957447,0,1
67.4774775,-16.5957447,0,1
68.1081081,-16.5957447,7.79617834395e-06,2.236068
68.7387387,-16.5957447,7.89808917197e-06,0
69.3693694,-16.5957447,7.89808917197e-06,0
70,-16.5957447,7.89808917197e-06,0
0,-17.0212766,0,1
0.630630631,-17.0212766,0,1
1.26126126,-17.0212766,0,1
1.89189189,-17.0212766,0,1
2.52252252,-17.0212766,0,1
3.15315315,-17.0212766,0,1
3.78378378,-17.0212766,0,1
4.41441441,-17.0212766,0,1
5.04504505,-17.0212766,0,1
5.67567568,-17.0212766,0,1
6.30630631,-17.0212766,0,1
6.93693694,-17.0212766,0,1
7.56756757,-17.0212766,0,1
8.1981982,-17.0212766,0,1
8.82882883,-17.0212766,0,1
9.45945946,-17.0212766,0,1
10.0900901,-17.0212766,0,1
10.7207207,-17.0212766,0,1
11.3513514,-17.0212766,0,1
11.981982,-17.0212766,0,1
12.6126126,-17.0212766,0,1
13.2432432,-17.0212766,0,1
13.8738739,-17.0212766,0,1
14.5045045,-17.0212766,0,1
15.1351351,-17.0212766,0,1
15.7657658,-17.0212766,0,1
16.3963964,-17.0212766,0,1
17.027027,-17.0212766,0,1
17.6576577,-17.0212766,0,1
18.2882883,-17.0212766,0,1
18.9189189,-17.0212766,0,1
19.5495495,-17.0212766,0,1
20.1801802,-17.0212766,0,1
20.8108108,-17.0212766,0,1
21.4414414,-17.0212766,0,1
22.0720721,-17.0212766,0,1
22.7027027,-17.0212766,0,1
23.3333333,-17.0212766,0,1
23.963964,-17.0212766,0,1
24.5945946,-17.0212766,0,1
25.2252252,-17.0212766,0,1
25.8558559,-17.0212766,0,1
26.4864865,-17.0212766,0,1
27.1171171,-17.0212766,0,1
27.7477477,-17.0212766,0,1
28.3783784,-17.0212766,0,1
29.009009,-17.0212766,0,1
29.6396396,-17.0212766,0,1
30.2702703,-17.0212766,0,1
30.9009009,-17.0212766,0,1
31.5315315,-17.0212766,0,1
32.1621622,-17.0212766,0,1
32.7927928,-17.0212766,0,1
33.4234234,-17.0212766,0,1
34.0540541,-17.0212766,0,1
34.6846847,-17.0212766,0,1
35.3153153,-17.0212766,0,1
35.9459459,-17.0212766,0,1
36.5765766,-17.0212766,0,1
37.2072072,-17.0212766,0,1
37.8378378,-17.0212766,0,1
38.4684685,-17.0212766,0,1
39.0990991,-17.0212766,0,1
39.7297297,-17.0212766,0,1
40.3603604,-17.0212766,0,1
40.990991,-17.0212766,0,1
41.6216216,-17.0212766,0,1
42.2522523,-17.0212766,0,1
42.8828829,-17.0212766,0,1
43.5135135,-17.0212766,0,1
44.1441441,-17.0212766,0,1
44.7747748,-17.0212766,0,1
45.4054054,-17.0212766,0,1
46.036036,-17.0212766,0,1
46.6666667,-17.0212766,0,1
47.2972973,-17.0212766,0,1
47.9279279,-17.0212766,0,1
48.5585586,-17.0212766,0,1
49.1891892,-17.0212766,0,1
49.8198198,-17.0212766,0,1
50.4504505,-17.0212766,0,1
51.0810811,-17.0212766,0,1
51.7117117,-17.0212766,0,1
52.3423423,-17.0212766,0,1
52.972973,-17.0212766,0,1
53.6036036,-17.0212766,0,1
54.2342342,-17.0212766,0,1
54.8648649,-17.0212766,0,1
55.4954955,-17.0212766,0,1
56.1261261,-17.0212766,0,1
56.7567568,-17.0212766,0,1
57.3873874,-17.0212766,0,1
58.018018,-17.0212766,0,1
58.6486486,-17.0212766,0,1
59.2792793,-17.0212766,0,1
59.9099099,-17.0212766,0,1
60.5405405,-17.0212766,0,1
61.1711712,-17.0212766,0,1
61.8018018,-17.0212766,0,1
62.4324324,-17.0212766,0,1
63.0630631,-17.0212766,0,1
63.6936937,-17.0212766,0,1
64.3243243,-17.0212766,0,1
64.954955,-17.0212766,0,1
65.5855856,-17.0212766,0,1
66.2162162,-17.0212766,0,1
66.8468468,-17.0212766,0,1
67.4774775,-17.0212766,0,1
68.1081081,-17.0212766,7.79617834395e-06,2.236068
68.7387387,-17.0212766,7.89808917197e-06,0
69.3693694,-17.0212766,7.89808917197e-06,0
70,-17.0212766,7.89808917197e-06,0
0,-17.4468085,0,1
0.630630631,-17.4468085,0,1
1.26126126,-17.4468085,0,1
1.89189189,-17.4468085,0,1
2.52252252,-17.4468085,0,1
3.15315315,-17.4468085,0,1
3.78378378,-17.4468085,0,1
4.41441441,-17.4468085,0,1
5.04504505,-17.4468085,0,1
5.67567568,-17.4468085,0,1
6.30630631,-17.4468085,0,1
6.93693694,-17.4468085,0,1
7.56756757,-17.4468085,0,1
8.1981982,-17.4468085,0,1
8.82882883,-17.4468085,0,1
9.45945946,-17.4468085,0,1
10.0900901,-17.4468085,0,1
10.7207207,-17.4468085,0,1
11.3513514,-17.4468085,0,1
11.981982,-17.4468085,0,1
12.6126126,-17.4468085,0,1
13.2432432,-17.4468085,0,1
13.8738739,-17.4468085,0,1
14.5045045,-17.4468085,0,1
15.1351351,-17.4468085,0,1
15.7657658,-17.4468085,0,1
16.3963964,-17.4468085,0,1
17.027027,-17.4468085,0,1
17.6576577,-17.4468085,0,1
18.2882883,-17.4468085,0,1
18.9189189,-17.4468085,0,1
19.5495495,-17.4468085,0,1
20.1801802,-17.4468085,0,1
20.8108108,-17.4468085,0,1
21.4414414,-17.4468085,0,1
22.0720721,-17.4468085,0,1
22.7027027,-17.4468085,0,1
23.3333333,-17.4468085,0,1
23.963964,-17.4468085,0,1
24.5945946,-17.4468085,0,1
25.2252252,-17.4468085,0,1
25.8558559,-17.4468085,0,1
26.4864865,-17.4468085,0,1
27.1171171,-17.4468085,0,1
27.7477477,-17.4468085,0,1
28.3783784,-17.4468085,0,1
29.009009,-17.4468085,0,1
29.6396396,-17.4468085,0,1
30.2702703,-17.4468085,0,1
30.9009009,-17.4468085,0,1
31.5315315,-17.4468085,0,1
32.1621622,-17.4468085,0,1
32.7927928,-17.4468085,0,1
33.4234234,-17.4468085,0,1
34.0540541,-17.4468085,0,1
34.6846847,-17.4468085,0,1
35.3153153,-17.4468085,0,1
35.9459459,-17.4468085,0,1
36.5765766,-17.4468085,0,1
37.2072072,-17.4468085,0,1
37.8378378,-17.4468085,0,1
38.4684685,-17.4468085,0,1
39.0990991,-17.4468085,0,1
39.7297297,-17.4468085,0,1
40.3603604,-17.4468085,0,1
40.990991,-17.4468085,0,1
41.6216216,-17.4468085,0,1
42.2522523,-17.4468085,0,1
42.8828829,-17.4468085,0,1
43.5135135,-17.4468085,0,1
44.1441441,-17.4468085,0,1
44.7747748,-17.4468085,0,1
45.4054054,-17.4468085,0,1
46.036036,-17.4468085,0,1
46.6666667,-17.4468085,0,1
47.2972973,-17.4468085,0,1
47.9279279,-17.4468085,0,1
48.5585586,-17.4468085,0,1
49.1891892,-17.4468085,0,1
49.8198198,-17.4468085,0,1
50.4504505,-17.4468085,0,1
51.0810811,-17.4468085,0,1
51.7117117,-17.4468085,0,1
52.3423423,-17.4468085,0,1
52.972973,-17.4468085,0,1
53.6036036,-17.4468085,0,1
54.2342342,-17.4468085,0,1
54.8648649,-17.4468085,0,1
55.4954955,-17.4468085,0,1
56.1261261,-17.4468085,0,1
56.7567568,-17.4468085,0,1
57.3873874,-17.4468085,0,1
58.018018,-17.4468085,0,1
58.6486486,-17.4468085,0,1
59.2792793,-17.4468085,0,1
59.9099099,-17.4468085,0,1
60.5405405,-17.4468085,0,1
61.1711712,-17.4468085,0,1
61.8018018,-17.4468085,0,1
62.4324324,-17.4468085,0,1
63.0630631,-17.4468085,0,1
63.6936937,-17.4468085,0,1
64.3243243,-17.4468085,0,1
64.954955,-17.4468085,0,1
65.5855856,-17.4468085,0,1
66.2162162,-17.4468085,0,1
66.8468468,-17.4468085,0,1
67.4774775,-17.4468085,0,1
68.1081081,-17.4468085,7.79617834395e-06,2.236068
68.7387387,-17.4468085,7.89808917197e-06,0
69.3693694,-17.4468085,7.89808917197e-06,0
70,-17.4468085,7.89808917197e-06,0
0,-17.8723404,0,1
0.630630631,-17.8723404,0,1
1.26126126,-17.8723404,0,1
1.89189189,-17.8723404,0,1
2.52252252,-17.8723404,0,1
3.15315315,-17.8723404,0,1
3.78378378,-17.8723404,0,1
4.41441441,-17.8723404,0,1
5.04504505,-17.8723404,0,1
5.67567568,-17.8723404,0,1
6.30630631,-17.8723404,0,1
6.93693694,-17.8723404,0,1
7.56756757,-17.8723404,0,1
8.1981982,-17.8723404,0,1
8.82882883,-17.8723404,0,1
9.45945946,-17.8723404,0,1
10.0900901,-17.8723404,0,1
10.7207207,-17.8723404,0,1
11.3513514,-17.8723404,0,1
11.981982,-17.8723404,0,1
12.6126126,-17.8723404,0,1
13.2432432,-17.8723404,0,1
13.8738739,-17.8723404,0,1
14.5045045,-17.8723404,0,1
15.1351351,-17.8723404,0,1
15.7657658,-17.8723404,0,1
16.3963964,-17.8723404,0,1
17.027027,-17.8723404,0,1
17.6576577,-17.8723404,0,1
18.2882883,-17.8723404,0,1
18.9189189,-17.8723404,0,1
19.5495495,-17.8723404,0,1
20.1801802,-17.8723404,0,1
20.8108108,-17.8723404,0,1
21.4414414,-17.8723404,0,1
22.0720721,-17.8723404,0,1
22.7027027,-17.8723404,0,1
23.3333333,-17.8723404,0,1
23.963964,-17.8723404,0,1
24.5945946,-17.8723404,0,1
25.2252252,-17.8723404,0,1
25.8558559,-17.8723404,0,1
26.4864865,-17.8723404,0,1
27.1171171,-17.8723404,0,1
27.7477477,-17.8723404,0,1
28.3783784,-17.8723404,0,1
29.009009,-17.8723404,0,1
29.6396396,-17.8723404,0,1
30.2702703,-17.8723404,0,1
30.9009009,-17.8723404,0,1
31.5315315,-17.8723404,0,1
32.1621622,-17.8723404,0,1
32.7927928,-17.8723404,0,1
33.4234234,-17.8723404,0,1
34.0540541,-17.8723404,0,1
34.6846847,-17.8723404,0,1
35.3153153,-17.8723404,0,1
35.9459459,-17.8723404,0,1
36.5765766,-17.8723404,0,1
37.2072072,-17.8723404,0,1
37.8378378,-17.8723404,0,1
38.4684685,-17.8723404,0,1
39.0990991,-17.8723404,0,1
39.7297297,-17.8723404,0,1
40.3603604,-17.8723404,0,1
40.990991,-17.8723404,0,1
41.6216216,-17.8723404,0,1
42.2522523,-17.8723404,0,1
42.8828829,-17.8723404,0,1
43.5135135,-17.8723404,0,1
44.1441441,-17.8723404,0,1
44.7747748,-17.8723404,0,1
45.4054054,-17.8723404,0,1
46.036036,-17.8723404,0,1
46.6666667,-17.8723404,0,1
47.2972973,-17.8723404,0,1
47.9279279,-17.8723404,0,1
48.5585586,-17.8723404,0,1
49.1891892,-17.8723404,0,1
49.8198198,-17.8723404,0,1
50.4504505,-17.8723404,0,1
51.0810811,-17.8723404,0,1
51.7117117,-17.8723404,0,1
52.3423423,-17.8723404,0,1
52.972973,-17.8723404,0,1
53.6036036,-17.8723404,0,1
54.2342342,-17.8723404,0,1
54.8648649,-17.8723404,0,1
55.4954955,-17.8723404,0,1
56.1261261,-17.8723404,0,1
56.7567568,-17.8723404,0,1
57.3873874,-17.8723404,0,1
58.018018,-17.8723404,0,1
58.6486486,-17.8723404,0,1
59.2792793,-17.8723404,0,1
59.9099099,-17.8723404,0,1
60.5405405,-17.8723404,0,1
61.1711712,-17.8723404,0,1
61.8018018,-17.8723404,0,1
62.4324324,-17.8723404,0,1
63.0630631,-17.8723404,0,1
63.6936937,-17.8723404,0,1
64.3243243,-17.8723404,0,1
64.954955,-17.8723404,0,1
65.5855856,-17.8723404,0,1
66.2162162,-17.8723404,0,1
66.8468468,-17.8723404,0,1
67.4774775,-17.8723404,0,1
68.1081081,-17.8723404,7.79617834395e-06,2.236068
68.7387387,-17.8723404,7.89808917197e-06,0
69.3693694,-17.8723404,7.89808917197e-06,0
70,-17.8723404,7.89808917197e-06,0
0,-18.2978723,,116.9188
0.630630631,-18.2978723,0,1
1.26126126,-18.2978723,0,1
1.89189189,-18.2978723,0,1
2.52252252,-18.2978723,0,1
3.15315315,-18.2978723,0,1
3.78378378,-18.2978723,0,1
4.41441441,-18.2978723,0,1
5.04504505,-18.2978723,0,1
5.67567568,-18.2978723,0,1
6.30630631,-18.2978723,0,1
6.93693694,-18.2978723,0,1
7.56756757,-18.2978723,0,1
8.1981982,-18.2978723,0,1
8.82882883,-18.2978723,0,1
9.45945946,-18.2978723,0,1
10.0900901,-18.2978723,0,1
10.7207207,-18.2978723,0,1
11.3513514,-18.2978723,0,1
11.981982,-18.2978723,0,1
12.6126126,-18.2978723,0,1
13.2432432,-18.2978723,0,1
13.8738739,-18.2978723,0,1
14.5045045,-18.2978723,0,1
15.1351351,-18.2978723,0,1
15.7657658,-18.2978723,0,1
16.3963964,-18.2978723,0,1
17.027027,-18.2978723,0,1
17.6576577,-18.2978723,0,1
18.2882883,-18.2978723,0,1
18.9189189,-18.2978723,0,1
19.5495495,-18.2978723,0,1
20.1801802,-18.2978723,0,1
20.8108108,-18.2978723,0,1
21.4414414,-18.2978723,0,1
22.0720721,-18.2978723,0,1
22.7027027,-18.2978723,0,1
23.3333333,-18.2978723,0,1
23.963964,-18.2978723,0,1
24.5945946,-18.2978723,0,1
25.2252252,-18.2978723,0,1
25.8558559,-18.2978723,0,1
26.4864865,-18.2978723,0,1
27.1171171,-18.2978723,0,1
27.7477477,-18.2978723,0,1
28.3783784,-18.2978723,0,1
29.009009,-18.2978723,0,1
29.6396396,-18.2978723,0,1
30.2702703,-18.2978723,0,1
30.9009009,-18.2978723,0,1
31.5315315,-18.2978723,0,1
32.1621622,-18.2978723,0,1
32.7927928,-18.2978723,0,1
33.4234234,-18.2978723,0,1
34.0540541,-18.2978723,0,1
34.6846847,-18.2978723,0,1
35.3153153,-18.2978723,0,1
35.9459459,-18.2978723,0,1
36.5765766,-18.2978723,0,1
37.2072072,-18.2978723,0,1
37.8378378,-18.2978723,0,1
38.4684685,-18.2978723,0,1
39.0990991,-18.2978723,0,1
39.7297297,-18.2978723,0,1
40.3603604,-18.2978723,0,1
40.990991,-18.2978723,0,1
41.6216216,-18.2978723,0,1
42.2522523,-18.2978723,0,1
42.8828829,-18.2978723,0,1
43.5135135,-18.2978723,0,1
44.1441441,-18.2978723,0,1
44.7747748,-18.2978723,0,1
45.4054054,-18.2978723,0,1
46.036036,-18.2978723,0,1
46.6666667,-18.2978723,0,1
47.2972973,-18.2978723,0,1
47.9279279,-18.2978723,0,1
48.5585586,-18.2978723,0,1
49.1891892,-18.2978723,0,1
49.8198198,-18.2978723,0,1
50.4504505,-18.2978723,0,1
51.0810811,-18.2978723,0,1
51.7117117,-18.2978723,0,1
52.3423423,-18.2978723,0,1
52.972973,-18.2978723,0,1
53.6036036,-18.2978723,0,1
54.2342342,-18.2978723,0,1
54.8648649,-18.2978723,0,1
55.4954955,-18.2978723,0,1
56.1261261,-18.2978723,0,1
56.7567568,-18.2978723,0,1
57.3873874,-18.2978723,0,1
58.018018,-18.2978723,0,1
58.6486486,-18.2978723,0,1
59.2792793,-18.2978723,0,1
59.9099099,-18.2978723,0,1
60.5405405,-18.2978723,0,1
61.1711712,-18.2978723,0,1
61.8018018,-18.2978723,0,1
62.4324324,-18.2978723,0,1
63.0630631,-18.2978723,0,1
63.6936937,-18.2978723,0,1
64.3243243,-18.2978723,0,1
64.954955,-18.2978723,0,1
65.5855856,-18.2978723,0,1
66.2162162,-18.2978723,0,1
66.8468468,-18.2978723,0,1
67.4774775,-18.2978723,0,1
68.1081081,-18.2978723,7.79617834395e-06,2.236068
68.7387387,-18.2978723,7.89808917197e-06,0
69.3693694,-18.2978723,7.89808917197e-06,0
70,-18.2978723,7.89808917197e-06,0
0,-18.7234043,0,1
0.630630631,-18.7234043,0,1
1.26126126,-18.7234043,0,1
1.89189189,-18.7234043,0,1
2.52252252,-18.7234043,0,1
3.15315315,-18.7234043,0,1
3.78378378,-18.7234043,0,1
4.41441441,-18.7234043,0,1
5.04504505,-18.7234043,0,1
5.67567568,-18.7234043,0,1
6.30630631,-18.7234043,0,1
6.93693694,-18.7234043,0,1
7.56756757,-18.7234043,0,1
8.1981982,-18.7234043,0,1
8.82882883,-18.7234043,0,1
9.45945946,-18.7234043,0,1
10.0900901,-18.7234043,0,1
10.7207207,-18.7234043,0,1
11.3513514,-18.7234043,0,1
11.981982,-18.7234043,0,1
12.6126126,-18.7234043,0,1
13.2432432,-18.7234043,0,1
13.8738739,-18.7234043,0,1
14.5045045,-18.7234043,0,1
15.1351351,-18.7234043,0,1
15.7657658,-18.7234043,0,1
16.3963964,-18.7234043,0,1
17.027027,-18.7234043,0,1
17.6576577,-18.7234043,0,1
18.2882883,-18.7234043,0,1
18.9189189,-18.7234043,0,1
19.5495495,-18.7234043,0,1
20.1801802,-18.7234043,0,1
20.8108108,-18.7234043,0,1
21.4414414,-18.7234043,0,1
22.0720721,-18.7234043,0,1
22.7027027,-18.7234043,0,1
23.3333333,-18.7234043,0,1
23.963964,-18.7234043,0,1
24.5945946,-18.7234043,0,1
25.2252252,-18.7234043,0,1
25.8558559,-18.7234043,0,1
26.4864865,-18.7234043,0,1
27.1171171,-18.7234043,0,1
27.7477477,-18.7234043,0,1
28.3783784,-18.7234043,0,1
29.009009,-18.7234043,0,1
29.6396396,-18.7234043,0,1
30.2702703,-18.7234043,0,1
30.9009009,-18.7234043,0,1
31.5315315,-18.7234043,0,1
32.1621622,-18.7234043,0,1
32.7927928,-18.7234043,0,1
33.4234234,-18.7234043,0,1
34.0540541,-18.7234043,0,1
34.6846847,-18.7234043,0,1
35.3153153,-18.7234043,0,1
35.9459459,-18.7234043,0,1
36.5765766,-18.7234043,0,1
37.2072072,-18.7234043,0,1
37.8378378,-18.7234043,0,1
38.4684685,-18.7234043,0,1
39.0990991,-18.7234043,0,1
39.7297297,-18.7234043,0,1
40.3603604,-18.7234043,0,1
40.990991,-18.7234043,0,1
41.6216216,-18.7234043,0,1
42.2522523,-18.7234043,0,1
42.8828829,-18.7234043,0,1
43.5135135,-18.7234043,0,1
44.1441441,-18.7234043,0,1
44.7747748,-18.7234043,0,1
45.4054054,-18.7234043,0,1
46.036036,-18.7234043,0,1
46.6666667,-18.7234043,0,1
47.2972973,-18.7234043,0,1
47.9279279,-18.7234043,0,1
48.5585586,-18.7234043,0,1
49.1891892,-18.7234043,0,1
49.8198198,-18.7234043,0,1
50.4504505,-18.7234043,0,1
51.0810811,-18.7234043,0,1
51.7117117,-18.7234043,0,1
52.3423423,-18.7234043,0,1
52.972973,-18.7234043,0,1
53.6036036,-18.7234043,0,1
54.2342342,-18.7234043,0,1
54.8648649,-18.7234043,0,1
55.4954955,-18.7234043,0,1
56.1261261,-18.7234043,0,1
56.7567568,-18.7234043,0,1
57.3873874,-18.7234043,0,1
58.018018,-18.7234043,0,1
58.6486486,-18.7234043,0,1
59.2792793,-18.7234043,0,1
59.9099099,-18.7234043,0,1
60.5405405,-18.7234043,0,1
61.1711712,-18.7234043,0,1
61.8018018,-18.7234043,0,1
62.4324324,-18.7234043,0,1
63.0630631,-18.7234043,0,1
63.6936937,-18.7234043,0,1
64.3243243,-18.7234043,0,1
64.954955,-18.7234043,0,1
65.5855856,-18.7234043,0,1
66.2162162,-18.7234043,0,1
66.8468468,-18.7234043,0,1
67.4774775,-18.7234043,0,1
68.1081081,-18.7234043,7.79617834395e-06,2.236068
68.7387387,-18.7234043,7.89808917197e-06,0
69.3693694,-18.7234043,7.89808917197e-06,0
70,-18.7234043,7.89808917197e-06,0
0,-19.1489362,0,1
0.630630631,-19.1489362,0,1
1.26126126,-19.1489362,0,1
1.89189189,-19.1489362,0,1
2.52252252,-19.1489362,0,1
3.15315315,-19.1489362,0,1
3.78378378,-19.1489362,0,1
4.41441441,-19.1489362,0,1
5.04504505,-19.1489362,0,1
5.67567568,-19.1489362,0,1
6.30630631,-19.1489362,0,1
6.93693694,-19.1489362,0,1
7.56756757,-19.1489362,0,1
8.1981982,-19.1489362,0,1
8.82882883,-19.1489362,0,1
9.45945946,-19.1489362,0,1
10.0900901,-19.1489362,0,1
10.7207207,-19.1489362,0,1
11.3513514,-19.1489362,0,1
11.981982,-19.1489362,0,1
12.6126126,-19.1489362,0,1
13.2432432,-19.1489362,0,1
13.8738739,-19.1489362,0,1
14.5045045,-19.1489362,0,1
15.1351351,-19.1489362,0,1
15.7657658,-19.1489362,0,1
16.3963964,-19.1489362,0,1
17.027027,-19.1489362,0,1
17.6576577,-19.1489362,0,1
18.2882883,-19.1489362,0,1
18.9189189,-19.1489362,,58.54912
19.5495495,-19.1489362,0,1
20.1801802,-19.1489362,0,1
20.8108108,-19.1489362,0,1
21.4414414,-19.1489362,0,1
22.0720721,-19.1489362,0,1
22.7027027,-19.1489362,0,1
23.3333333,-19.1489362,0,1
23.963964,-19.1489362,0,1
24.5945946,-19.1489362,0,1
25.2252252,-19.1489362,0,1
25.8558559,-19.1489362,0,1
26.4864865,-19.1489362,0,1
27.1171171,-19.1489362,0,1
27.7477477,-19.1489362,0,1
28.3783784,-19.1489362,0,1
29.009009,-19.1489362,0,1
29.6396396,-19.1489362,0,1
30.2702703,-19.1489362,0,1
30.9009009,-19.1489362,0,1
31.5315315,-19.1489362,0,1
32.1621622,-19.1489362,0,1
32.7927928,-19.1489362,0,1
33.4234234,-19.1489362,0,1
34.0540541,-19.1489362,0,1
34.6846847,-19.1489362,0,1
35.3153153,-19.1489362,0,1
35.9459459,-19.1489362,0,1
36.5765766,-19.1489362,0,1
37.2072072,-19.1489362,0,1
37.8378378,-19.1489362,0,1
38.4684685,-19.1489362,,143.035
39.0990991,-19.1489362,0,1
39.7297297,-19.1489362,0,1
40.3603604,-19.1489362,0,1
40.990991,-19.1489362,0,1
41.6216216,-19.1489362,0,1
42.2522523,-19.1489362,0,1
42.8828829,-19.1489362,0,1
43.5135135,-19.1489362,0,1
44.1441441,-19.1489362,0,1
44.7747748,-19.1489362,0,1
45.4054054,-19.1489362,0,1
46.036036,-19.1489362,0,1
46.6666667,-19.1489362,0,1
47.2972973,-19.1489362,0,1
47.9279279,-19.1489362,0,1
48.5585586,-19.1489362,0,1
49.1891892,-19.1489362,0,1
49.8198198,-19.1489362,0,1
50.4504505,-19.1489362,0,1
51.0810811,-19.1489362,0,1
51.7117117,-19.1489362,0,1
52.3423423,-19.1489362,0,1
52.972973,-19.1489362,0,1
53.6036036,-19.1489362,0,1
54.2342342,-19.1489362,0,1
54.8648649,-19.1489362,0,1
55.4954955,-19.1489362,0,1
56.1261261,-19.1489362,0,1
56.7567568,-19.1489362,0,1
57.3873874,-19.1489362,0,1
58.018018,-19.1489362,0,1
58.6486486,-19.1489362,0,1
59.2792793,-19.1489362,0,1
59.9099099,-19.1489362,0,1
60.5405405,-19.1489362,0,1
61.1711712,-19.1489362,0,1
61.8018018,-19.1489362,0,1
62.4324324,-19.1489362,0,1
63.0630631,-19.1489362,0,1
63.6936937,-19.1489362,0,1
64.3243243,-19.1489362,0,1
64.954955,-19.1489362,0,1
65.5855856,-19.1489362,0,1
66.2162162,-19.1489362,0,1
66.8468468,-19.1489362,0,1
67.4774775,-19.1489362,0,1
68.1081081,-19.1489362,7.79617834395e-06,2.236068
68.7387387,-19.1489362,7.89808917197e-06,0
69.3693694,-19.1489362,7.89808917197e-06,0
70,-19.1489362,7.89808917197e-06,0
0,-19.5744681,0,1
0.630630631,-19.5744681,0,1
1.26126126,-19.5744681,0,1
1.89189189,-19.5744681,0,1
2.52252252,-19.5744681,0,1
3.15315315,-19.5744681,0,1
3.78378378,-19.5744681,0,1
4.41441441,-19.5744681,0,1
5.04504505,-19.5744681,0,1
5.67567568,-19.5744681,0,1
6.30630631,-19.5744681,0,1
6.93693694,-19.5744681,0,1
7.56756757,-19.5744681,0,1
8.1981982,-19.5744681,0,1
8.82882883,-19.5744681,0,1
9.45945946,-19.5744681,0,1
10.0900901,-19.5744681,0,1
10.7207207,-19.5744681,0,1
11.3513514,-19.5744681,0,1
11.981982,-19.5744681,0,1
12.6126126,-19.5744681,0,1
13.2432432,-19.5744681,0,1
13.8738739,-19.5744681,0,1
14.5045045,-19.5744681,0,1
15.1351351,-19.5744681,0,1
15.7657658,-19.5744681,0,1
16.3963964,-19.5744681,0,1
17.027027,-19.5744681,0,1
17.6576577,-19.5744681,0,1
18.2882883,-19.5744681,0,1
18.9189189,-19.5744681,,58.54912
19.5495495,-19.5744681,0,1
20.1801802,-19.5744681,0,1
20.8108108,-19.5744681,0,1
21.4414414,-19.5744681,0,1
22.0720721,-19.5744681,0,1
22.7027027,-19.5744681,0,1
23.3333333,-19.5744681,0,1
23.963964,-19.5744681,0,1
24.5945946,-19.5744681,0,1
25.2252252,-19.5744681,0,1
25.8558559,-19.5744681,0,1
26.4864865,-19.5744681,0,1
27.1171171,-19.5744681,0,1
27.7477477,-19.5744681,0,1
28.3783784,-19.5744681,0,1
29.009009,-19.5744681,0,1
29.6396396,-19.5744681,0,1
30.2702703,-19.5744681,0,1
30.9009009,-19.5744681,0,1
31.5315315,-19.5744681,0,1
32.1621622,-19.5744681,0,1
32.7927928,-19.5744681,0,1
33.4234234,-19.5744681,0,1
34.0540541,-19.5744681,0,1
34.6846847,-19.5744681,0,1
35.3153153,-19.5744681,0,1
35.9459459,-19.5744681,0,1
36.5765766,-19.5744681,0,1
37.2072072,-19.5744681,0,1
37.8378378,-19.5744681,0,1
38.4684685,-19.5744681,,143.035
39.0990991,-19.5744681,0,1
39.7297297,-19.5744681,0,1
40.3603604,-19.5744681,0,1
40.990991,-19.5744681,0,1
41.6216216,-19.5744681,0,1
42.2522523,-19.5744681,0,1
42.8828829,-19.5744681,0,1
43.5135135,-19.5744681,0,1
44.1441441,-19.5744681,0,1
44.7747748,-19.5744681,0,1
45.4054054,-19.5744681,0,1
46.036036,-19.5744681,0,1
46.6666667,-19.5744681,0,1
47.2972973,-19.5744681,0,1
47.9279279,-19.5744681,0,1
48.5585586,-19.5744681,0,1
49.1891892,-19.5744681,0,1
49.8198198,-19.5744681,0,1
50.4504505,-19.5744681,0,1
51.0810811,-19.5744681,0,1
51.7117117,-19.5744681,0,1
52.3423423,-19.5744681,0,1
52.972973,-19.5744681,0,1
53.6036036,-19.5744681,0,1
54.2342342,-19.5744681,0,1
54.8648649,-19.5744681,0,1
55.4954955,-19.5744681,0,1
56.1261261,-19.5744681,0,1
56.7567568,-19.5744681,0,1
57.3873874,-19.5744681,0,1
58.018018,-19.5744681,0,1
58.6486486,-19.5744681,0,1
59.2792793,-19.5744681,0,1
59.9099099,-19.5744681,0,1
60.5405405,-19.5744681,0,1
61.1711712,-19.5744681,0,1
61.8018018,-19.5744681,0,1
62.4324324,-19.5744681,0,1
63.0630631,-19.5744681,0,1
63.6936937,-19.5744681,0,1
64.3243243,-19.5744681,0,1
64.954955,-19.5744681,0,1
65.5855856,-19.5744681,0,1
66.2162162,-19.5744681,0,1
66.8468468,-19.5744681,0,1
67.4774775,-19.5744681,0,1
68.1081081,-19.5744681,7.79617834395e-06,2.236068
68.7387387,-19.5744681,7.89808917197e-06,0
69.3693694,-19.5744681,7.89808917197e-06,0
70,-19.5744681,7.89808917197e-06,0
0,-20,,132.6989
0.630630631,-20,,132.6989
1.26126126,-20,,132.6989
1.89189189,-20,,132.6989
2.52252252,-20,,132.6989
3.15315315,-20,,132.6989
3.78378378,-20,,132.6989
4.41441441,-20,,132.6989
5.04504505,-20,,132.6989
5.67567568,-20,,132.6989
6.30630631,-20,,132.6989
6.93693694,-20,,132.6989
7.56756757,-20,,132.6989
8.1981982,-20,,132.6989
8.82882883,-20,,132.6989
9.45945946,-20,,132.6989
10.0900901,-20,,132.6989
10.7207207,-20,,132.6989
11.3513514,-20,,132.6989
11.981982,-20,,132.6989
12.6126126,-20,,132.6989
13.2432432,-20,,132.6989
13.8738739,-20,,132.6989
14.5045045,-20,,132.6989
15.1351351,-20,,132.6989
15.7657658,-20,,132.6989
16.3963964,-20,,132.6989
17.027027,-20,,132.6989
17.6576577,-20,,132.6989
18.2882883,-20,,132.6989
18.9189189,-20,,134.4359
19.5495495,-20,,132.6989
20.1801802,-20,,132.6989
20.8108108,-20,,132.6989
21.4414414,-20,,132.6989
22.0720721,-20,,132.6989
22.7027027,-20,,132.6989
23.3333333,-20,,132.6989
23.963964,-20,,132.6989
24.5945946,-20,,132.6989
25.2252252,-20,,132.6989
25.8558559,-20,,132.6989
26.4864865,-20,,132.6989
27.1171171,-20,,132.6989
27.7477477,-20,,132.6989
28.3783784,-20,,132.6989
29.009009,-20,,132.6989
29.6396396,-20,,132.6989
30.2702703,-20,,132.6989
30.9009009,-20,,132.6989
31.5315315,-20,,132.6989
32.1621622,-20,,132.6989
32.7927928,-20,,132.6989
33.4234234,-20,,132.6989
34.0540541,-20,,132.6989
34.6846847,-20,,132.6989
35.3153153,-20,,132.6989
35.9459459,-20,,132.6989
36.5765766,-20,,132.6989
37.2072072,-20,,132.6989
37.8378378,-20,,132.6989
38.4684685,-20,,138.0724
39.0990991,-20,,132.6989
39.7297297,-20,,132.6989
40.3603604,-20,,132.6989
40.990991,-20,,132.6989
41.6216216,-20,,132.6989
42.2522523,-20,,132.6989
42.8828829,-20,,132.6989
43.5135135,-20,,132.6989
44.1441441,-20,,132.6989
44.7747748,-20,,132.6989
45.4054054,-20,,132.6989
46.036036,-20,,132.6989
46.6666667,-20,,132.6989
47.2972973,-20,,132.6989
47.9279279,-20,,132.6989
48.5585586,-20,,132.6989
49.1891892,-20,,132.6989
49.8198198,-20,,132.6989
50.4504505,-20,,132.6989
51.0810811,-20,,132.6989
51.7117117,-20,,132.6989
52.3423423,-20,,132.6989
52.972973,-20,,132.6989
53.6036036,-20,,132.6989
54.2342342,-20,,132.6989
54.8648649,-20,,132.6989
55.4954955,-20,,132.6989
56.1261261,-20,,132.6989
56.7567568,-20,,132.6989
57.3873874,-20,,132.6989
58.018018,-20,,132.6989
58.6486486,-20,,132.6989
59.2792793,-20,,132.6989
59.9099099,-20,,132.6989
60.5405405,-20,,132.6989
61.1711712,-20,,132.6989
61.8018018,-20,,132.6989
62.4324324,-20,,132.6989
63.0630631,-20,,132.6989
63.6936937,-20,,132.6989
64.3243243,-20,,132.6989
64.954955,-20,,132.6989
65.5855856,-20,,132.6989
66.2162162,-20,,132.6989
66.8468468,-20,,132.6989
67.4774775,-20,,132.6989
68.1081081,-20,7.79617834395e-06,1.414214
68.7387387,-20,7.89808917197e-06,0
69.3693694,-20,7.89808917197e-06,0
70,-20,7.89808917197e-06,0
