x,y,value,rgb_distance
0,1,,94.57933
0.168224299,1,810.810810811,13.79311
0.336448598,1,810.810810811,5.678908
0.504672897,1,810.810810811,5.678908
0.672897196,1,810.810810811,5.678908
0.841121495,1,843.243243243,4.716991
1.00934579,1,843.243243243,4.716991
1.17757009,1,843.243243243,4.716991
1.34579439,1,843.243243243,1.802776
1.51401869,1,843.243243243,1.118034
1.68224299,1,843.243243243,2.061553
1.85046729,1,875.675675676,3.162278
2.01869159,1,843.243243243,1.118034
2.18691589,1,843.243243243,2.061553
2.35514019,1,875.675675676,3.162278
2.52336449,1,875.675675676,2.236068
2.69158879,1,875.675675676,1.732051
2.85981308,1,875.675675676,2.236068
3.02803738,1,875.675675676,2.236068
3.19626168,1,875.675675676,2.236068
3.36448598,1,875.675675676,2.236068
3.53271028,1,875.675675676,4.582576
3.70093458,1,875.675675676,5.196152
3.86915888,1,875.675675676,6.082763
4.03738318,1,875.675675676,5.196152
4.20560748,1,875.675675676,5.196152
4.37383178,1,875.675675676,5.196152
4.54205607,1,875.675675676,5.09902
4.71028037,1,875.675675676,5.09902
4.87850467,1,875.675675676,4.123106
5.04672897,1,875.675675676,3.162278
5.21495327,1,875.675675676,4.123106
5.38317757,1,875.675675676,3.162278
5.55140187,1,875.675675676,1.414214
5.71962617,1,875.675675676,1.414214
5.88785047,1,875.675675676,1.414214
6.05607477,1,875.675675676,1.414214
6.22429907,1,875.675675676,1
6.39252336,1,875.675675676,1
6.56074766,1,875.675675676,1
6.72897196,1,875.675675676,1
6.89719626,1,875.675675676,1
7.06542056,1,875.675675676,1
7.23364486,1,875.675675676,1.414214
7.40186916,1,875.675675676,2.236068
7.57009346,1,875.675675676,2.236068
7.73831776,1,875.675675676,3.162278
7.90654206,1,875.675675676,3.162278
8.07476636,1,875.675675676,3.162278
8.24299065,1,875.675675676,3.162278
8.41121495,1,875.675675676,3.162278
8.57943925,1,875.675675676,3.162278
8.74766355,1,875.675675676,3.162278
8.91588785,1,875.675675676,5.09902
9.08411215,1,875.675675676,5.09902
9.25233645,1,875.675675676,5.09902
9.42056075,1,875.675675676,5.09902
9.58878505,1,875.675675676,5.09902
9.75700935,1,875.675675676,5.09902
9.92523364,1,875.675675676,3.162278
10.0934579,1,875.675675676,3.162278
10.2616822,1,875.675675676,3.162278
10.4299065,1,875.675675676,3.162278
10.5981308,1,875.675675676,3.162278
10.7663551,1,875.675675676,3.162278
10.9345794,1,875.675675676,3.162278
11.1028037,1,875.675675676,2.236068
11.271028,1,875.675675676,2.236068
11.4392523,1,875.675675676,2.236068
11.6074766,1,875.675675676,2.236068
11.7757009,1,875.675675676,2.236068
11.9439252,1,875.675675676,2.236068
12.1121495,1,875.675675676,1.414214
12.2803738,1,875.675675676,1.414214
12.4485981,1,875.675675676,1.414214
12.6168224,1,875.675675676,1.414214
12.7850467,1,875.675675676,1.414214
12.953271,1,875.675675676,1.414214
13.1214953,1,875.675675676,3.741657
13.2897196,1,875.675675676,3.741657
13.4579439,1,875.675675676,3.741657
13.6261682,1,875.675675676,3.741657
13.7943925,1,875.675675676,3.741657
13.9626168,1,875.675675676,3.741657
14.1308411,1,875.675675676,3.741657
14.2990654,1,843.243243243,5.315073
14.4672897,1,875.675675676,5.196152
14.635514,1,875.675675676,5.196152
14.8037383,1,875.675675676,3.316625
14.9719626,1,875.675675676,3
15.1401869,1,875.675675676,2.44949
15.3084112,1,843.243243243,6.264982
15.4766355,1,875.675675676,4.242641
15.6448598,1,875.675675676,3.316625
15.8130841,1,875.675675676,3
15.9813084,1,875.675675676,3
16.1495327,1,875.675675676,3
16.317757,1,875.675675676,2.236068
16.4859813,1,875.675675676,3.316625
16.6542056,1,875.675675676,4.358899
16.8224299,1,908.108108108,3.937004
16.9906542,1,908.108108108,1.870829
17.1588785,1,908.108108108,2.54951
17.3271028,1,940.540540541,2.692582
17.4953271,1,908.108108108,3.082207
17.6635514,1,908.108108108,2.915476
17.8317757,1,908.108108108,4.527693
18,1,,111.0101
0,0.962962963,,85.84434
0.168224299,0.962962963,843.243243243,1.118034
0.336448598,0.962962963,810.810810811,5.408327
0.504672897,0.962962963,810.810810811,5.408327
0.672897196,0.962962963,810.810810811,5.408327
0.841121495,0.962962963,810.810810811,5.408327
1.00934579,0.962962963,810.810810811,5.408327
1.17757009,0.962962963,810.810810811,5.408327
1.34579439,0.962962963,810.810810811,3.905125
1.51401869,0.962962963,810.810810811,5.220153
1.68224299,0.962962963,843.243243243,5.85235
1.85046729,0.962962963,843.243243243,5.85235
2.01869159,0.962962963,843.243243243,6.020797
2.18691589,0.962962963,843.243243243,6.5
2.35514019,0.962962963,843.243243243,7.228416
2.52336449,0.962962963,843.243243243,3.905125
2.69158879,0.962962963,875.675675676,4.242641
2.85981308,0.962962963,875.675675676,4.472136
3.02803738,0.962962963,875.675675676,5.09902
3.19626168,0.962962963,875.675675676,5.09902
3.36448598,0.962962963,875.675675676,5.09902
3.53271028,0.962962963,875.675675676,4.123106
3.70093458,0.962962963,875.675675676,6.708204
3.86915888,0.962962963,875.675675676,8.062258
4.03738318,0.962962963,875.675675676,6.708204
4.20560748,0.962962963,875.675675676,6.708204
4.37383178,0.962962963,875.675675676,6.708204
4.54205607,0.962962963,875.675675676,5.830952
4.71028037,0.962962963,875.675675676,2.828427
4.87850467,0.962962963,875.675675676,1.414214
5.04672897,0.962962963,875.675675676,0
5.21495327,0.962962963,875.675675676,0
5.38317757,0.962962963,875.675675676,1.414214
5.55140187,0.962962963,875.675675676,3.162278
5.71962617,0.962962963,843.243243243,7.228416
5.88785047,0.962962963,843.243243243,6.184658
6.05607477,0.962962963,843.243243243,4.716991
6.22429907,0.962962963,843.243243243,4.716991
6.39252336,0.962962963,843.243243243,4.716991
6.56074766,0.962962963,843.243243243,4.716991
6.72897196,0.962962963,843.243243243,1.802776
6.89719626,0.962962963,843.243243243,1.802776
7.06542056,0.962962963,843.243243243,1.802776
7.23364486,0.962962963,843.243243243,2.692582
7.40186916,0.962962963,843.243243243,3.905125
7.57009346,0.962962963,843.243243243,3.905125
7.73831776,0.962962963,875.675675676,1.414214
7.90654206,0.962962963,875.675675676,1.414214
8.07476636,0.962962963,875.675675676,1.414214
8.24299065,0.962962963,875.675675676,1.414214
8.41121495,0.962962963,875.675675676,0
8.57943925,0.962962963,875.675675676,0
8.74766355,0.962962963,875.675675676,0
8.91588785,0.962962963,875.675675676,2.828427
9.08411215,0.962962963,875.675675676,2.828427
9.25233645,0.962962963,875.675675676,2.828427
9.42056075,0.962962963,875.675675676,2.828427
9.58878505,0.962962963,875.675675676,2.828427
9.75700935,0.962962963,875.675675676,2.828427
9.92523364,0.962962963,875.675675676,5
10.0934579,0.962962963,875.675675676,5
10.2616822,0.962962963,875.675675676,5
10.4299065,0.962962963,875.675675676,5
10.5981308,0.962962963,875.675675676,5
10.7663551,0.962962963,875.675675676,5
10.9345794,0.962962963,875.675675676,5.09902
11.1028037,0.962962963,875.675675676,4.472136
11.271028,0.962962963,875.675675676,4.472136
11.4392523,0.962962963,875.675675676,4.472136
11.6074766,0.962962963,875.675675676,4.472136
11.7757009,0.962962963,875.675675676,4.472136
11.9439252,0.962962963,875.675675676,4.472136
12.1121495,0.962962963,843.243243243,4.387482
12.2803738,0.962962963,843.243243243,4.387482
12.4485981,0.962962963,843.243243243,4.387482
12.6168224,0.962962963,843.243243243,4.387482
12.7850467,0.962962963,843.243243243,4.387482
12.953271,0.962962963,843.243243243,4.387482
13.1214953,0.962962963,843.243243243,7.228416
13.2897196,0.962962963,843.243243243,7.228416
13.4579439,0.962962963,843.243243243,7.228416
13.6261682,0.962962963,843.243243243,7.228416
13.7943925,0.962962963,843.243243243,7.228416
13.9626168,0.962962963,843.243243243,7.228416
14.1308411,0.962962963,843.243243243,7.228416
14.2990654,0.962962963,843.243243243,4.387482
14.4672897,0.962962963,843.243243243,2.5
14.635514,0.962962963,875.675675676,2.828427
14.8037383,0.962962963,875.675675676,2.236068
14.9719626,0.962962963,875.675675676,6.403124
15.1401869,0.962962963,875.675675676,11.40175
15.3084112,0.962962963,843.243243243,4.716991
15.4766355,0.962962963,875.675675676,8.062258
15.6448598,0.962962963,843.243243243,4.716991
15.8130841,0.962962963,843.243243243,7.228416
15.9813084,0.962962963,843.243243243,7.228416
16.1495327,0.962962963,843.243243243,7.228416
16.317757,0.962962963,875.675675676,4.242641
16.4859813,0.962962963,875.675675676,3.605551
16.6542056,0.962962963,875.675675676,3.605551
16.8224299,0.962962963,875.675675676,3.162278
16.9906542,0.962962963,875.675675676,7.28011
17.1588785,0.962962963,875.675675676,4.123106
17.3271028,0.962962963,875.675675676,11.18034
17.4953271,0.962962963,875.675675676,4.123106
17.6635514,0.962962963,875.675675676,2.236068
17.8317757,0.962962963,875.675675676,3
18,0.962962963,,102.8166
0,0.925925926,,93.08732
0.168224299,0.925925926,843.243243243,2.291288
0.336448598,0.925925926,810.810810811,7.228416
0.504672897,0.925925926,810.810810811,7.228416
0.672897196,0.925925926,810.810810811,7.228416
0.841121495,0.925925926,810.810810811,5.85235
1.00934579,0.925925926,810.810810811,5.85235
1.17757009,0.925925926,810.810810811,5.85235
1.34579439,0.925925926,810.810810811,5.678908
1.51401869,0.925925926,810.810810811,6.800735
1.68224299,0.925925926,810.810810811,7.632169
1.85046729,0.925925926,843.243243243,8.558621
2.01869159,0.925925926,843.243243243,8.440972
2.18691589,0.925925926,843.243243243,8.674676
2.35514019,0.925925926,843.243243243,9.233093
2.52336449,0.925925926,843.243243243,6.5
2.69158879,0.925925926,875.675675676,7
2.85981308,0.925925926,875.675675676,7.348469
3.02803738,0.925925926,875.675675676,9
3.19626168,0.925925926,875.675675676,9
3.36448598,0.925925926,875.675675676,9
3.53271028,0.925925926,908.108108108,7.582875
3.70093458,0.925925926,908.108108108,9.66954
3.86915888,0.925925926,875.675675676,10.95445
4.03738318,0.925925926,908.108108108,9.66954
4.20560748,0.925925926,908.108108108,9.66954
4.37383178,0.925925926,908.108108108,9.66954
4.54205607,0.925925926,875.675675676,9.69536
4.71028037,0.925925926,875.675675676,8.062258
4.87850467,0.925925926,875.675675676,6.164414
5.04672897,0.925925926,875.675675676,6.164414
5.21495327,0.925925926,875.675675676,5.744563
5.38317757,0.925925926,843.243243243,5.123475
5.55140187,0.925925926,843.243243243,5.408327
5.71962617,0.925925926,843.243243243,11.5
5.88785047,0.925925926,843.243243243,11.5
6.05607477,0.925925926,843.243243243,10.30776
6.22429907,0.925925926,810.810810811,9.962429
6.39252336,0.925925926,810.810810811,9.962429
6.56074766,0.925925926,810.810810811,9.962429
6.72897196,0.925925926,843.243243243,8.558621
6.89719626,0.925925926,843.243243243,8.558621
7.06542056,0.925925926,843.243243243,8.558621
7.23364486,0.925925926,843.243243243,8.440972
7.40186916,0.925925926,843.243243243,8.674676
7.57009346,0.925925926,843.243243243,8.674676
7.73831776,0.925925926,875.675675676,5.830952
7.90654206,0.925925926,875.675675676,5.830952
8.07476636,0.925925926,875.675675676,5.830952
8.24299065,0.925925926,875.675675676,5.830952
8.41121495,0.925925926,875.675675676,6.164414
8.57943925,0.925925926,875.675675676,6.164414
8.74766355,0.925925926,875.675675676,6.164414
8.91588785,0.925925926,875.675675676,7
9.08411215,0.925925926,875.675675676,7
9.25233645,0.925925926,875.675675676,7
9.42056075,0.925925926,875.675675676,7
9.58878505,0.925925926,875.675675676,7
9.75700935,0.925925926,875.675675676,7
9.92523364,0.925925926,875.675675676,8.944272
10.0934579,0.925925926,875.675675676,8.944272
10.2616822,0.925925926,875.675675676,8.944272
10.4299065,0.925925926,875.675675676,8.944272
10.5981308,0.925925926,875.675675676,8.944272
10.7663551,0.925925926,875.675675676,8.944272
10.9345794,0.925925926,875.675675676,8.602325
11.1028037,0.925925926,875.675675676,7.348469
11.271028,0.925925926,875.675675676,7.348469
11.4392523,0.925925926,875.675675676,7.348469
11.6074766,0.925925926,875.675675676,7.348469
11.7757009,0.925925926,875.675675676,7.348469
11.9439252,0.925925926,875.675675676,7.348469
12.1121495,0.925925926,843.243243243,8.440972
12.2803738,0.925925926,843.243243243,8.440972
12.4485981,0.925925926,843.243243243,8.440972
12.6168224,0.925925926,843.243243243,8.440972
12.7850467,0.925925926,843.243243243,8.440972
12.953271,0.925925926,843.243243243,8.440972
13.1214953,0.925925926,843.243243243,9.394147
13.2897196,0.925925926,843.243243243,9.394147
13.4579439,0.925925926,843.243243243,9.394147
13.6261682,0.925925926,843.243243243,9.394147
13.7943925,0.925925926,843.243243243,9.394147
13.9626168,0.925925926,843.243243243,9.394147
14.1308411,0.925925926,843.243243243,9.394147
14.2990654,0.925925926,875.675675676,3.162278
14.4672897,0.925925926,875.675675676,2.236068
14.635514,0.925925926,875.675675676,2
14.8037383,0.925925926,875.675675676,1.414214
14.9719626,0.925925926,843.243243243,4.272002
15.1401869,0.925925926,810.810810811,7.632169
15.3084112,0.925925926,810.810810811,5.315073
15.4766355,0.925925926,843.243243243,13.1244
15.6448598,0.925925926,843.243243243,10.30776
15.8130841,0.925925926,843.243243243,12.25765
15.9813084,0.925925926,843.243243243,12.25765
16.1495327,0.925925926,843.243243243,12.25765
16.317757,0.925925926,875.675675676,2
16.4859813,0.925925926,875.675675676,2.236068
16.6542056,0.925925926,875.675675676,2.828427
16.8224299,0.925925926,875.675675676,4.123106
16.9906542,0.925925926,908.108108108,5.787918
17.1588785,0.925925926,940.540540541,10.35616
17.3271028,0.925925926,908.108108108,9.027735
17.4953271,0.925925926,875.675675676,5.385165
17.6635514,0.925925926,875.675675676,7.874008
17.8317757,0.925925926,908.108108108,5.522681
18,0.925925926,,102.9429
0,0.888888889,,98.11345
0.168224299,0.888888889,843.243243243,2.061553
0.336448598,0.888888889,810.810810811,5.408327
0.504672897,0.888888889,810.810810811,5.408327
0.672897196,0.888888889,810.810810811,5.408327
0.841121495,0.888888889,810.810810811,4.031129
1.00934579,0.888888889,810.810810811,4.031129
1.17757009,0.888888889,810.810810811,4.031129
1.34579439,0.888888889,843.243243243,4.153312
1.51401869,0.888888889,843.243243243,2.291288
1.68224299,0.888888889,843.243243243,1.5
1.85046729,0.888888889,843.243243243,1.802776
2.01869159,0.888888889,843.243243243,1.5
2.18691589,0.888888889,843.243243243,1.802776
2.35514019,0.888888889,843.243243243,2.061553
2.52336449,0.888888889,875.675675676,2.236068
2.69158879,0.888888889,875.675675676,2
2.85981308,0.888888889,875.675675676,2.236068
3.02803738,0.888888889,875.675675676,4.472136
3.19626168,0.888888889,875.675675676,4.472136
3.36448598,0.888888889,875.675675676,4.472136
3.53271028,0.888888889,908.108108108,5.244044
3.70093458,0.888888889,908.108108108,6.363961
3.86915888,0.888888889,875.675675676,7.348469
4.03738318,0.888888889,908.108108108,6.363961
4.20560748,0.888888889,908.108108108,6.363961
4.37383178,0.888888889,908.108108108,6.363961
4.54205607,0.888888889,875.675675676,5.744563
4.71028037,0.888888889,875.675675676,1.414214
4.87850467,0.888888889,843.243243243,3.5
5.04672897,0.888888889,843.243243243,3.5
5.21495327,0.888888889,843.243243243,1.5
5.38317757,0.888888889,843.243243243,1.118034
5.55140187,0.888888889,843.243243243,2.061553
5.71962617,0.888888889,843.243243243,2.692582
5.88785047,0.888888889,843.243243243,3.5
6.05607477,0.888888889,843.243243243,5.315073
6.22429907,0.888888889,810.810810811,5.315073
6.39252336,0.888888889,810.810810811,5.315073
6.56074766,0.888888889,810.810810811,5.315073
6.72897196,0.888888889,810.810810811,4.272002
6.89719626,0.888888889,810.810810811,4.272002
7.06542056,0.888888889,810.810810811,4.272002
7.23364486,0.888888889,810.810810811,4.272002
7.40186916,0.888888889,843.243243243,5.123475
7.57009346,0.888888889,843.243243243,5.123475
7.73831776,0.888888889,843.243243243,1.118034
7.90654206,0.888888889,843.243243243,1.118034
8.07476636,0.888888889,843.243243243,1.118034
8.24299065,0.888888889,843.243243243,1.5
8.41121495,0.888888889,843.243243243,3.5
8.57943925,0.888888889,843.243243243,3.5
8.74766355,0.888888889,843.243243243,3.5
8.91588785,0.888888889,875.675675676,2
9.08411215,0.888888889,875.675675676,2
9.25233645,0.888888889,875.675675676,2
9.42056075,0.888888889,875.675675676,2
9.58878505,0.888888889,875.675675676,2
9.75700935,0.888888889,875.675675676,2
9.92523364,0.888888889,875.675675676,3.605551
10.0934579,0.888888889,875.675675676,3.605551
10.2616822,0.888888889,875.675675676,3.605551
10.4299065,0.888888889,875.675675676,3.605551
10.5981308,0.888888889,875.675675676,3.605551
10.7663551,0.888888889,875.675675676,3.605551
10.9345794,0.888888889,875.675675676,2.828427
11.1028037,0.888888889,875.675675676,2.236068
11.271028,0.888888889,875.675675676,2.236068
11.4392523,0.888888889,875.675675676,2.236068
11.6074766,0.888888889,875.675675676,2.236068
11.7757009,0.888888889,875.675675676,2.236068
11.9439252,0.888888889,875.675675676,2.236068
12.1121495,0.888888889,875.675675676,2.236068
12.2803738,0.888888889,875.675675676,2.236068
12.4485981,0.888888889,875.675675676,2.236068
12.6168224,0.888888889,875.675675676,2.236068
12.7850467,0.888888889,875.675675676,2.236068
12.953271,0.888888889,875.675675676,2.236068
13.1214953,0.888888889,843.243243243,1.5
13.2897196,0.888888889,843.243243243,1.5
13.4579439,0.888888889,843.243243243,1.5
13.6261682,0.888888889,843.243243243,1.5
13.7943925,0.888888889,843.243243243,1.5
13.9626168,0.888888889,843.243243243,1.5
14.1308411,0.888888889,843.243243243,1.5
14.2990654,0.888888889,843.243243243,3.201562
14.4672897,0.888888889,843.243243243,4.821825
14.635514,0.888888889,843.243243243,4.821825
14.8037383,0.888888889,843.243243243,7.826238
14.9719626,0.888888889,875.675675676,21.93171
15.1401869,0.888888889,745.945945946,18.86796
15.3084112,0.888888889,843.243243243,3.5
15.4766355,0.888888889,843.243243243,3.354102
15.6448598,0.888888889,843.243243243,3.201562
15.8130841,0.888888889,875.675675676,2.236068
15.9813084,0.888888889,875.675675676,2.236068
16.1495327,0.888888889,875.675675676,2.236068
16.317757,0.888888889,875.675675676,3
16.4859813,0.888888889,875.675675676,4.123106
16.6542056,0.888888889,875.675675676,3.316625
16.8224299,0.888888889,843.243243243,7.889867
16.9906542,0.888888889,908.108108108,17.62101
17.1588785,0.888888889,778.378378378,27.89265
17.3271028,0.888888889,908.108108108,27.95532
17.4953271,0.888888889,940.540540541,3.354102
17.6635514,0.888888889,908.108108108,3.535534
17.8317757,0.888888889,908.108108108,4.743416
18,0.888888889,,104.0108
0,0.851851852,,97.69084
0.168224299,0.851851852,843.243243243,1.5
0.336448598,0.851851852,810.810810811,4.609772
0.504672897,0.851851852,810.810810811,4.609772
0.672897196,0.851851852,810.810810811,4.609772
0.841121495,0.851851852,810.810810811,4.609772
1.00934579,0.851851852,810.810810811,4.609772
1.17757009,0.851851852,810.810810811,4.609772
1.34579439,0.851851852,843.243243243,5.024938
1.51401869,0.851851852,843.243243243,4.031129
1.68224299,0.851851852,843.243243243,4.031129
1.85046729,0.851851852,843.243243243,4.031129
2.01869159,0.851851852,843.243243243,4.031129
2.18691589,0.851851852,843.243243243,3.5
2.35514019,0.851851852,843.243243243,3.201562
2.52336449,0.851851852,843.243243243,1.802776
2.69158879,0.851851852,843.243243243,2.692582
2.85981308,0.851851852,875.675675676,2.44949
3.02803738,0.851851852,875.675675676,3.464102
3.19626168,0.851851852,908.108108108,5.147815
3.36448598,0.851851852,908.108108108,4.062019
3.53271028,0.851851852,908.108108108,3.24037
3.70093458,0.851851852,908.108108108,2.738613
3.86915888,0.851851852,908.108108108,3.674235
4.03738318,0.851851852,908.108108108,4.41588
4.20560748,0.851851852,875.675675676,4.690416
4.37383178,0.851851852,875.675675676,3.464102
4.54205607,0.851851852,875.675675676,2.44949
4.71028037,0.851851852,875.675675676,2.236068
4.87850467,0.851851852,843.243243243,1.5
5.04672897,0.851851852,843.243243243,2.061553
5.21495327,0.851851852,843.243243243,3.201562
5.38317757,0.851851852,810.810810811,4.387482
5.55140187,0.851851852,810.810810811,1.802776
5.71962617,0.851851852,810.810810811,7.228416
5.88785047,0.851851852,810.810810811,6.800735
6.05607477,0.851851852,778.378378378,6.403124
6.22429907,0.851851852,778.378378378,4.358899
6.39252336,0.851851852,778.378378378,4.358899
6.56074766,0.851851852,778.378378378,4.358899
6.72897196,0.851851852,778.378378378,5.656854
6.89719626,0.851851852,778.378378378,5.656854
7.06542056,0.851851852,778.378378378,5.09902
7.23364486,0.851851852,778.378378378,4.582576
7.40186916,0.851851852,778.378378378,5
7.57009346,0.851851852,778.378378378,5.744563
7.73831776,0.851851852,810.810810811,4.153312
7.90654206,0.851851852,810.810810811,4.153312
8.07476636,0.851851852,810.810810811,4.153312
8.24299065,0.851851852,810.810810811,4.716991
8.41121495,0.851851852,810.810810811,4.609772
8.57943925,0.851851852,843.243243243,4.387482
8.74766355,0.851851852,843.243243243,3.5
8.91588785,0.851851852,843.243243243,6.576473
9.08411215,0.851851852,843.243243243,4.5
9.25233645,0.851851852,843.243243243,4.716991
9.42056075,0.851851852,843.243243243,4.272002
9.58878505,0.851851852,843.243243243,2.692582
9.75700935,0.851851852,843.243243243,2.692582
9.92523364,0.851851852,843.243243243,2.692582
10.0934579,0.851851852,843.243243243,2.692582
10.2616822,0.851851852,843.243243243,2.692582
10.4299065,0.851851852,875.675675676,3.162278
10.5981308,0.851851852,843.243243243,3.5
10.7663551,0.851851852,875.675675676,2.828427
10.9345794,0.851851852,875.675675676,2.828427
11.1028037,0.851851852,875.675675676,2.828427
11.271028,0.851851852,875.675675676,2.828427
11.4392523,0.851851852,875.675675676,2.828427
11.6074766,0.851851852,843.243243243,3.5
11.7757009,0.851851852,843.243243243,3.5
11.9439252,0.851851852,843.243243243,3.5
12.1121495,0.851851852,843.243243243,2.692582
12.2803738,0.851851852,843.243243243,2.692582
12.4485981,0.851851852,843.243243243,2.692582
12.6168224,0.851851852,843.243243243,2.692582
12.7850467,0.851851852,843.243243243,2.692582
12.953271,0.851851852,843.243243243,2.692582
13.1214953,0.851851852,843.243243243,2.5
13.2897196,0.851851852,843.243243243,2.5
13.4579439,0.851851852,843.243243243,2.5
13.6261682,0.851851852,843.243243243,2.5
13.7943925,0.851851852,843.243243243,2.5
13.9626168,0.851851852,843.243243243,2.5
14.1308411,0.851851852,843.243243243,2.5
14.2990654,0.851851852,908.108108108,5.787918
14.4672897,0.851851852,843.243243243,3.905125
14.635514,0.851851852,843.243243243,4.272002
14.8037383,0.851851852,875.675675676,15.16575
14.9719626,0.851851852,,90.37975
15.1401869,0.851851852,,48.71858
15.3084112,0.851851852,,53.32213
15.4766355,0.851851852,,80.00781
15.6448598,0.851851852,,35.52816
15.8130841,0.851851852,,56.75385
15.9813084,0.851851852,,83.32167
16.1495327,0.851851852,,44.89154
16.317757,0.851851852,,90.80474
16.4859813,0.851851852,,42.29953
16.6542056,0.851851852,843.243243243,6.344289
16.8224299,0.851851852,875.675675676,5.385165
16.9906542,0.851851852,,49.21382
17.1588785,0.851851852,,53.90733
17.3271028,0.851851852,,62.12085
17.4953271,0.851851852,908.108108108,3.535534
17.6635514,0.851851852,908.108108108,4.1833
17.8317757,0.851851852,908.108108108,5.787918
18,0.851851852,,106.8936
0,0.814814815,,97.69084
0.168224299,0.814814815,843.243243243,1.5
0.336448598,0.814814815,810.810810811,4.609772
0.504672897,0.814814815,810.810810811,4.609772
0.672897196,0.814814815,810.810810811,4.609772
0.841121495,0.814814815,810.810810811,4.609772
1.00934579,0.814814815,810.810810811,4.609772
1.17757009,0.814814815,810.810810811,4.609772
1.34579439,0.814814815,843.243243243,4.387482
1.51401869,0.814814815,843.243243243,3.5
1.68224299,0.814814815,843.243243243,3.5
1.85046729,0.814814815,843.243243243,3.5
2.01869159,0.814814815,843.243243243,3.5
2.18691589,0.814814815,843.243243243,2.692582
2.35514019,0.814814815,843.243243243,1.802776
2.52336449,0.814814815,843.243243243,3.5
2.69158879,0.814814815,843.243243243,2.692582
2.85981308,0.814814815,875.675675676,2
3.02803738,0.814814815,875.675675676,0
3.19626168,0.814814815,875.675675676,2.44949
3.36448598,0.814814815,875.675675676,4.242641
3.53271028,0.814814815,908.108108108,4.84768
3.70093458,0.814814815,908.108108108,4.84768
3.86915888,0.814814815,875.675675676,4.242641
4.03738318,0.814814815,875.675675676,2.236068
4.20560748,0.814814815,875.675675676,1
4.37383178,0.814814815,875.675675676,2.236068
4.54205607,0.814814815,875.675675676,2.236068
4.71028037,0.814814815,843.243243243,5.220153
4.87850467,0.814814815,843.243243243,3.905125
5.04672897,0.814814815,810.810810811,6.103278
5.21495327,0.814814815,810.810810811,4.153312
5.38317757,0.814814815,810.810810811,4.153312
5.55140187,0.814814815,810.810810811,4.716991
5.71962617,0.814814815,778.378378378,5.744563
5.88785047,0.814814815,778.378378378,5
6.05607477,0.814814815,778.378378378,4.242641
6.22429907,0.814814815,778.378378378,3.605551
6.39252336,0.814814815,778.378378378,3.605551
6.56074766,0.814814815,778.378378378,3.605551
6.72897196,0.814814815,745.945945946,5.744563
6.89719626,0.814814815,745.945945946,5.744563
7.06542056,0.814814815,745.945945946,5.656854
7.23364486,0.814814815,778.378378378,5.656854
7.40186916,0.814814815,778.378378378,5.09902
7.57009346,0.814814815,778.378378378,4.582576
7.73831776,0.814814815,778.378378378,4.123106
7.90654206,0.814814815,778.378378378,4.472136
8.07476636,0.814814815,778.378378378,5.09902
8.24299065,0.814814815,810.810810811,5.315073
8.41121495,0.814814815,810.810810811,3.905125
8.57943925,0.814814815,810.810810811,2.5
8.74766355,0.814814815,810.810810811,3.640055
8.91588785,0.814814815,810.810810811,4.031129
9.08411215,0.814814815,810.810810811,5.024938
9.25233645,0.814814815,810.810810811,5.5
9.42056075,0.814814815,843.243243243,5.59017
9.58878505,0.814814815,843.243243243,3.041381
9.75700935,0.814814815,843.243243243,3.5
9.92523364,0.814814815,843.243243243,2.291288
10.0934579,0.814814815,843.243243243,2.061553
10.2616822,0.814814815,843.243243243,2.061553
10.4299065,0.814814815,843.243243243,1.802776
10.5981308,0.814814815,843.243243243,2.061553
10.7663551,0.814814815,843.243243243,2.692582
10.9345794,0.814814815,843.243243243,2.692582
11.1028037,0.814814815,843.243243243,3.5
11.271028,0.814814815,843.243243243,3.5
11.4392523,0.814814815,843.243243243,3.5
11.6074766,0.814814815,843.243243243,2.692582
11.7757009,0.814814815,843.243243243,2.692582
11.9439252,0.814814815,843.243243243,2.692582
12.1121495,0.814814815,843.243243243,1.802776
12.2803738,0.814814815,843.243243243,1.802776
12.4485981,0.814814815,843.243243243,1.802776
12.6168224,0.814814815,843.243243243,1.802776
12.7850467,0.814814815,843.243243243,1.802776
12.953271,0.814814815,843.243243243,1.802776
13.1214953,0.814814815,843.243243243,1.118034
13.2897196,0.814814815,843.243243243,1.118034
13.4579439,0.814814815,843.243243243,1.118034
13.6261682,0.814814815,843.243243243,1.118034
13.7943925,0.814814815,843.243243243,1.118034
13.9626168,0.814814815,843.243243243,1.118034
14.1308411,0.814814815,843.243243243,1.118034
14.2990654,0.814814815,843.243243243,4.153312
14.4672897,0.814814815,843.243243243,5.85235
14.635514,0.814814815,843.243243243,2.291288
14.8037383,0.814814815,843.243243243,12.05197
14.9719626,0.814814815,,82.60448
15.1401869,0.814814815,,46.41121
15.3084112,0.814814815,,50.68037
15.4766355,0.814814815,,87.48857
15.6448598,0.814814815,,50.64583
15.8130841,0.814814815,,89.33784
15.9813084,0.814814815,,89.03089
16.1495327,0.814814815,,84.34601
16.317757,0.814814815,,92.10049
16.4859813,0.814814815,,37.81865
16.6542056,0.814814815,875.675675676,4.582576
16.8224299,0.814814815,875.675675676,5.477226
16.9906542,0.814814815,972.972972973,33.83785
17.1588785,0.814814815,,74.04053
17.3271028,0.814814815,,45.99185
17.4953271,0.814814815,908.108108108,3.535534
17.6635514,0.814814815,908.108108108,4.1833
17.8317757,0.814814815,908.108108108,5.787918
18,0.814814815,,106.8936
0,0.777777778,,97.69084
0.168224299,0.777777778,843.243243243,1.5
0.336448598,0.777777778,810.810810811,4.609772
0.504672897,0.777777778,810.810810811,4.609772
0.672897196,0.777777778,810.810810811,4.609772
0.841121495,0.777777778,810.810810811,4.609772
1.00934579,0.777777778,810.810810811,4.609772
1.17757009,0.777777778,810.810810811,4.609772
1.34579439,0.777777778,843.243243243,4.387482
1.51401869,0.777777778,843.243243243,3.5
1.68224299,0.777777778,843.243243243,3.5
1.85046729,0.777777778,843.243243243,3.5
2.01869159,0.777777778,843.243243243,3.5
2.18691589,0.777777778,843.243243243,2.692582
2.35514019,0.777777778,843.243243243,1.802776
2.52336449,0.777777778,843.243243243,3.5
2.69158879,0.777777778,843.243243243,2.692582
2.85981308,0.777777778,875.675675676,3.162278
3.02803738,0.777777778,875.675675676,1.414214
3.19626168,0.777777778,875.675675676,1.414214
3.36448598,0.777777778,875.675675676,3
3.53271028,0.777777778,875.675675676,3.316625
3.70093458,0.777777778,875.675675676,3.162278
3.86915888,0.777777778,875.675675676,2.828427
4.03738318,0.777777778,875.675675676,3
4.20560748,0.777777778,875.675675676,3.605551
4.37383178,0.777777778,843.243243243,3.905125
4.54205607,0.777777778,843.243243243,3.354102
4.71028037,0.777777778,843.243243243,5.85235
4.87850467,0.777777778,810.810810811,6.103278
5.04672897,0.777777778,810.810810811,5.408327
5.21495327,0.777777778,810.810810811,5.024938
5.38317757,0.777777778,778.378378378,5.09902
5.55140187,0.777777778,778.378378378,4.123106
5.71962617,0.777777778,778.378378378,5.385165
5.88785047,0.777777778,778.378378378,5.744563
6.05607477,0.777777778,745.945945946,4.358899
6.22429907,0.777777778,745.945945946,3
6.39252336,0.777777778,745.945945946,3
6.56074766,0.777777778,745.945945946,3
6.72897196,0.777777778,745.945945946,4.123106
6.89719626,0.777777778,745.945945946,4
7.06542056,0.777777778,745.945945946,4.123106
7.23364486,0.777777778,745.945945946,4.472136
7.40186916,0.777777778,745.945945946,4.582576
7.57009346,0.777777778,745.945945946,4.898979
7.73831776,0.777777778,745.945945946,4.898979
7.90654206,0.777777778,778.378378378,4.358899
8.07476636,0.777777778,778.378378378,4.582576
8.24299065,0.777777778,778.378378378,4.123106
8.41121495,0.777777778,778.378378378,2.44949
8.57943925,0.777777778,778.378378378,4.582576
8.74766355,0.777777778,810.810810811,4.716991
8.91588785,0.777777778,778.378378378,5
9.08411215,0.777777778,810.810810811,3.354102
9.25233645,0.777777778,810.810810811,4.031129
9.42056075,0.777777778,810.810810811,5.024938
9.58878505,0.777777778,810.810810811,3.5
9.75700935,0.777777778,810.810810811,4.031129
9.92523364,0.777777778,843.243243243,4.272002
10.0934579,0.777777778,843.243243243,4.272002
10.2616822,0.777777778,843.243243243,4.387482
10.4299065,0.777777778,843.243243243,1.5
10.5981308,0.777777778,843.243243243,1.5
10.7663551,0.777777778,843.243243243,1.118034
10.9345794,0.777777778,843.243243243,1.118034
11.1028037,0.777777778,843.243243243,2.061553
11.271028,0.777777778,843.243243243,2.061553
11.4392523,0.777777778,843.243243243,2.061553
11.6074766,0.777777778,843.243243243,2.061553
11.7757009,0.777777778,843.243243243,2.061553
11.9439252,0.777777778,843.243243243,2.061553
12.1121495,0.777777778,843.243243243,1.802776
12.2803738,0.777777778,843.243243243,1.802776
12.4485981,0.777777778,843.243243243,1.802776
12.6168224,0.777777778,843.243243243,1.802776
12.7850467,0.777777778,843.243243243,1.802776
12.953271,0.777777778,843.243243243,1.802776
13.1214953,0.777777778,843.243243243,1.802776
13.2897196,0.777777778,843.243243243,1.802776
13.4579439,0.777777778,843.243243243,1.802776
13.6261682,0.777777778,843.243243243,1.802776
13.7943925,0.777777778,843.243243243,1.802776
13.9626168,0.777777778,843.243243243,1.802776
14.1308411,0.777777778,843.243243243,1.802776
14.2990654,0.777777778,875.675675676,4.123106
14.4672897,0.777777778,843.243243243,1.118034
14.635514,0.777777778,843.243243243,1.802776
14.8037383,0.777777778,875.675675676,13.60147
14.9719626,0.777777778,,77.06653
15.1401869,0.777777778,,51.82663
15.3084112,0.777777778,,74.85319
15.4766355,0.777777778,,88.84537
15.6448598,0.777777778,,78.59548
15.8130841,0.777777778,,92.17646
15.9813084,0.777777778,,91.19485
16.1495327,0.777777778,,86.78854
16.317757,0.777777778,,81.59657
16.4859813,0.777777778,778.378378378,31.41656
16.6542056,0.777777778,875.675675676,4.898979
16.8224299,0.777777778,908.108108108,4.301163
16.9906542,0.777777778,,46.41121
17.1588785,0.777777778,,91.07964
17.3271028,0.777777778,,49.08156
17.4953271,0.777777778,908.108108108,3.535534
17.6635514,0.777777778,908.108108108,4.1833
17.8317757,0.777777778,908.108108108,5.787918
18,0.777777778,,106.8936
0,0.740740741,,97.69084
0.168224299,0.740740741,843.243243243,1.5
0.336448598,0.740740741,810.810810811,4.609772
0.504672897,0.740740741,810.810810811,4.609772
0.672897196,0.740740741,810.810810811,4.609772
0.841121495,0.740740741,810.810810811,4.609772
1.00934579,0.740740741,810.810810811,4.609772
1.17757009,0.740740741,810.810810811,4.609772
1.34579439,0.740740741,843.243243243,4.387482
1.51401869,0.740740741,843.243243243,3.5
1.68224299,0.740740741,843.243243243,3.5
1.85046729,0.740740741,843.243243243,3.5
2.01869159,0.740740741,843.243243243,3.5
2.18691589,0.740740741,843.243243243,2.692582
2.35514019,0.740740741,843.243243243,2.061553
2.52336449,0.740740741,843.243243243,1.5
2.69158879,0.740740741,843.243243243,2.692582
2.85981308,0.740740741,875.675675676,3.162278
3.02803738,0.740740741,875.675675676,1.414214
3.19626168,0.740740741,875.675675676,2
3.36448598,0.740740741,875.675675676,2.236068
3.53271028,0.740740741,875.675675676,1.732051
3.70093458,0.740740741,875.675675676,3
3.86915888,0.740740741,875.675675676,5
4.03738318,0.740740741,843.243243243,1.5
4.20560748,0.740740741,843.243243243,4.153312
4.37383178,0.740740741,810.810810811,6.103278
4.54205607,0.740740741,810.810810811,5.5
4.71028037,0.740740741,810.810810811,5.678908
4.87850467,0.740740741,778.378378378,5.744563
5.04672897,0.740740741,778.378378378,4.123106
5.21495327,0.740740741,778.378378378,4.582576
5.38317757,0.740740741,745.945945946,6
5.55140187,0.740740741,745.945945946,4.898979
5.71962617,0.740740741,745.945945946,4.472136
5.88785047,0.740740741,745.945945946,5.09902
6.05607477,0.740740741,745.945945946,6
6.22429907,0.740740741,713.513513514,5.315073
6.39252336,0.740740741,713.513513514,5.315073
6.56074766,0.740740741,713.513513514,5.315073
6.72897196,0.740740741,713.513513514,4.387482
6.89719626,0.740740741,713.513513514,4.387482
7.06542056,0.740740741,713.513513514,4.272002
7.23364486,0.740740741,713.513513514,5.123475
7.40186916,0.740740741,713.513513514,5.678908
7.57009346,0.740740741,713.513513514,6.344289
7.73831776,0.740740741,713.513513514,5.024938
7.90654206,0.740740741,713.513513514,5.024938
8.07476636,0.740740741,745.945945946,4.242641
8.24299065,0.740740741,745.945945946,2.236068
8.41121495,0.740740741,745.945945946,1.732051
8.57943925,0.740740741,745.945945946,4.472136
8.74766355,0.740740741,745.945945946,4.472136
8.91588785,0.740740741,778.378378378,3.741657
9.08411215,0.740740741,778.378378378,1.732051
9.25233645,0.740740741,778.378378378,1.732051
9.42056075,0.740740741,778.378378378,5
9.58878505,0.740740741,810.810810811,4.031129
9.75700935,0.740740741,810.810810811,3.041381
9.92523364,0.740740741,810.810810811,1.118034
10.0934579,0.740740741,810.810810811,1.118034
10.2616822,0.740740741,810.810810811,1.118034
10.4299065,0.740740741,810.810810811,5.408327
10.5981308,0.740740741,843.243243243,5.315073
10.7663551,0.740740741,843.243243243,5.315073
10.9345794,0.740740741,843.243243243,4.387482
11.1028037,0.740740741,843.243243243,2.291288
11.271028,0.740740741,843.243243243,2.291288
11.4392523,0.740740741,843.243243243,2.291288
11.6074766,0.740740741,843.243243243,2.061553
11.7757009,0.740740741,843.243243243,2.061553
11.9439252,0.740740741,843.243243243,2.061553
12.1121495,0.740740741,843.243243243,1.5
12.2803738,0.740740741,843.243243243,1.5
12.4485981,0.740740741,843.243243243,1.5
12.6168224,0.740740741,843.243243243,1.5
12.7850467,0.740740741,843.243243243,1.5
12.953271,0.740740741,843.243243243,1.5
13.1214953,0.740740741,843.243243243,2.061553
13.2897196,0.740740741,843.243243243,2.061553
13.4579439,0.740740741,843.243243243,2.061553
13.6261682,0.740740741,843.243243243,2.061553
13.7943925,0.740740741,843.243243243,2.061553
13.9626168,0.740740741,843.243243243,2.061553
14.1308411,0.740740741,843.243243243,2.061553
14.2990654,0.740740741,875.675675676,2.236068
14.4672897,0.740740741,875.675675676,3.162278
14.635514,0.740740741,875.675675676,2.828427
14.8037383,0.740740741,843.243243243,7.228416
14.9719626,0.740740741,,42.55585
15.1401869,0.740740741,,48.51804
15.3084112,0.740740741,940.540540541,34.32565
15.4766355,0.740740741,,49.42671
15.6448598,0.740740741,1037.83783784,29.00862
15.8130841,0.740740741,745.945945946,34.33657
15.9813084,0.740740741,,46.42198
16.1495327,0.740740741,972.972972973,20.63977
16.317757,0.740740741,,51.48786
16.4859813,0.740740741,843.243243243,26.65052
16.6542056,0.740740741,875.675675676,5.744563
16.8224299,0.740740741,875.675675676,12.04159
16.9906542,0.740740741,778.378378378,32.80244
17.1588785,0.740740741,745.945945946,34.49638
17.3271028,0.740740741,778.378378378,28.33725
17.4953271,0.740740741,908.108108108,3.535534
17.6635514,0.740740741,908.108108108,4.1833
17.8317757,0.740740741,908.108108108,5.787918
18,0.740740741,,106.8936
0,0.703703704,,96.70315
0.168224299,0.703703704,843.243243243,1.118034
0.336448598,0.703703704,810.810810811,5.408327
0.504672897,0.703703704,810.810810811,4.609772
0.672897196,0.703703704,810.810810811,4.031129
0.841121495,0.703703704,810.810810811,4.609772
1.00934579,0.703703704,810.810810811,4.609772
1.17757009,0.703703704,810.810810811,4.609772
1.34579439,0.703703704,810.810810811,4.609772
1.51401869,0.703703704,810.810810811,5.315073
1.68224299,0.703703704,843.243243243,4.272002
1.85046729,0.703703704,843.243243243,4.272002
2.01869159,0.703703704,810.810810811,5.315073
2.18691589,0.703703704,843.243243243,4.272002
2.35514019,0.703703704,843.243243243,3.5
2.52336449,0.703703704,843.243243243,4.031129
2.69158879,0.703703704,875.675675676,3.741657
2.85981308,0.703703704,875.675675676,2.236068
3.02803738,0.703703704,875.675675676,2.236068
3.19626168,0.703703704,875.675675676,2.236068
3.36448598,0.703703704,875.675675676,3.162278
3.53271028,0.703703704,843.243243243,4.153312
3.70093458,0.703703704,843.243243243,3.201562
3.86915888,0.703703704,843.243243243,5.220153
4.03738318,0.703703704,810.810810811,3.640055
4.20560748,0.703703704,810.810810811,2.061553
4.37383178,0.703703704,810.810810811,2.291288
4.54205607,0.703703704,778.378378378,4
4.71028037,0.703703704,778.378378378,4.123106
4.87850467,0.703703704,778.378378378,5
5.04672897,0.703703704,745.945945946,5.744563
5.21495327,0.703703704,745.945945946,3.162278
5.38317757,0.703703704,745.945945946,4.123106
5.55140187,0.703703704,745.945945946,6.164414
5.71962617,0.703703704,713.513513514,4.716991
5.88785047,0.703703704,713.513513514,4.821825
6.05607477,0.703703704,713.513513514,5.408327
6.22429907,0.703703704,681.081081081,6.708204
6.39252336,0.703703704,681.081081081,6.708204
6.56074766,0.703703704,681.081081081,6.708204
6.72897196,0.703703704,681.081081081,4.123106
6.89719626,0.703703704,681.081081081,4
7.06542056,0.703703704,681.081081081,4.123106
7.23364486,0.703703704,681.081081081,4.242641
7.40186916,0.703703704,681.081081081,5.91608
7.57009346,0.703703704,713.513513514,6.103278
7.73831776,0.703703704,713.513513514,5.5
7.90654206,0.703703704,713.513513514,4.716991
8.07476636,0.703703704,713.513513514,3.5
8.24299065,0.703703704,713.513513514,2.061553
8.41121495,0.703703704,713.513513514,3.201562
8.57943925,0.703703704,745.945945946,5.91608
8.74766355,0.703703704,745.945945946,5.477226
8.91588785,0.703703704,745.945945946,2.44949
9.08411215,0.703703704,745.945945946,2.44949
9.25233645,0.703703704,745.945945946,4.123106
9.42056075,0.703703704,778.378378378,4.472136
9.58878505,0.703703704,778.378378378,2.44949
9.75700935,0.703703704,778.378378378,1.414214
9.92523364,0.703703704,778.378378378,4.242641
10.0934579,0.703703704,810.810810811,4.153312
10.2616822,0.703703704,810.810810811,3.354102
10.4299065,0.703703704,810.810810811,2.872281
10.5981308,0.703703704,810.810810811,2.872281
10.7663551,0.703703704,810.810810811,4.153312
10.9345794,0.703703704,810.810810811,3.354102
11.1028037,0.703703704,810.810810811,4.716991
11.271028,0.703703704,843.243243243,5.123475
11.4392523,0.703703704,843.243243243,4.387482
11.6074766,0.703703704,843.243243243,5.123475
11.7757009,0.703703704,843.243243243,3.354102
11.9439252,0.703703704,843.243243243,3.354102
12.1121495,0.703703704,843.243243243,4.031129
12.2803738,0.703703704,843.243243243,2.692582
12.4485981,0.703703704,843.243243243,1.5
12.6168224,0.703703704,843.243243243,2.692582
12.7850467,0.703703704,843.243243243,1.5
12.953271,0.703703704,843.243243243,1.118034
13.1214953,0.703703704,843.243243243,1.802776
13.2897196,0.703703704,843.243243243,2.061553
13.4579439,0.703703704,843.243243243,2.692582
13.6261682,0.703703704,843.243243243,2.692582
13.7943925,0.703703704,843.243243243,2.692582
13.9626168,0.703703704,843.243243243,2.692582
14.1308411,0.703703704,843.243243243,2.692582
14.2990654,0.703703704,843.243243243,11.14675
14.4672897,0.703703704,843.243243243,9.17878
14.635514,0.703703704,875.675675676,1
14.8037383,0.703703704,875.675675676,2.828427
14.9719626,0.703703704,843.243243243,7.762087
15.1401869,0.703703704,940.540540541,4.821825
15.3084112,0.703703704,875.675675676,4.582576
15.4766355,0.703703704,875.675675676,2.236068
15.6448598,0.703703704,875.675675676,3.741657
15.8130841,0.703703704,875.675675676,2.44949
15.9813084,0.703703704,875.675675676,3.741657
16.1495327,0.703703704,875.675675676,3.162278
16.317757,0.703703704,908.108108108,0.7071068
16.4859813,0.703703704,875.675675676,5.385165
16.6542056,0.703703704,875.675675676,2.828427
16.8224299,0.703703704,875.675675676,2.828427
16.9906542,0.703703704,908.108108108,7.17635
17.1588785,0.703703704,908.108108108,4.84768
17.3271028,0.703703704,875.675675676,6.403124
17.4953271,0.703703704,908.108108108,4.636809
17.6635514,0.703703704,908.108108108,4.636809
17.8317757,0.703703704,875.675675676,6.708204
18,0.703703704,,107.9271
0,0.666666667,,97.52179
0.168224299,0.666666667,843.243243243,1.5
0.336448598,0.666666667,810.810810811,5.408327
0.504672897,0.666666667,810.810810811,4.609772
0.672897196,0.666666667,810.810810811,4.031129
0.841121495,0.666666667,810.810810811,4.031129
1.00934579,0.666666667,810.810810811,4.031129
1.17757009,0.666666667,810.810810811,4.031129
1.34579439,0.666666667,810.810810811,3.774917
1.51401869,0.666666667,810.810810811,3.774917
1.68224299,0.666666667,810.810810811,5.5
1.85046729,0.666666667,810.810810811,5.5
2.01869159,0.666666667,810.810810811,3.5
2.18691589,0.666666667,810.810810811,3.774917
2.35514019,0.666666667,810.810810811,4.5
2.52336449,0.666666667,843.243243243,3.640055
2.69158879,0.666666667,843.243243243,3.640055
2.85981308,0.666666667,843.243243243,2.061553
3.02803738,0.666666667,843.243243243,1.5
3.19626168,0.666666667,843.243243243,3.5
3.36448598,0.666666667,810.810810811,5.024938
3.53271028,0.666666667,810.810810811,5.678908
3.70093458,0.666666667,810.810810811,6.576473
3.86915888,0.666666667,778.378378378,2.44949
4.03738318,0.666666667,778.378378378,1.414214
4.20560748,0.666666667,778.378378378,4.242641
4.37383178,0.666666667,745.945945946,3
4.54205607,0.666666667,745.945945946,3
4.71028037,0.666666667,713.513513514,5.315073
4.87850467,0.666666667,713.513513514,4.387482
5.04672897,0.666666667,713.513513514,3.201562
5.21495327,0.666666667,713.513513514,5.024938
5.38317757,0.666666667,681.081081081,4.582576
5.55140187,0.666666667,681.081081081,3.464102
5.71962617,0.666666667,648.648648649,7.071068
5.88785047,0.666666667,648.648648649,6
6.05607477,0.666666667,648.648648649,5.09902
6.22429907,0.666666667,648.648648649,5.09902
6.39252336,0.666666667,648.648648649,5.09902
6.56074766,0.666666667,648.648648649,5.09902
6.72897196,0.666666667,648.648648649,3
6.89719626,0.666666667,648.648648649,3
7.06542056,0.666666667,648.648648649,2
7.23364486,0.666666667,648.648648649,2.44949
7.40186916,0.666666667,648.648648649,4.358899
7.57009346,0.666666667,648.648648649,6
7.73831776,0.666666667,681.081081081,5.477226
7.90654206,0.666666667,681.081081081,5.196152
8.07476636,0.666666667,681.081081081,5.477226
8.24299065,0.666666667,681.081081081,5.91608
8.41121495,0.666666667,681.081081081,6.403124
8.57943925,0.666666667,713.513513514,4.031129
8.74766355,0.666666667,713.513513514,3.905125
8.91588785,0.666666667,713.513513514,4.5
9.08411215,0.666666667,713.513513514,5.5
9.25233645,0.666666667,745.945945946,3.741657
9.42056075,0.666666667,745.945945946,2.44949
9.58878505,0.666666667,745.945945946,2.236068
9.75700935,0.666666667,745.945945946,2.44949
9.92523364,0.666666667,778.378378378,2.236068
10.0934579,0.666666667,778.378378378,0
10.2616822,0.666666667,778.378378378,1.732051
10.4299065,0.666666667,778.378378378,3.605551
10.5981308,0.666666667,778.378378378,3.741657
10.7663551,0.666666667,810.810810811,4.609772
10.9345794,0.666666667,810.810810811,3.905125
11.1028037,0.666666667,810.810810811,1.118034
11.271028,0.666666667,810.810810811,2.692582
11.4392523,0.666666667,810.810810811,3.774917
11.6074766,0.666666667,810.810810811,2.5
11.7757009,0.666666667,810.810810811,4.5
11.9439252,0.666666667,810.810810811,5.5
12.1121495,0.666666667,810.810810811,5.59017
12.2803738,0.666666667,843.243243243,5.408327
12.4485981,0.666666667,843.243243243,4.031129
12.6168224,0.666666667,843.243243243,4.031129
12.7850467,0.666666667,843.243243243,2.692582
12.953271,0.666666667,843.243243243,1.118034
13.1214953,0.666666667,843.243243243,2.061553
13.2897196,0.666666667,843.243243243,2.291288
13.4579439,0.666666667,843.243243243,3.201562
13.6261682,0.666666667,875.675675676,2.236068
13.7943925,0.666666667,875.675675676,2.236068
13.9626168,0.666666667,875.675675676,2.236068
14.1308411,0.666666667,875.675675676,2.236068
14.2990654,0.666666667,875.675675676,4.472136
14.4672897,0.666666667,875.675675676,4.123106
14.635514,0.666666667,875.675675676,4.472136
14.8037383,0.666666667,875.675675676,5.744563
14.9719626,0.666666667,908.108108108,4.062019
15.1401869,0.666666667,908.108108108,3.535534
15.3084112,0.666666667,875.675675676,4.472136
15.4766355,0.666666667,875.675675676,3.162278
15.6448598,0.666666667,875.675675676,3.605551
15.8130841,0.666666667,875.675675676,2.236068
15.9813084,0.666666667,875.675675676,11.7047
16.1495327,0.666666667,875.675675676,4
16.317757,0.666666667,875.675675676,7
16.4859813,0.666666667,875.675675676,4.242641
16.6542056,0.666666667,875.675675676,2.236068
16.8224299,0.666666667,875.675675676,3.162278
16.9906542,0.666666667,875.675675676,8
17.1588785,0.666666667,875.675675676,5.385165
17.3271028,0.666666667,875.675675676,3.605551
17.4953271,0.666666667,908.108108108,4.636809
17.6635514,0.666666667,908.108108108,4.636809
17.8317757,0.666666667,875.675675676,6.708204
18,0.666666667,,107.8065
0,0.62962963,,97.52179
0.168224299,0.62962963,843.243243243,1.5
0.336448598,0.62962963,810.810810811,5.408327
0.504672897,0.62962963,810.810810811,4.609772
0.672897196,0.62962963,810.810810811,4.031129
0.841121495,0.62962963,810.810810811,4.031129
1.00934579,0.62962963,810.810810811,4.031129
1.17757009,0.62962963,810.810810811,4.031129
1.34579439,0.62962963,810.810810811,4.031129
1.51401869,0.62962963,810.810810811,4.031129
1.68224299,0.62962963,810.810810811,4.153312
1.85046729,0.62962963,810.810810811,4.153312
2.01869159,0.62962963,810.810810811,4.031129
2.18691589,0.62962963,810.810810811,4.716991
2.35514019,0.62962963,810.810810811,4.716991
2.52336449,0.62962963,843.243243243,3.5
2.69158879,0.62962963,843.243243243,4.5
2.85981308,0.62962963,810.810810811,6.184658
3.02803738,0.62962963,810.810810811,6.103278
3.19626168,0.62962963,810.810810811,4.031129
3.36448598,0.62962963,810.810810811,3.774917
3.53271028,0.62962963,778.378378378,7.483315
3.70093458,0.62962963,778.378378378,6.403124
3.86915888,0.62962963,745.945945946,2.44949
4.03738318,0.62962963,745.945945946,1.732051
4.20560748,0.62962963,745.945945946,4.123106
4.37383178,0.62962963,713.513513514,4.153312
4.54205607,0.62962963,713.513513514,1.118034
4.71028037,0.62962963,713.513513514,5.408327
4.87850467,0.62962963,681.081081081,5.09902
5.04672897,0.62962963,681.081081081,5.09902
5.21495327,0.62962963,681.081081081,5.09902
5.38317757,0.62962963,681.081081081,5.09902
5.55140187,0.62962963,648.648648649,4.123106
5.71962617,0.62962963,648.648648649,5.385165
5.88785047,0.62962963,648.648648649,5.385165
6.05607477,0.62962963,616.216216216,5.024938
6.22429907,0.62962963,648.648648649,5.744563
6.39252336,0.62962963,648.648648649,5.744563
6.56074766,0.62962963,648.648648649,5.744563
6.72897196,0.62962963,616.216216216,4.387482
6.89719626,0.62962963,616.216216216,4.387482
7.06542056,0.62962963,616.216216216,4.5
7.23364486,0.62962963,648.648648649,5.09902
7.40186916,0.62962963,648.648648649,4.242641
7.57009346,0.62962963,648.648648649,4.123106
7.73831776,0.62962963,648.648648649,6
7.90654206,0.62962963,648.648648649,6
8.07476636,0.62962963,681.081081081,6.403124
8.24299065,0.62962963,681.081081081,5.385165
8.41121495,0.62962963,681.081081081,5.09902
8.57943925,0.62962963,681.081081081,6.403124
8.74766355,0.62962963,681.081081081,6.403124
8.91588785,0.62962963,713.513513514,2.291288
9.08411215,0.62962963,713.513513514,3.905125
9.25233645,0.62962963,713.513513514,4.5
9.42056075,0.62962963,745.945945946,5.196152
9.58878505,0.62962963,745.945945946,2.236068
9.75700935,0.62962963,745.945945946,1.732051
9.92523364,0.62962963,745.945945946,4.582576
10.0934579,0.62962963,778.378378378,3.162278
10.2616822,0.62962963,778.378378378,2.236068
10.4299065,0.62962963,778.378378378,2.236068
10.5981308,0.62962963,778.378378378,2.236068
10.7663551,0.62962963,778.378378378,5.09902
10.9345794,0.62962963,778.378378378,4.472136
11.1028037,0.62962963,810.810810811,3.041381
11.271028,0.62962963,810.810810811,1.802776
11.4392523,0.62962963,810.810810811,1.802776
11.6074766,0.62962963,810.810810811,2.5
11.7757009,0.62962963,810.810810811,3.774917
11.9439252,0.62962963,810.810810811,4.5
12.1121495,0.62962963,810.810810811,5.59017
12.2803738,0.62962963,843.243243243,5.408327
12.4485981,0.62962963,843.243243243,4.031129
12.6168224,0.62962963,843.243243243,4.031129
12.7850467,0.62962963,843.243243243,2.692582
12.953271,0.62962963,843.243243243,1.118034
13.1214953,0.62962963,843.243243243,4.031129
13.2897196,0.62962963,875.675675676,4.123106
13.4579439,0.62962963,875.675675676,3
13.6261682,0.62962963,875.675675676,2.236068
13.7943925,0.62962963,875.675675676,2.236068
13.9626168,0.62962963,875.675675676,2.236068
14.1308411,0.62962963,875.675675676,2.236068
14.2990654,0.62962963,875.675675676,7.28011
14.4672897,0.62962963,875.675675676,7.28011
14.635514,0.62962963,875.675675676,6.324555
14.8037383,0.62962963,908.108108108,6.284903
14.9719626,0.62962963,908.108108108,4.84768
15.1401869,0.62962963,908.108108108,5.612486
15.3084112,0.62962963,908.108108108,5.244044
15.4766355,0.62962963,908.108108108,4.743416
15.6448598,0.62962963,908.108108108,5.244044
15.8130841,0.62962963,908.108108108,6.041523
15.9813084,0.62962963,875.675675676,5.477226
16.1495327,0.62962963,908.108108108,6.041523
16.317757,0.62962963,875.675675676,9.055385
16.4859813,0.62962963,875.675675676,6.324555
16.6542056,0.62962963,875.675675676,4
16.8224299,0.62962963,875.675675676,4.123106
16.9906542,0.62962963,875.675675676,5.385165
17.1588785,0.62962963,875.675675676,6.082763
17.3271028,0.62962963,875.675675676,7
17.4953271,0.62962963,908.108108108,4.636809
17.6635514,0.62962963,908.108108108,4.636809
17.8317757,0.62962963,875.675675676,6.708204
18,0.62962963,,107.8065
0,0.592592593,,99.49121
0.168224299,0.592592593,843.243243243,2.291288
0.336448598,0.592592593,810.810810811,5.408327
0.504672897,0.592592593,810.810810811,4.609772
0.672897196,0.592592593,810.810810811,4.031129
0.841121495,0.592592593,810.810810811,2.692582
1.00934579,0.592592593,810.810810811,2.692582
1.17757009,0.592592593,810.810810811,2.692582
1.34579439,0.592592593,810.810810811,5.678908
1.51401869,0.592592593,810.810810811,6.800735
1.68224299,0.592592593,778.378378378,6
1.85046729,0.592592593,778.378378378,6
2.01869159,0.592592593,810.810810811,6.800735
2.18691589,0.592592593,810.810810811,6.652067
2.35514019,0.592592593,778.378378378,6
2.52336449,0.592592593,778.378378378,6.708204
2.69158879,0.592592593,778.378378378,5.744563
2.85981308,0.592592593,745.945945946,7.549834
3.02803738,0.592592593,745.945945946,5.744563
3.19626168,0.592592593,745.945945946,5.385165
3.36448598,0.592592593,713.513513514,4.821825
3.53271028,0.592592593,681.081081081,8.3666
3.70093458,0.592592593,681.081081081,6.480741
3.86915888,0.592592593,681.081081081,6.557439
4.03738318,0.592592593,648.648648649,7.071068
4.20560748,0.592592593,648.648648649,4.242641
4.37383178,0.592592593,648.648648649,4.582576
4.54205607,0.592592593,648.648648649,5.09902
4.71028037,0.592592593,616.216216216,5.024938
4.87850467,0.592592593,616.216216216,4.031129
5.04672897,0.592592593,616.216216216,4.031129
5.21495327,0.592592593,616.216216216,5.766281
5.38317757,0.592592593,616.216216216,6.800735
5.55140187,0.592592593,583.783783784,6.103278
5.71962617,0.592592593,583.783783784,2.5
5.88785047,0.592592593,583.783783784,1.5
6.05607477,0.592592593,583.783783784,2.291288
6.22429907,0.592592593,583.783783784,3.354102
6.39252336,0.592592593,583.783783784,3.354102
6.56074766,0.592592593,583.783783784,3.354102
6.72897196,0.592592593,616.216216216,5.220153
6.89719626,0.592592593,583.783783784,5.024938
7.06542056,0.592592593,583.783783784,5.024938
7.23364486,0.592592593,616.216216216,3.201562
7.40186916,0.592592593,616.216216216,3.041381
7.57009346,0.592592593,616.216216216,3.201562
7.73831776,0.592592593,648.648648649,5.09902
7.90654206,0.592592593,648.648648649,4.472136
8.07476636,0.592592593,648.648648649,5.385165
8.24299065,0.592592593,648.648648649,6.403124
8.41121495,0.592592593,681.081081081,6.708204
8.57943925,0.592592593,681.081081081,5.477226
8.74766355,0.592592593,681.081081081,5.385165
8.91588785,0.592592593,681.081081081,5.09902
9.08411215,0.592592593,713.513513514,4.153312
9.25233645,0.592592593,713.513513514,2.692582
9.42056075,0.592592593,713.513513514,4.387482
9.58878505,0.592592593,713.513513514,5.408327
9.75700935,0.592592593,745.945945946,5.385165
9.92523364,0.592592593,745.945945946,1.414214
10.0934579,0.592592593,745.945945946,2.236068
10.2616822,0.592592593,745.945945946,4.582576
10.4299065,0.592592593,745.945945946,4.898979
10.5981308,0.592592593,778.378378378,4.358899
10.7663551,0.592592593,778.378378378,4.123106
10.9345794,0.592592593,778.378378378,3
11.1028037,0.592592593,810.810810811,4.031129
11.271028,0.592592593,810.810810811,3.041381
11.4392523,0.592592593,810.810810811,2.5
11.6074766,0.592592593,810.810810811,2.872281
11.7757009,0.592592593,810.810810811,4.716991
11.9439252,0.592592593,810.810810811,5.678908
12.1121495,0.592592593,843.243243243,4.031129
12.2803738,0.592592593,843.243243243,2.692582
12.4485981,0.592592593,843.243243243,1.5
12.6168224,0.592592593,843.243243243,1.118034
12.7850467,0.592592593,843.243243243,1.802776
12.953271,0.592592593,875.675675676,3.162278
13.1214953,0.592592593,875.675675676,4.582576
13.2897196,0.592592593,875.675675676,3.741657
13.4579439,0.592592593,875.675675676,3.605551
13.6261682,0.592592593,875.675675676,4.242641
13.7943925,0.592592593,875.675675676,4.242641
13.9626168,0.592592593,875.675675676,4.242641
14.1308411,0.592592593,875.675675676,4.242641
14.2990654,0.592592593,875.675675676,9.433981
14.4672897,0.592592593,908.108108108,6.363961
14.635514,0.592592593,908.108108108,4.636809
14.8037383,0.592592593,908.108108108,4.636809
14.9719626,0.592592593,908.108108108,5.244044
15.1401869,0.592592593,908.108108108,5.958188
15.3084112,0.592592593,908.108108108,5.787918
15.4766355,0.592592593,908.108108108,3.807887
15.6448598,0.592592593,908.108108108,4.84768
15.8130841,0.592592593,908.108108108,3.937004
15.9813084,0.592592593,908.108108108,4.636809
16.1495327,0.592592593,908.108108108,4.1833
16.317757,0.592592593,875.675675676,6.403124
16.4859813,0.592592593,875.675675676,7.348469
16.6542056,0.592592593,908.108108108,5.958188
16.8224299,0.592592593,908.108108108,5.958188
16.9906542,0.592592593,908.108108108,6.745369
17.1588785,0.592592593,875.675675676,7.348469
17.3271028,0.592592593,875.675675676,6.403124
17.4953271,0.592592593,908.108108108,4.636809
17.6635514,0.592592593,908.108108108,4.636809
17.8317757,0.592592593,875.675675676,6.708204
18,0.592592593,,107.8065
0,0.555555556,,99.35542
0.168224299,0.555555556,843.243243243,3.201562
0.336448598,0.555555556,810.810810811,5.408327
0.504672897,0.555555556,810.810810811,4.609772
0.672897196,0.555555556,810.810810811,4.031129
0.841121495,0.555555556,810.810810811,1.5
1.00934579,0.555555556,810.810810811,1.5
1.17757009,0.555555556,810.810810811,1.5
1.34579439,0.555555556,810.810810811,8.01561
1.51401869,0.555555556,778.378378378,7.81025
1.68224299,0.555555556,778.378378378,3.605551
1.85046729,0.555555556,778.378378378,3.605551
2.01869159,0.555555556,745.945945946,5.385165
2.18691589,0.555555556,745.945945946,5.744563
2.35514019,0.555555556,745.945945946,7.28011
2.52336449,0.555555556,713.513513514,3.905125
2.69158879,0.555555556,713.513513514,3.201562
2.85981308,0.555555556,681.081081081,4.123106
3.02803738,0.555555556,681.081081081,3.741657
3.19626168,0.555555556,648.648648649,4.242641
3.36448598,0.555555556,648.648648649,5.196152
3.53271028,0.555555556,616.216216216,2.692582
3.70093458,0.555555556,616.216216216,4.821825
3.86915888,0.555555556,583.783783784,3.201562
4.03738318,0.555555556,583.783783784,1.802776
4.20560748,0.555555556,583.783783784,3.354102
4.37383178,0.555555556,551.351351351,4.821825
4.54205607,0.555555556,551.351351351,4.387482
4.71028037,0.555555556,551.351351351,3.041381
4.87850467,0.555555556,551.351351351,1.118034
5.04672897,0.555555556,551.351351351,2.061553
5.21495327,0.555555556,551.351351351,3.201562
5.38317757,0.555555556,551.351351351,4.5
5.55140187,0.555555556,551.351351351,4.272002
5.71962617,0.555555556,583.783783784,5.85235
5.88785047,0.555555556,551.351351351,6.184658
6.05607477,0.555555556,551.351351351,6.800735
6.22429907,0.555555556,583.783783784,4.5
6.39252336,0.555555556,583.783783784,4.5
6.56074766,0.555555556,583.783783784,4.5
6.72897196,0.555555556,583.783783784,1.118034
6.89719626,0.555555556,583.783783784,1.118034
7.06542056,0.555555556,583.783783784,1.5
7.23364486,0.555555556,583.783783784,4.153312
7.40186916,0.555555556,616.216216216,3.640055
7.57009346,0.555555556,616.216216216,3.905125
7.73831776,0.555555556,648.648648649,5.09902
7.90654206,0.555555556,648.648648649,4.472136
8.07476636,0.555555556,648.648648649,5.385165
8.24299065,0.555555556,648.648648649,6.403124
8.41121495,0.555555556,681.081081081,6.708204
8.57943925,0.555555556,681.081081081,5.744563
8.74766355,0.555555556,681.081081081,5.385165
8.91588785,0.555555556,681.081081081,5.09902
9.08411215,0.555555556,713.513513514,5.408327
9.25233645,0.555555556,713.513513514,3.354102
9.42056075,0.555555556,713.513513514,5.123475
9.58878505,0.555555556,713.513513514,6.103278
9.75700935,0.555555556,745.945945946,6.708204
9.92523364,0.555555556,745.945945946,0
10.0934579,0.555555556,745.945945946,2.236068
10.2616822,0.555555556,745.945945946,3.741657
10.4299065,0.555555556,778.378378378,5.09902
10.5981308,0.555555556,778.378378378,5.09902
10.7663551,0.555555556,778.378378378,4.242641
10.9345794,0.555555556,778.378378378,3.741657
11.1028037,0.555555556,810.810810811,4.272002
11.271028,0.555555556,810.810810811,4.5
11.4392523,0.555555556,810.810810811,4.5
11.6074766,0.555555556,810.810810811,5.315073
11.7757009,0.555555556,810.810810811,7.228416
11.9439252,0.555555556,810.810810811,7.228416
12.1121495,0.555555556,843.243243243,1.5
12.2803738,0.555555556,843.243243243,1.118034
12.4485981,0.555555556,843.243243243,1.802776
12.6168224,0.555555556,875.675675676,3.162278
12.7850467,0.555555556,875.675675676,2.828427
12.953271,0.555555556,875.675675676,4
13.1214953,0.555555556,908.108108108,5.147815
13.2897196,0.555555556,908.108108108,5.147815
13.4579439,0.555555556,908.108108108,7.968689
13.6261682,0.555555556,908.108108108,6.363961
13.7943925,0.555555556,908.108108108,5.147815
13.9626168,0.555555556,908.108108108,5.147815
14.1308411,0.555555556,908.108108108,5.147815
14.2990654,0.555555556,908.108108108,4.949747
14.4672897,0.555555556,908.108108108,2.915476
14.635514,0.555555556,908.108108108,3.937004
14.8037383,0.555555556,908.108108108,2.738613
14.9719626,0.555555556,908.108108108,5.787918
15.1401869,0.555555556,875.675675676,14.69694
15.3084112,0.555555556,908.108108108,5.958188
15.4766355,0.555555556,908.108108108,5.958188
15.6448598,0.555555556,908.108108108,5.958188
15.8130841,0.555555556,908.108108108,5.244044
15.9813084,0.555555556,908.108108108,5.244044
16.1495327,0.555555556,908.108108108,3.807887
16.317757,0.555555556,908.108108108,3.082207
16.4859813,0.555555556,908.108108108,4.062019
16.6542056,0.555555556,940.540540541,6.800735
16.8224299,0.555555556,940.540540541,6.800735
16.9906542,0.555555556,908.108108108,3.807887
17.1588785,0.555555556,908.108108108,2.345208
17.3271028,0.555555556,908.108108108,3.807887
17.4953271,0.555555556,908.108108108,4.636809
17.6635514,0.555555556,908.108108108,4.636809
17.8317757,0.555555556,875.675675676,6.708204
18,0.555555556,,107.8065
0,0.518518519,,150.0108
0.168224299,0.518518519,,93.00269
0.336448598,0.518518519,810.810810811,4.609772
0.504672897,0.518518519,810.810810811,4.609772
0.672897196,0.518518519,810.810810811,2.692582
0.841121495,0.518518519,843.243243243,3.5
1.00934579,0.518518519,843.243243243,2.291288
1.17757009,0.518518519,810.810810811,3.5
1.34579439,0.518518519,778.378378378,4.358899
1.51401869,0.518518519,778.378378378,2.828427
1.68224299,0.518518519,745.945945946,6.480741
1.85046729,0.518518519,681.081081081,6.403124
2.01869159,0.518518519,648.648648649,4.898979
2.18691589,0.518518519,648.648648649,5.385165
2.35514019,0.518518519,648.648648649,5.09902
2.52336449,0.518518519,616.216216216,3.905125
2.69158879,0.518518519,583.783783784,6.020797
2.85981308,0.518518519,583.783783784,3.5
3.02803738,0.518518519,551.351351351,4.387482
3.19626168,0.518518519,551.351351351,4.387482
3.36448598,0.518518519,518.918918919,3.570714
3.53271028,0.518518519,518.918918919,4.974937
3.70093458,0.518518519,518.918918919,4.330127
3.86915888,0.518518519,518.918918919,5.545268
4.03738318,0.518518519,486.486486486,6.538348
4.20560748,0.518518519,486.486486486,5.545268
4.37383178,0.518518519,486.486486486,5.722762
4.54205607,0.518518519,486.486486486,6.538348
4.71028037,0.518518519,486.486486486,4.769696
4.87850467,0.518518519,486.486486486,4.330127
5.04672897,0.518518519,486.486486486,4.974937
5.21495327,0.518518519,486.486486486,6.062178
5.38317757,0.518518519,486.486486486,6.062178
5.55140187,0.518518519,518.918918919,6.22495
5.71962617,0.518518519,518.918918919,3.840573
5.88785047,0.518518519,551.351351351,5.123475
6.05607477,0.518518519,551.351351351,3.041381
6.22429907,0.518518519,551.351351351,2.692582
6.39252336,0.518518519,551.351351351,3.640055
6.56074766,0.518518519,583.783783784,6.103278
6.72897196,0.518518519,583.783783784,1.5
6.89719626,0.518518519,583.783783784,4.153312
7.06542056,0.518518519,616.216216216,3.201562
7.23364486,0.518518519,616.216216216,1.5
7.40186916,0.518518519,648.648648649,3.741657
7.57009346,0.518518519,648.648648649,3.162278
7.73831776,0.518518519,681.081081081,5.744563
7.90654206,0.518518519,681.081081081,4.358899
8.07476636,0.518518519,681.081081081,4.472136
8.24299065,0.518518519,681.081081081,3.316625
8.41121495,0.518518519,681.081081081,4.358899
8.57943925,0.518518519,681.081081081,7.071068
8.74766355,0.518518519,713.513513514,7.762087
8.91588785,0.518518519,713.513513514,2.692582
9.08411215,0.518518519,713.513513514,4.716991
9.25233645,0.518518519,745.945945946,5.385165
9.42056075,0.518518519,745.945945946,4.242641
9.58878505,0.518518519,745.945945946,4.582576
9.75700935,0.518518519,745.945945946,4.242641
9.92523364,0.518518519,745.945945946,5.385165
10.0934579,0.518518519,778.378378378,6
10.2616822,0.518518519,778.378378378,4.898979
10.4299065,0.518518519,778.378378378,5.09902
10.5981308,0.518518519,778.378378378,5.656854
10.7663551,0.518518519,778.378378378,8.306624
10.9345794,0.518518519,810.810810811,6.422616
11.1028037,0.518518519,810.810810811,3.640055
11.271028,0.518518519,843.243243243,5.59017
11.4392523,0.518518519,843.243243243,2.061553
11.6074766,0.518518519,843.243243243,2.061553
11.7757009,0.518518519,843.243243243,3.5
11.9439252,0.518518519,875.675675676,2.236068
12.1121495,0.518518519,875.675675676,3.605551
12.2803738,0.518518519,908.108108108,2.345208
12.4485981,0.518518519,908.108108108,2.12132
12.6168224,0.518518519,908.108108108,3.391165
12.7850467,0.518518519,908.108108108,4.1833
12.953271,0.518518519,908.108108108,5.522681
13.1214953,0.518518519,940.540540541,2.061553
13.2897196,0.518518519,940.540540541,3.041381
13.4579439,0.518518519,972.972972973,2.236068
13.6261682,0.518518519,972.972972973,3
13.7943925,0.518518519,972.972972973,3.464102
13.9626168,0.518518519,940.540540541,3.201562
14.1308411,0.518518519,940.540540541,3.201562
14.2990654,0.518518519,1005.40540541,3.640055
14.4672897,0.518518519,1005.40540541,3.640055
14.635514,0.518518519,972.972972973,4.242641
14.8037383,0.518518519,972.972972973,2.828427
14.9719626,0.518518519,972.972972973,2
15.1401869,0.518518519,972.972972973,2
15.3084112,0.518518519,972.972972973,2
15.4766355,0.518518519,972.972972973,2
15.6448598,0.518518519,972.972972973,2.236068
15.8130841,0.518518519,940.540540541,2.291288
15.9813084,0.518518519,940.540540541,1.5
16.1495327,0.518518519,940.540540541,1.118034
16.317757,0.518518519,940.540540541,2.061553
16.4859813,0.518518519,908.108108108,1.870829
16.6542056,0.518518519,908.108108108,1.870829
16.8224299,0.518518519,908.108108108,1.870829
16.9906542,0.518518519,908.108108108,1.870829
17.1588785,0.518518519,908.108108108,1.870829
17.3271028,0.518518519,908.108108108,1.870829
17.4953271,0.518518519,908.108108108,1.870829
17.6635514,0.518518519,940.540540541,3.354102
17.8317757,0.518518519,972.972972973,2
18,0.518518519,,107.9595
0,0.481481481,,157.373
0.168224299,0.481481481,,114.8706
0.336448598,0.481481481,843.243243243,5.5
0.504672897,0.481481481,843.243243243,5.85235
0.672897196,0.481481481,810.810810811,3.5
0.841121495,0.481481481,810.810810811,4.272002
1.00934579,0.481481481,810.810810811,5.220153
1.17757009,0.481481481,810.810810811,3.640055
1.34579439,0.481481481,778.378378378,5
1.51401869,0.481481481,778.378378378,5.385165
1.68224299,0.481481481,681.081081081,5.385165
1.85046729,0.481481481,616.216216216,4.5
2.01869159,0.481481481,583.783783784,6.020797
2.18691589,0.481481481,551.351351351,4.387482
2.35514019,0.481481481,551.351351351,4.924429
2.52336449,0.481481481,551.351351351,12.25765
2.69158879,0.481481481,551.351351351,7.5
2.85981308,0.481481481,518.918918919,5.17204
3.02803738,0.481481481,486.486486486,6.689544
3.19626168,0.481481481,486.486486486,6.22495
3.36448598,0.481481481,454.054054054,7.648529
3.53271028,0.481481481,454.054054054,8.031189
3.70093458,0.481481481,454.054054054,7.648529
3.86915888,0.481481481,454.054054054,5.87367
4.03738318,0.481481481,454.054054054,4.301163
4.20560748,0.481481481,454.054054054,4.301163
4.37383178,0.481481481,454.054054054,5.244044
4.54205607,0.481481481,454.054054054,5.87367
4.71028037,0.481481481,454.054054054,4.636809
4.87850467,0.481481481,486.486486486,6.538348
5.04672897,0.481481481,486.486486486,5.722762
5.21495327,0.481481481,486.486486486,5.17204
5.38317757,0.481481481,486.486486486,4.974937
5.55140187,0.481481481,486.486486486,5.722762
5.71962617,0.481481481,518.918918919,6.689544
5.88785047,0.481481481,518.918918919,1.658312
6.05607477,0.481481481,551.351351351,3.5
6.22429907,0.481481481,551.351351351,4.716991
6.39252336,0.481481481,583.783783784,1.5
6.56074766,0.481481481,616.216216216,5.59017
6.72897196,0.481481481,648.648648649,4.690416
6.89719626,0.481481481,648.648648649,3.605551
7.06542056,0.481481481,648.648648649,4.690416
7.23364486,0.481481481,681.081081081,3
7.40186916,0.481481481,681.081081081,3.741657
7.57009346,0.481481481,713.513513514,3.201562
7.73831776,0.481481481,713.513513514,4.716991
7.90654206,0.481481481,713.513513514,5.315073
8.07476636,0.481481481,713.513513514,4.5
8.24299065,0.481481481,713.513513514,7.632169
8.41121495,0.481481481,713.513513514,10.25914
8.57943925,0.481481481,745.945945946,12.08305
8.74766355,0.481481481,745.945945946,12.08305
8.91588785,0.481481481,745.945945946,4.582576
9.08411215,0.481481481,778.378378378,4.358899
9.25233645,0.481481481,778.378378378,4.358899
9.42056075,0.481481481,778.378378378,4.358899
9.58878505,0.481481481,778.378378378,4.582576
9.75700935,0.481481481,778.378378378,4.123106
9.92523364,0.481481481,778.378378378,7.483315
10.0934579,0.481481481,778.378378378,8.246211
10.2616822,0.481481481,810.810810811,6.800735
10.4299065,0.481481481,810.810810811,6.184658
10.5981308,0.481481481,810.810810811,4.716991
10.7663551,0.481481481,810.810810811,6.184658
10.9345794,0.481481481,843.243243243,5.024938
11.1028037,0.481481481,908.108108108,7.842194
11.271028,0.481481481,875.675675676,1.732051
11.4392523,0.481481481,875.675675676,1
11.6074766,0.481481481,875.675675676,1
11.7757009,0.481481481,908.108108108,3.24037
11.9439252,0.481481481,908.108108108,0.7071068
12.1121495,0.481481481,875.675675676,4.242641
12.2803738,0.481481481,908.108108108,1.870829
12.4485981,0.481481481,940.540540541,2.061553
12.6168224,0.481481481,940.540540541,2.291288
12.7850467,0.481481481,940.540540541,1.118034
12.953271,0.481481481,940.540540541,2.061553
13.1214953,0.481481481,972.972972973,3.741657
13.2897196,0.481481481,972.972972973,4.123106
13.4579439,0.481481481,972.972972973,4.123106
13.6261682,0.481481481,1005.40540541,4.716991
13.7943925,0.481481481,972.972972973,4.898979
13.9626168,0.481481481,972.972972973,4.123106
14.1308411,0.481481481,972.972972973,3.464102
14.2990654,0.481481481,1005.40540541,1.802776
14.4672897,0.481481481,1005.40540541,1.802776
14.635514,0.481481481,1005.40540541,2.692582
14.8037383,0.481481481,972.972972973,3.605551
14.9719626,0.481481481,972.972972973,2.828427
15.1401869,0.481481481,972.972972973,2.828427
15.3084112,0.481481481,972.972972973,2.828427
15.4766355,0.481481481,972.972972973,2.828427
15.6448598,0.481481481,972.972972973,2
15.8130841,0.481481481,972.972972973,2.236068
15.9813084,0.481481481,940.540540541,2.291288
16.1495327,0.481481481,940.540540541,1.5
16.317757,0.481481481,940.540540541,1.118034
16.4859813,0.481481481,940.540540541,1.118034
16.6542056,0.481481481,940.540540541,1.118034
16.8224299,0.481481481,940.540540541,1.118034
16.9906542,0.481481481,940.540540541,1.118034
17.1588785,0.481481481,940.540540541,1.118034
17.3271028,0.481481481,940.540540541,1.118034
17.4953271,0.481481481,940.540540541,2.692582
17.6635514,0.481481481,940.540540541,3.201562
17.8317757,0.481481481,972.972972973,2
18,0.481481481,,107.9595
0,0.444444444,,153.2816
0.168224299,0.444444444,,128.5584
0.336448598,0.444444444,908.108108108,5.244044
0.504672897,0.444444444,810.810810811,8.381527
0.672897196,0.444444444,778.378378378,10.48809
0.841121495,0.444444444,778.378378378,17.5784
1.00934579,0.444444444,745.945945946,17.72005
1.17757009,0.444444444,681.081081081,5.385165
1.34579439,0.444444444,616.216216216,8.440972
1.51401869,0.444444444,551.351351351,7.762087
1.68224299,0.444444444,454.054054054,6.284903
1.85046729,0.444444444,389.189189189,10.25914
2.01869159,0.444444444,324.324324324,8.87412
2.18691589,0.444444444,324.324324324,6.538348
2.35514019,0.444444444,324.324324324,7.92149
2.52336449,0.444444444,356.756756757,5.85235
2.69158879,0.444444444,356.756756757,1.118034
2.85981308,0.444444444,356.756756757,2.291288
3.02803738,0.444444444,356.756756757,4.272002
3.19626168,0.444444444,356.756756757,5.024938
3.36448598,0.444444444,324.324324324,7.26292
3.53271028,0.444444444,356.756756757,7.632169
3.70093458,0.444444444,356.756756757,6.422616
3.86915888,0.444444444,356.756756757,4.153312
4.03738318,0.444444444,356.756756757,1.118034
4.20560748,0.444444444,389.189189189,4.272002
4.37383178,0.444444444,389.189189189,7.697402
4.54205607,0.444444444,454.054054054,7.905694
4.71028037,0.444444444,486.486486486,6.538348
4.87850467,0.444444444,518.918918919,4.555217
5.04672897,0.444444444,518.918918919,2.95804
5.21495327,0.444444444,551.351351351,1.802776
5.38317757,0.444444444,583.783783784,2.291288
5.55140187,0.444444444,616.216216216,3.201562
5.71962617,0.444444444,648.648648649,6.480741
5.88785047,0.444444444,681.081081081,8.831761
6.05607477,0.444444444,713.513513514,6.873864
6.22429907,0.444444444,745.945945946,6.403124
6.39252336,0.444444444,778.378378378,5.09902
6.56074766,0.444444444,778.378378378,5.385165
6.72897196,0.444444444,810.810810811,4.716991
6.89719626,0.444444444,810.810810811,5.315073
7.06542056,0.444444444,810.810810811,5.678908
7.23364486,0.444444444,810.810810811,7.228416
7.40186916,0.444444444,810.810810811,9.287088
7.57009346,0.444444444,810.810810811,9.708244
7.73831776,0.444444444,843.243243243,3.201562
7.90654206,0.444444444,843.243243243,4.5
8.07476636,0.444444444,875.675675676,4.123106
8.24299065,0.444444444,875.675675676,4.242641
8.41121495,0.444444444,875.675675676,5.385165
8.57943925,0.444444444,875.675675676,3.316625
8.74766355,0.444444444,875.675675676,3.605551
8.91588785,0.444444444,908.108108108,4.527693
9.08411215,0.444444444,908.108108108,3.082207
9.25233645,0.444444444,908.108108108,2.12132
9.42056075,0.444444444,908.108108108,4.527693
9.58878505,0.444444444,908.108108108,3.082207
9.75700935,0.444444444,908.108108108,2.12132
9.92523364,0.444444444,940.540540541,2.692582
10.0934579,0.444444444,940.540540541,2.692582
10.2616822,0.444444444,908.108108108,3.674235
10.4299065,0.444444444,940.540540541,3.354102
10.5981308,0.444444444,908.108108108,3.24037
10.7663551,0.444444444,908.108108108,3.674235
10.9345794,0.444444444,940.540540541,2.291288
11.1028037,0.444444444,972.972972973,3
11.271028,0.444444444,972.972972973,2.828427
11.4392523,0.444444444,940.540540541,4.387482
11.6074766,0.444444444,972.972972973,3.464102
11.7757009,0.444444444,1005.40540541,2.692582
11.9439252,0.444444444,1005.40540541,3.201562
12.1121495,0.444444444,972.972972973,2.236068
12.2803738,0.444444444,1005.40540541,2.872281
12.4485981,0.444444444,1005.40540541,3.640055
12.6168224,0.444444444,1037.83783784,2.54951
12.7850467,0.444444444,1037.83783784,2.12132
12.953271,0.444444444,1037.83783784,2.54951
13.1214953,0.444444444,1037.83783784,4.743416
13.2897196,0.444444444,1037.83783784,3.674235
13.4579439,0.444444444,1037.83783784,3.674235
13.6261682,0.444444444,1037.83783784,4.301163
13.7943925,0.444444444,1037.83783784,2.915476
13.9626168,0.444444444,1037.83783784,2.915476
14.1308411,0.444444444,1037.83783784,2.915476
14.2990654,0.444444444,1037.83783784,3.082207
14.4672897,0.444444444,1037.83783784,3.937004
14.635514,0.444444444,1005.40540541,5.315073
14.8037383,0.444444444,1005.40540541,2.872281
14.9719626,0.444444444,1005.40540541,2.291288
15.1401869,0.444444444,1005.40540541,2.061553
15.3084112,0.444444444,1005.40540541,2.061553
15.4766355,0.444444444,1005.40540541,2.061553
15.6448598,0.444444444,1005.40540541,2.872281
15.8130841,0.444444444,1005.40540541,4.153312
15.9813084,0.444444444,972.972972973,4.242641
16.1495327,0.444444444,972.972972973,2.44949
16.317757,0.444444444,972.972972973,1
16.4859813,0.444444444,972.972972973,1
16.6542056,0.444444444,972.972972973,1
16.8224299,0.444444444,972.972972973,1
16.9906542,0.444444444,972.972972973,1
17.1588785,0.444444444,972.972972973,1
17.3271028,0.444444444,972.972972973,1
17.4953271,0.444444444,972.972972973,1
17.6635514,0.444444444,972.972972973,3.464102
17.8317757,0.444444444,1005.40540541,4.153312
18,0.444444444,,108.477
0,0.407407407,,39.02884
0.168224299,0.407407407,,70.0482
0.336448598,0.407407407,518.918918919,5.722762
0.504672897,0.407407407,551.351351351,8.077747
0.672897196,0.407407407,486.486486486,5.722762
0.841121495,0.407407407,454.054054054,4.84768
1.00934579,0.407407407,421.621621622,6.041523
1.17757009,0.407407407,324.324324324,11.16915
1.34579439,0.407407407,291.891891892,3.937004
1.51401869,0.407407407,291.891891892,5.43139
1.68224299,0.407407407,291.891891892,5.43139
1.85046729,0.407407407,291.891891892,6.284903
2.01869159,0.407407407,291.891891892,5.612486
2.18691589,0.407407407,291.891891892,4.062019
2.35514019,0.407407407,291.891891892,3.937004
2.52336449,0.407407407,291.891891892,4.949747
2.69158879,0.407407407,291.891891892,4.062019
2.85981308,0.407407407,324.324324324,0.8660254
3.02803738,0.407407407,324.324324324,7.53326
3.19626168,0.407407407,356.756756757,9.013878
3.36448598,0.407407407,454.054054054,8.455767
3.53271028,0.407407407,518.918918919,14.02676
3.70093458,0.407407407,551.351351351,10.54751
3.86915888,0.407407407,583.783783784,8.558621
4.03738318,0.407407407,648.648648649,2.44949
4.20560748,0.407407407,681.081081081,3.605551
4.37383178,0.407407407,713.513513514,4.387482
4.54205607,0.407407407,745.945945946,5.09902
4.71028037,0.407407407,778.378378378,4.898979
4.87850467,0.407407407,778.378378378,12.72792
5.04672897,0.407407407,1005.40540541,20.71835
5.21495327,0.407407407,1037.83783784,10.97725
5.38317757,0.407407407,1070.27027027,8.20061
5.55140187,0.407407407,1102.7027027,4.84768
5.71962617,0.407407407,1167.56756757,3.741657
5.88785047,0.407407407,1167.56756757,3
6.05607477,0.407407407,1200,3.774917
6.22429907,0.407407407,1232.43243243,2.828427
6.39252336,0.407407407,1264.86486486,1.732051
6.56074766,0.407407407,1297.2972973,4.5
6.72897196,0.407407407,1297.2972973,3.201562
6.89719626,0.407407407,1297.2972973,1.802776
7.06542056,0.407407407,1297.2972973,1.802776
7.23364486,0.407407407,1297.2972973,1.802776
7.40186916,0.407407407,1297.2972973,0.5
7.57009346,0.407407407,1297.2972973,0.5
7.73831776,0.407407407,1264.86486486,5.744563
7.90654206,0.407407407,1264.86486486,5.385165
8.07476636,0.407407407,1264.86486486,6.480741
8.24299065,0.407407407,1232.43243243,1
8.41121495,0.407407407,1232.43243243,4.123106
8.57943925,0.407407407,1200,4.5
8.74766355,0.407407407,1200,2.872281
8.91588785,0.407407407,1167.56756757,4.123106
9.08411215,0.407407407,1167.56756757,3.162278
9.25233645,0.407407407,1167.56756757,3.316625
9.42056075,0.407407407,1167.56756757,1
9.58878505,0.407407407,1167.56756757,1
9.75700935,0.407407407,1167.56756757,2.236068
9.92523364,0.407407407,1135.13513514,1
10.0934579,0.407407407,1135.13513514,3.162278
10.2616822,0.407407407,1102.7027027,6.819091
10.4299065,0.407407407,1102.7027027,6.819091
10.5981308,0.407407407,1102.7027027,7.035624
10.7663551,0.407407407,1070.27027027,6.873864
10.9345794,0.407407407,1070.27027027,4.821825
11.1028037,0.407407407,1102.7027027,4.062019
11.271028,0.407407407,1102.7027027,4.062019
11.4392523,0.407407407,1102.7027027,2.12132
11.6074766,0.407407407,1102.7027027,2.915476
11.7757009,0.407407407,1135.13513514,4.472136
11.9439252,0.407407407,1135.13513514,2.828427
12.1121495,0.407407407,1135.13513514,3.464102
12.2803738,0.407407407,1167.56756757,3.605551
12.4485981,0.407407407,1167.56756757,2.44949
12.6168224,0.407407407,1167.56756757,2.44949
12.7850467,0.407407407,1167.56756757,1.414214
12.953271,0.407407407,1167.56756757,4.123106
13.1214953,0.407407407,1135.13513514,1
13.2897196,0.407407407,1135.13513514,2
13.4579439,0.407407407,1102.7027027,2.12132
13.6261682,0.407407407,1102.7027027,1.581139
13.7943925,0.407407407,1102.7027027,2.12132
13.9626168,0.407407407,1102.7027027,2.12132
14.1308411,0.407407407,1102.7027027,2.345208
14.2990654,0.407407407,1070.27027027,2.692582
14.4672897,0.407407407,1070.27027027,2.692582
14.635514,0.407407407,1070.27027027,4.609772
14.8037383,0.407407407,1037.83783784,2.12132
14.9719626,0.407407407,1037.83783784,2.12132
15.1401869,0.407407407,1037.83783784,2.12132
15.3084112,0.407407407,1037.83783784,3.24037
15.4766355,0.407407407,1037.83783784,3.24037
15.6448598,0.407407407,1037.83783784,4.636809
15.8130841,0.407407407,1005.40540541,4.153312
15.9813084,0.407407407,1005.40540541,3.201562
16.1495327,0.407407407,1005.40540541,2.061553
16.317757,0.407407407,1005.40540541,1.118034
16.4859813,0.407407407,1005.40540541,1.118034
16.6542056,0.407407407,1005.40540541,1.118034
16.8224299,0.407407407,1005.40540541,1.118034
16.9906542,0.407407407,1005.40540541,1.118034
17.1588785,0.407407407,1005.40540541,1.118034
17.3271028,0.407407407,1005.40540541,1.118034
17.4953271,0.407407407,1005.40540541,1.5
17.6635514,0.407407407,1005.40540541,2.692582
17.8317757,0.407407407,1005.40540541,3.201562
18,0.407407407,,107.6905
0,0.37037037,,53.67728
0.168224299,0.37037037,291.891891892,4.301163
0.336448598,0.37037037,291.891891892,6.745369
0.504672897,0.37037037,291.891891892,5.338539
0.672897196,0.37037037,259.459459459,3.674235
0.841121495,0.37037037,259.459459459,4.636809
1.00934579,0.37037037,259.459459459,4.636809
1.17757009,0.37037037,259.459459459,10.07472
1.34579439,0.37037037,259.459459459,7.035624
1.51401869,0.37037037,259.459459459,6.595453
1.68224299,0.37037037,324.324324324,3.570714
1.85046729,0.37037037,324.324324324,5.894913
2.01869159,0.37037037,389.189189189,4.609772
2.18691589,0.37037037,454.054054054,9.192388
2.35514019,0.37037037,454.054054054,4.636809
2.52336449,0.37037037,454.054054054,4.636809
2.69158879,0.37037037,486.486486486,4.092676
2.85981308,0.37037037,551.351351351,4.031129
3.02803738,0.37037037,616.216216216,6.344289
3.19626168,0.37037037,713.513513514,4.716991
3.36448598,0.37037037,778.378378378,15.29706
3.53271028,0.37037037,972.972972973,15.06652
3.70093458,0.37037037,1005.40540541,10.87428
3.86915888,0.37037037,1037.83783784,6.595453
4.03738318,0.37037037,1102.7027027,4.301163
4.20560748,0.37037037,1200,2.291288
4.37383178,0.37037037,1232.43243243,3.741657
4.54205607,0.37037037,1297.2972973,6.652067
4.71028037,0.37037037,1394.59459459,12.05197
4.87850467,0.37037037,1427.02702703,14.78175
5.04672897,0.37037037,1524.32432432,21.88036
5.21495327,0.37037037,,37.36308
5.38317757,0.37037037,,44.89432
5.55140187,0.37037037,,40.17462
5.71962617,0.37037037,2043.24324324,29.40238
5.88785047,0.37037037,2043.24324324,30.00833
6.05607477,0.37037037,2075.67567568,27.80288
6.22429907,0.37037037,2075.67567568,28.4605
6.39252336,0.37037037,2140.54054054,24.02603
6.56074766,0.37037037,2140.54054054,23.09221
6.72897196,0.37037037,2172.97297297,21.64486
6.89719626,0.37037037,2172.97297297,21.85177
7.06542056,0.37037037,2172.97297297,23.33452
7.23364486,0.37037037,2172.97297297,22.85826
7.40186916,0.37037037,2140.54054054,21.68525
7.57009346,0.37037037,2140.54054054,20.91052
7.73831776,0.37037037,2140.54054054,21.24265
7.90654206,0.37037037,2140.54054054,22.18671
8.07476636,0.37037037,2108.10810811,20.89856
8.24299065,0.37037037,2075.67567568,22.49444
8.41121495,0.37037037,2043.24324324,22.81447
8.57943925,0.37037037,2010.81081081,24.5153
8.74766355,0.37037037,2010.81081081,23.9583
8.91588785,0.37037037,,43.19722
9.08411215,0.37037037,,42.27588
9.25233645,0.37037037,,38.90373
9.42056075,0.37037037,1686.48648649,34.83533
9.58878505,0.37037037,1686.48648649,29.04307
9.75700935,0.37037037,1686.48648649,26.73013
9.92523364,0.37037037,1621.62162162,25.12966
10.0934579,0.37037037,1621.62162162,23.92697
10.2616822,0.37037037,1589.18918919,21.2132
10.4299065,0.37037037,1524.32432432,14.65435
10.5981308,0.37037037,1524.32432432,6.062178
10.7663551,0.37037037,1427.02702703,3.082207
10.9345794,0.37037037,1394.59459459,2.061553
11.1028037,0.37037037,1394.59459459,6.5
11.271028,0.37037037,1394.59459459,8.077747
11.4392523,0.37037037,1362.16216216,10.55936
11.6074766,0.37037037,1362.16216216,5.522681
11.7757009,0.37037037,1362.16216216,2.738613
11.9439252,0.37037037,1329.72972973,3.082207
12.1121495,0.37037037,1329.72972973,0.7071068
12.2803738,0.37037037,1329.72972973,0.7071068
12.4485981,0.37037037,1329.72972973,1.870829
12.6168224,0.37037037,1264.86486486,5.477226
12.7850467,0.37037037,1232.43243243,7.483315
12.953271,0.37037037,1232.43243243,8.544004
13.1214953,0.37037037,1232.43243243,3.741657
13.2897196,0.37037037,1200,3.774917
13.4579439,0.37037037,1167.56756757,3.741657
13.6261682,0.37037037,1135.13513514,4.898979
13.7943925,0.37037037,1135.13513514,2
13.9626168,0.37037037,1135.13513514,2.236068
14.1308411,0.37037037,1135.13513514,1.414214
14.2990654,0.37037037,1102.7027027,1.870829
14.4672897,0.37037037,1102.7027027,2.54951
14.635514,0.37037037,1102.7027027,4.301163
14.8037383,0.37037037,1070.27027027,3.5
14.9719626,0.37037037,1070.27027027,2.5
15.1401869,0.37037037,1070.27027027,2.5
15.3084112,0.37037037,1070.27027027,2.061553
15.4766355,0.37037037,1070.27027027,2.692582
15.6448598,0.37037037,1070.27027027,4.609772
15.8130841,0.37037037,1037.83783784,2.738613
15.9813084,0.37037037,1037.83783784,1.870829
16.1495327,0.37037037,1037.83783784,0.7071068
16.317757,0.37037037,1037.83783784,1.581139
16.4859813,0.37037037,1037.83783784,1.581139
16.6542056,0.37037037,1037.83783784,1.581139
16.8224299,0.37037037,1037.83783784,1.581139
16.9906542,0.37037037,1037.83783784,1.581139
17.1588785,0.37037037,1037.83783784,1.581139
17.3271028,0.37037037,1037.83783784,1.581139
17.4953271,0.37037037,1037.83783784,2.54951
17.6635514,0.37037037,1037.83783784,2.54951
17.8317757,0.37037037,1037.83783784,1.581139
18,0.37037037,,107.2858
0,0.333333333,,48.52061
0.168224299,0.333333333,259.459459459,5.787918
0.336448598,0.333333333,291.891891892,6.442049
0.504672897,0.333333333,291.891891892,7.648529
0.672897196,0.333333333,259.459459459,4.062019
0.841121495,0.333333333,259.459459459,6.519202
1.00934579,0.333333333,259.459459459,3.24037
1.17757009,0.333333333,291.891891892,5.787918
1.34579439,0.333333333,291.891891892,6.819091
1.51401869,0.333333333,324.324324324,6.22495
1.68224299,0.333333333,421.621621622,5.338539
1.85046729,0.333333333,486.486486486,6.538348
2.01869159,0.333333333,551.351351351,3.041381
2.18691589,0.333333333,583.783783784,3.774917
2.35514019,0.333333333,583.783783784,7.762087
2.52336449,0.333333333,681.081081081,6.164414
2.69158879,0.333333333,713.513513514,4.5
2.85981308,0.333333333,778.378378378,6.403124
3.02803738,0.333333333,1005.40540541,16.5
3.19626168,0.333333333,1070.27027027,7.088723
3.36448598,0.333333333,1167.56756757,3
3.53271028,0.333333333,1264.86486486,2.236068
3.70093458,0.333333333,1297.2972973,6.873864
3.86915888,0.333333333,1362.16216216,16.80774
4.03738318,0.333333333,1427.02702703,21.52905
4.20560748,0.333333333,,35.56332
4.37383178,0.333333333,,44.00852
4.54205607,0.333333333,,52.50714
4.71028037,0.333333333,,49.76947
4.87850467,0.333333333,,46.12212
5.04672897,0.333333333,,38.29164
5.21495327,0.333333333,2270.27027027,31.38869
5.38317757,0.333333333,2335.13513514,24.68299
5.55140187,0.333333333,2367.56756757,22.10204
5.71962617,0.333333333,2400,25.12469
5.88785047,0.333333333,2400,26.00481
6.05607477,0.333333333,2432.43243243,27.39069
6.22429907,0.333333333,2464.86486486,27.51818
6.39252336,0.333333333,2497.2972973,29.12902
6.56074766,0.333333333,2497.2972973,29.16333
6.72897196,0.333333333,,35.81899
6.89719626,0.333333333,,35.56684
7.06542056,0.333333333,,37.01351
7.23364486,0.333333333,,36.12478
7.40186916,0.333333333,,37.08436
7.57009346,0.333333333,,37.88469
7.73831776,0.333333333,,36.09016
7.90654206,0.333333333,,35.63004
8.07476636,0.333333333,2497.2972973,34.24179
8.24299065,0.333333333,2464.86486486,31.89436
8.41121495,0.333333333,2464.86486486,29.95413
8.57943925,0.333333333,2432.43243243,28.05798
8.74766355,0.333333333,2400,27.4454
8.91588785,0.333333333,2367.56756757,29.02585
9.08411215,0.333333333,2367.56756757,27.04626
9.25233645,0.333333333,2367.56756757,26.73013
9.42056075,0.333333333,2335.13513514,24.54078
9.58878505,0.333333333,2302.7027027,22.80899
9.75700935,0.333333333,2302.7027027,22.00568
9.92523364,0.333333333,2270.27027027,26.8561
10.0934579,0.333333333,2237.83783784,26.33439
10.2616822,0.333333333,2172.97297297,25.68073
10.4299065,0.333333333,2075.67567568,24.77902
10.5981308,0.333333333,2010.81081081,23.60085
10.7663551,0.333333333,1913.51351351,23.71708
10.9345794,0.333333333,1686.48648649,19.96246
11.1028037,0.333333333,1621.62162162,12.06234
11.271028,0.333333333,1621.62162162,7.449832
11.4392523,0.333333333,1589.18918919,6.082763
11.6074766,0.333333333,1556.75675676,3.570714
11.7757009,0.333333333,1524.32432432,2.95804
11.9439252,0.333333333,1491.89189189,2.54951
12.1121495,0.333333333,1427.02702703,3.674235
12.2803738,0.333333333,1394.59459459,2.5
12.4485981,0.333333333,1394.59459459,6.5
12.6168224,0.333333333,1362.16216216,1.870829
12.7850467,0.333333333,1297.2972973,4.031129
12.953271,0.333333333,1264.86486486,7.28011
13.1214953,0.333333333,1264.86486486,2.236068
13.2897196,0.333333333,1232.43243243,5.196152
13.4579439,0.333333333,1200,1.5
13.6261682,0.333333333,1167.56756757,2.236068
13.7943925,0.333333333,1167.56756757,4.582576
13.9626168,0.333333333,1135.13513514,3.316625
14.1308411,0.333333333,1135.13513514,3.316625
14.2990654,0.333333333,1135.13513514,4.242641
14.4672897,0.333333333,1102.7027027,3.391165
14.635514,0.333333333,1102.7027027,1.870829
14.8037383,0.333333333,1102.7027027,1.581139
14.9719626,0.333333333,1102.7027027,2.54951
15.1401869,0.333333333,1102.7027027,2.54951
15.3084112,0.333333333,1070.27027027,2.872281
15.4766355,0.333333333,1070.27027027,2.872281
15.6448598,0.333333333,1070.27027027,1.5
15.8130841,0.333333333,1070.27027027,2.061553
15.9813084,0.333333333,1070.27027027,2.692582
16.1495327,0.333333333,1070.27027027,4.609772
16.317757,0.333333333,1070.27027027,2.692582
16.4859813,0.333333333,1070.27027027,2.692582
16.6542056,0.333333333,1070.27027027,2.692582
16.8224299,0.333333333,1070.27027027,2.692582
16.9906542,0.333333333,1070.27027027,2.692582
17.1588785,0.333333333,1070.27027027,2.692582
17.3271028,0.333333333,1070.27027027,2.692582
17.4953271,0.333333333,1070.27027027,2.5
17.6635514,0.333333333,1070.27027027,3.774917
17.8317757,0.333333333,1037.83783784,2.738613
18,0.333333333,,107.0245
0,0.296296296,,56.83529
0.168224299,0.296296296,291.891891892,15.41104
0.336448598,0.296296296,259.459459459,6.123724
0.504672897,0.296296296,291.891891892,3.674235
0.672897196,0.296296296,324.324324324,3.840573
0.841121495,0.296296296,389.189189189,4.5
1.00934579,0.296296296,486.486486486,6.689544
1.17757009,0.296296296,583.783783784,5.408327
1.34579439,0.296296296,681.081081081,5.91608
1.51401869,0.296296296,745.945945946,4.690416
1.68224299,0.296296296,810.810810811,14.22146
1.85046729,0.296296296,1005.40540541,13.53699
2.01869159,0.296296296,1005.40540541,9.552487
2.18691589,0.296296296,1070.27027027,7.433034
2.35514019,0.296296296,1135.13513514,6.324555
2.52336449,0.296296296,1232.43243243,27.96426
2.69158879,0.296296296,,42.95928
2.85981308,0.296296296,,72.77877
3.02803738,0.296296296,,56.47345
3.19626168,0.296296296,,47.35504
3.36448598,0.296296296,,41.18556
3.53271028,0.296296296,2400,30.20348
3.70093458,0.296296296,2432.43243243,29.03877
3.86915888,0.296296296,2497.2972973,29.9583
4.03738318,0.296296296,2529.72972973,30.72865
4.20560748,0.296296296,2854.05405405,33.59315
4.37383178,0.296296296,2854.05405405,30.71645
4.54205607,0.296296296,2918.91891892,27.42718
4.71028037,0.296296296,2951.35135135,14.04457
4.87850467,0.296296296,2951.35135135,11.71537
5.04672897,0.296296296,2951.35135135,8.732125
5.21495327,0.296296296,2983.78378378,5.787918
5.38317757,0.296296296,2983.78378378,4.527693
5.55140187,0.296296296,3016.21621622,6.422616
5.71962617,0.296296296,3016.21621622,5.123475
5.88785047,0.296296296,3016.21621622,6.5
6.05607477,0.296296296,3048.64864865,5.91608
6.22429907,0.296296296,3048.64864865,3.316625
6.39252336,0.296296296,3048.64864865,4.242641
6.56074766,0.296296296,3081.08108108,4.5
6.72897196,0.296296296,3081.08108108,5.678908
6.89719626,0.296296296,3113.51351351,4.582576
7.06542056,0.296296296,3113.51351351,6.708204
7.23364486,0.296296296,3145.94594595,5.024938
7.40186916,0.296296296,3145.94594595,4.153312
7.57009346,0.296296296,3145.94594595,6.800735
7.73831776,0.296296296,3178.37837838,5.85235
7.90654206,0.296296296,3210.81081081,5.361903
8.07476636,0.296296296,3210.81081081,4.974937
8.24299065,0.296296296,3210.81081081,5.894913
8.41121495,0.296296296,3210.81081081,5.545268
8.57943925,0.296296296,3210.81081081,5.894913
8.74766355,0.296296296,3210.81081081,6.22495
8.91588785,0.296296296,3210.81081081,6.689544
9.08411215,0.296296296,3210.81081081,5.722762
9.25233645,0.296296296,3210.81081081,5.545268
9.42056075,0.296296296,3210.81081081,6.062178
9.58878505,0.296296296,3178.37837838,6.946222
9.75700935,0.296296296,3178.37837838,6.873864
9.92523364,0.296296296,3113.51351351,4.898979
10.0934579,0.296296296,3113.51351351,4.472136
10.2616822,0.296296296,3048.64864865,4.582576
10.4299065,0.296296296,2951.35135135,10.40433
10.5981308,0.296296296,2918.91891892,20.52438
10.7663551,0.296296296,2594.59459459,24.41311
10.9345794,0.296296296,2497.2972973,17.44993
11.1028037,0.296296296,2367.56756757,12.62933
11.271028,0.296296296,2237.83783784,5.049752
11.4392523,0.296296296,2108.10810811,6.22495
11.6074766,0.296296296,2010.81081081,4.690416
11.7757009,0.296296296,1881.08108108,8.154753
11.9439252,0.296296296,1881.08108108,11.64045
12.1121495,0.296296296,1686.48648649,4.301163
12.2803738,0.296296296,1654.05405405,2.738613
12.4485981,0.296296296,1621.62162162,4.527693
12.6168224,0.296296296,1556.75675676,3.840573
12.7850467,0.296296296,1459.45945946,2.291288
12.953271,0.296296296,1394.59459459,5.59017
13.1214953,0.296296296,1362.16216216,10.55936
13.2897196,0.296296296,1362.16216216,1.870829
13.4579439,0.296296296,1264.86486486,2.236068
13.6261682,0.296296296,1232.43243243,4.472136
13.7943925,0.296296296,1200,2.872281
13.9626168,0.296296296,1167.56756757,3.741657
14.1308411,0.296296296,1167.56756757,4.582576
14.2990654,0.296296296,1167.56756757,4.123106
14.4672897,0.296296296,1135.13513514,4.582576
14.635514,0.296296296,1135.13513514,3.741657
14.8037383,0.296296296,1135.13513514,2.44949
14.9719626,0.296296296,1135.13513514,2.236068
15.1401869,0.296296296,1135.13513514,2.236068
15.3084112,0.296296296,1102.7027027,1.870829
15.4766355,0.296296296,1102.7027027,1.581139
15.6448598,0.296296296,1102.7027027,1.870829
15.8130841,0.296296296,1102.7027027,3.391165
15.9813084,0.296296296,1102.7027027,4.301163
16.1495327,0.296296296,1070.27027027,3.640055
16.317757,0.296296296,1102.7027027,3.391165
16.4859813,0.296296296,1102.7027027,2.54951
16.6542056,0.296296296,1102.7027027,2.54951
16.8224299,0.296296296,1102.7027027,2.54951
16.9906542,0.296296296,1102.7027027,2.54951
17.1588785,0.296296296,1102.7027027,2.54951
17.3271028,0.296296296,1102.7027027,2.54951
17.4953271,0.296296296,1102.7027027,2.54951
17.6635514,0.296296296,1070.27027027,3.774917
17.8317757,0.296296296,1070.27027027,1.5
18,0.296296296,,107.7462
0,0.259259259,,61.49187
0.168224299,0.259259259,,43.69497
0.336448598,0.259259259,551.351351351,13.27592
0.504672897,0.259259259,648.648648649,12.08305
0.672897196,0.259259259,778.378378378,15.42725
0.841121495,0.259259259,810.810810811,21.93741
1.00934579,0.259259259,1070.27027027,23.43608
1.17757009,0.259259259,1232.43243243,33.97058
1.34579439,0.259259259,,39.38908
1.51401869,0.259259259,,50.30159
1.68224299,0.259259259,,80.91971
1.85046729,0.259259259,,72.9469
2.01869159,0.259259259,,70.86078
2.18691589,0.259259259,,60.4173
2.35514019,0.259259259,,50.77647
2.52336449,0.259259259,,43.68638
2.69158879,0.259259259,2432.43243243,33.84154
2.85981308,0.259259259,2464.86486486,18.20027
3.02803738,0.259259259,2497.2972973,13.01922
3.19626168,0.259259259,2529.72972973,16.77051
3.36448598,0.259259259,2562.16216216,25.671
3.53271028,0.259259259,2562.16216216,32.93934
3.70093458,0.259259259,2562.16216216,31.96873
3.86915888,0.259259259,2562.16216216,33.36165
4.03738318,0.259259259,2594.59459459,33.48134
4.20560748,0.259259259,2756.75675676,34.07712
4.37383178,0.259259259,2756.75675676,31.02015
4.54205607,0.259259259,2627.02702703,31.20897
4.71028037,0.259259259,2562.16216216,24.10394
4.87850467,0.259259259,2529.72972973,23.32917
5.04672897,0.259259259,2529.72972973,21.61597
5.21495327,0.259259259,2529.72972973,22.8309
5.38317757,0.259259259,2529.72972973,20.67003
5.55140187,0.259259259,2497.2972973,20.0125
5.71962617,0.259259259,2529.72972973,22.119
5.88785047,0.259259259,2562.16216216,22.04541
6.05607477,0.259259259,2562.16216216,24.26932
6.22429907,0.259259259,2594.59459459,24.73863
6.39252336,0.259259259,2627.02702703,26.09598
6.56074766,0.259259259,2627.02702703,26.72078
6.72897196,0.259259259,2627.02702703,24.04163
6.89719626,0.259259259,2756.75675676,25.30316
7.06542056,0.259259259,2756.75675676,21.70829
7.23364486,0.259259259,2789.18918919,21.45344
7.40186916,0.259259259,2886.48648649,16.07016
7.57009346,0.259259259,2886.48648649,10.1612
7.73831776,0.259259259,2951.35135135,4.609772
7.90654206,0.259259259,2983.78378378,7.382412
8.07476636,0.259259259,3016.21621622,9.17878
8.24299065,0.259259259,3048.64864865,8.544004
8.41121495,0.259259259,3048.64864865,6.480741
8.57943925,0.259259259,3113.51351351,9.486833
8.74766355,0.259259259,3113.51351351,12.4499
8.91588785,0.259259259,3178.37837838,6.344289
9.08411215,0.259259259,3178.37837838,4.387482
9.25233645,0.259259259,3178.37837838,6.873864
9.42056075,0.259259259,3178.37837838,6.873864
9.58878505,0.259259259,3210.81081081,7.794229
9.75700935,0.259259259,3210.81081081,7.53326
9.92523364,0.259259259,3243.24324324,9.137833
10.0934579,0.259259259,3243.24324324,5.43139
10.2616822,0.259259259,3210.81081081,2.179449
10.4299065,0.259259259,3210.81081081,6.689544
10.5981308,0.259259259,3145.94594595,7.566373
10.7663551,0.259259259,3081.08108108,9.340771
10.9345794,0.259259259,3016.21621622,6.726812
11.1028037,0.259259259,2951.35135135,3.201562
11.271028,0.259259259,2789.18918919,15.00833
11.4392523,0.259259259,2659.45945946,18.79495
11.6074766,0.259259259,2497.2972973,10.31988
11.7757009,0.259259259,2335.13513514,6.726812
11.9439252,0.259259259,2270.27027027,11.01136
12.1121495,0.259259259,2108.10810811,4.555217
12.2803738,0.259259259,2043.24324324,8.514693
12.4485981,0.259259259,1978.37837838,7.228416
12.6168224,0.259259259,1881.08108108,14.78175
12.7850467,0.259259259,1686.48648649,5.147815
12.953271,0.259259259,1621.62162162,2.738613
13.1214953,0.259259259,1491.89189189,2.915476
13.2897196,0.259259259,1427.02702703,2.738613
13.4579439,0.259259259,1362.16216216,1.581139
13.6261682,0.259259259,1264.86486486,2.44949
13.7943925,0.259259259,1232.43243243,2.236068
13.9626168,0.259259259,1200,4.031129
14.1308411,0.259259259,1200,3.201562
14.2990654,0.259259259,1167.56756757,3.464102
14.4672897,0.259259259,1167.56756757,3.464102
14.635514,0.259259259,1167.56756757,2.828427
14.8037383,0.259259259,1167.56756757,3
14.9719626,0.259259259,1167.56756757,3.741657
15.1401869,0.259259259,1167.56756757,3.741657
15.3084112,0.259259259,1135.13513514,1.732051
15.4766355,0.259259259,1135.13513514,3.316625
15.6448598,0.259259259,1102.7027027,3.391165
15.8130841,0.259259259,1102.7027027,2.54951
15.9813084,0.259259259,1102.7027027,1.224745
16.1495327,0.259259259,1102.7027027,0.7071068
16.317757,0.259259259,1102.7027027,2.54951
16.4859813,0.259259259,1102.7027027,3.391165
16.6542056,0.259259259,1102.7027027,3.391165
16.8224299,0.259259259,1102.7027027,3.391165
16.9906542,0.259259259,1102.7027027,3.391165
17.1588785,0.259259259,1102.7027027,3.391165
17.3271028,0.259259259,1102.7027027,3.391165
17.4953271,0.259259259,1135.13513514,3.316625
17.6635514,0.259259259,1102.7027027,2.12132
17.8317757,0.259259259,1070.27027027,4.153312
18,0.259259259,,106.6267
0,0.222222222,,81.35877
0.168224299,0.222222222,,62.26155
0.336448598,0.222222222,,86.57511
0.504672897,0.222222222,,76.28401
0.672897196,0.222222222,,53.22593
0.841121495,0.222222222,,53.93515
1.00934579,0.222222222,,70.19437
1.17757009,0.222222222,,93.13565
1.34579439,0.222222222,,75.16814
1.51401869,0.222222222,,68.26602
1.68224299,0.222222222,,65.07111
1.85046729,0.222222222,,62.45198
2.01869159,0.222222222,,55.43916
2.18691589,0.222222222,,49.74435
2.35514019,0.222222222,,45.85303
2.52336449,0.222222222,1362.16216216,30.9435
2.69158879,0.222222222,1362.16216216,28.99138
2.85981308,0.222222222,1362.16216216,24.2384
3.02803738,0.222222222,1362.16216216,21.87464
3.19626168,0.222222222,1362.16216216,21.48255
3.36448598,0.222222222,1394.59459459,19.78004
3.53271028,0.222222222,1394.59459459,16.07016
3.70093458,0.222222222,1427.02702703,17.13184
3.86915888,0.222222222,1491.89189189,18.23458
4.03738318,0.222222222,1524.32432432,20.06863
4.20560748,0.222222222,1589.18918919,20.71232
4.37383178,0.222222222,1589.18918919,20.97618
4.54205607,0.222222222,1621.62162162,20.70024
4.71028037,0.222222222,1621.62162162,18.66815
4.87850467,0.222222222,1621.62162162,19.40361
5.04672897,0.222222222,1654.05405405,19.01315
5.21495327,0.222222222,1686.48648649,15.54027
5.38317757,0.222222222,1686.48648649,13.94633
5.55140187,0.222222222,1686.48648649,13.50926
5.71962617,0.222222222,1881.08108108,10.31988
5.88785047,0.222222222,1913.51351351,9.823441
6.05607477,0.222222222,1945.94594595,4.821825
6.22429907,0.222222222,1978.37837838,5.315073
6.39252336,0.222222222,2043.24324324,6.041523
6.56074766,0.222222222,2043.24324324,4.636809
6.72897196,0.222222222,2108.10810811,5.17204
6.89719626,0.222222222,2140.54054054,5.408327
7.06542056,0.222222222,2205.40540541,3.774917
7.23364486,0.222222222,2237.83783784,3.24037
7.40186916,0.222222222,2335.13513514,4.609772
7.57009346,0.222222222,2367.56756757,3.674235
7.73831776,0.222222222,2497.2972973,2.54951
7.90654206,0.222222222,2497.2972973,6.204837
8.07476636,0.222222222,2562.16216216,8.660254
8.24299065,0.222222222,2627.02702703,11.91638
8.41121495,0.222222222,2627.02702703,12.08305
8.57943925,0.222222222,2789.18918919,14.84082
8.74766355,0.222222222,2821.62162162,12.5499
8.91588785,0.222222222,2854.05405405,11.37981
9.08411215,0.222222222,2918.91891892,11.80042
9.25233645,0.222222222,2951.35135135,13.97319
9.42056075,0.222222222,2983.78378378,15.28071
9.58878505,0.222222222,3016.21621622,13.38843
9.75700935,0.222222222,3048.64864865,13.37909
9.92523364,0.222222222,3113.51351351,8.246211
10.0934579,0.222222222,3113.51351351,6.78233
10.2616822,0.222222222,3145.94594595,7.228416
10.4299065,0.222222222,3145.94594595,7.29726
10.5981308,0.222222222,3145.94594595,6.344289
10.7663551,0.222222222,3145.94594595,7.36546
10.9345794,0.222222222,3145.94594595,4.272002
11.1028037,0.222222222,3145.94594595,4.031129
11.271028,0.222222222,3081.08108108,3.905125
11.4392523,0.222222222,3016.21621622,3.5
11.6074766,0.222222222,2951.35135135,5.024938
11.7757009,0.222222222,2789.18918919,9.759611
11.9439252,0.222222222,2756.75675676,11.84272
12.1121495,0.222222222,2562.16216216,2.44949
12.2803738,0.222222222,2497.2972973,2.915476
12.4485981,0.222222222,2367.56756757,4.949747
12.6168224,0.222222222,2237.83783784,5.700877
12.7850467,0.222222222,2075.67567568,4.123106
12.953271,0.222222222,1881.08108108,3.937004
13.1214953,0.222222222,1654.05405405,3.937004
13.2897196,0.222222222,1621.62162162,4.636809
13.4579439,0.222222222,1459.45945946,2.291288
13.6261682,0.222222222,1362.16216216,6.745369
13.7943925,0.222222222,1297.2972973,2.291288
13.9626168,0.222222222,1264.86486486,4.472136
14.1308411,0.222222222,1232.43243243,4.358899
14.2990654,0.222222222,1232.43243243,3.741657
14.4672897,0.222222222,1232.43243243,5.09902
14.635514,0.222222222,1200,3.774917
14.8037383,0.222222222,1200,3.774917
14.9719626,0.222222222,1200,5.315073
15.1401869,0.222222222,1167.56756757,3.464102
15.3084112,0.222222222,1167.56756757,3
15.4766355,0.222222222,1167.56756757,3
15.6448598,0.222222222,1167.56756757,3
15.8130841,0.222222222,1167.56756757,3.464102
15.9813084,0.222222222,1167.56756757,3.464102
16.1495327,0.222222222,1167.56756757,3.464102
16.317757,0.222222222,1135.13513514,3.741657
16.4859813,0.222222222,1135.13513514,3
16.6542056,0.222222222,1135.13513514,3
16.8224299,0.222222222,1135.13513514,3
16.9906542,0.222222222,1135.13513514,3
17.1588785,0.222222222,1135.13513514,3
17.3271028,0.222222222,1135.13513514,3
17.4953271,0.222222222,1135.13513514,2.44949
17.6635514,0.222222222,1135.13513514,3.741657
17.8317757,0.222222222,1167.56756757,4.123106
18,0.222222222,,110.8659
0,0.185185185,,77.00812
0.168224299,0.185185185,,57.55649
0.336448598,0.185185185,,126.6422
0.504672897,0.185185185,,113.2265
0.672897196,0.185185185,,105.5995
0.841121495,0.185185185,,102.7728
1.00934579,0.185185185,,100.3606
1.17757009,0.185185185,,87.55855
1.34579439,0.185185185,,68.11755
1.51401869,0.185185185,,62.42596
1.68224299,0.185185185,,56.07138
1.85046729,0.185185185,,53.28461
2.01869159,0.185185185,,42.94182
2.18691589,0.185185185,,39.76808
2.35514019,0.185185185,,37.52999
2.52336449,0.185185185,1102.7027027,32.34965
2.69158879,0.185185185,1102.7027027,30.52048
2.85981308,0.185185185,1102.7027027,25.75849
3.02803738,0.185185185,1102.7027027,22.79254
3.19626168,0.185185185,1135.13513514,19.72308
3.36448598,0.185185185,1135.13513514,18.70829
3.53271028,0.185185185,1167.56756757,12.32883
3.70093458,0.185185185,1200,11.80042
3.86915888,0.185185185,1232.43243243,12.64911
4.03738318,0.185185185,1264.86486486,17.29162
4.20560748,0.185185185,1329.72972973,14.37011
4.37383178,0.185185185,1362.16216216,13.20984
4.54205607,0.185185185,1362.16216216,13.69306
4.71028037,0.185185185,1394.59459459,7.5
4.87850467,0.185185185,1427.02702703,7.314369
5.04672897,0.185185185,1459.45945946,8.20061
5.21495327,0.185185185,1524.32432432,8.170067
5.38317757,0.185185185,1524.32432432,7.92149
5.55140187,0.185185185,1556.75675676,9.096703
5.71962617,0.185185185,1621.62162162,9.192388
5.88785047,0.185185185,1621.62162162,12.90349
6.05607477,0.185185185,1686.48648649,18.01388
6.22429907,0.185185185,1718.91891892,23.5
6.39252336,0.185185185,1913.51351351,12.74755
6.56074766,0.185185185,1945.94594595,10.59481
6.72897196,0.185185185,1945.94594595,12.21679
6.89719626,0.185185185,1978.37837838,13.31353
7.06542056,0.185185185,2043.24324324,11.89538
7.23364486,0.185185185,2108.10810811,9.836158
7.40186916,0.185185185,2205.40540541,9.233093
7.57009346,0.185185185,2270.27027027,9.233093
7.73831776,0.185185185,2367.56756757,9.974969
7.90654206,0.185185185,2400,7.697402
8.07476636,0.185185185,2432.43243243,9.656604
8.24299065,0.185185185,2562.16216216,10.24695
8.41121495,0.185185185,2627.02702703,8.246211
8.57943925,0.185185185,2724.32432432,3.937004
8.74766355,0.185185185,2724.32432432,3.535534
8.91588785,0.185185185,2789.18918919,4.153312
9.08411215,0.185185185,2821.62162162,5.87367
9.25233645,0.185185185,2854.05405405,5.338539
9.42056075,0.185185185,2886.48648649,1.5
9.58878505,0.185185185,2951.35135135,6.103278
9.75700935,0.185185185,2983.78378378,6.123724
9.92523364,0.185185185,3016.21621622,13.57387
10.0934579,0.185185185,3048.64864865,13
10.2616822,0.185185185,3048.64864865,11.35782
10.4299065,0.185185185,3113.51351351,8.602325
10.5981308,0.185185185,3113.51351351,9.110434
10.7663551,0.185185185,3145.94594595,7.433034
10.9345794,0.185185185,3145.94594595,6.576473
11.1028037,0.185185185,3145.94594595,5.766281
11.271028,0.185185185,3145.94594595,5.024938
11.4392523,0.185185185,3081.08108108,4.716991
11.6074766,0.185185185,3048.64864865,1.732051
11.7757009,0.185185185,2951.35135135,2.291288
11.9439252,0.185185185,2886.48648649,4.031129
12.1121495,0.185185185,2756.75675676,5.678908
12.2803738,0.185185185,2627.02702703,7.141428
12.4485981,0.185185185,2562.16216216,7.28011
12.6168224,0.185185185,2400,3.201562
12.7850467,0.185185185,2270.27027027,6.103278
12.953271,0.185185185,2010.81081081,3
13.1214953,0.185185185,1913.51351351,21.20142
13.2897196,0.185185185,1686.48648649,13.32291
13.4579439,0.185185185,1524.32432432,2.598076
13.6261682,0.185185185,1394.59459459,8.732125
13.7943925,0.185185185,1329.72972973,13.20984
13.9626168,0.185185185,1264.86486486,9.110434
14.1308411,0.185185185,1232.43243243,4.123106
14.2990654,0.185185185,1232.43243243,4.898979
14.4672897,0.185185185,1232.43243243,5.385165
14.635514,0.185185185,1200,5.678908
14.8037383,0.185185185,1200,5.937171
14.9719626,0.185185185,1167.56756757,7.071068
15.1401869,0.185185185,1167.56756757,6.164414
15.3084112,0.185185185,1167.56756757,5.09902
15.4766355,0.185185185,1167.56756757,5.09902
15.6448598,0.185185185,1167.56756757,5.09902
15.8130841,0.185185185,1167.56756757,4.242641
15.9813084,0.185185185,1167.56756757,4.242641
16.1495327,0.185185185,1167.56756757,4.242641
16.317757,0.185185185,1167.56756757,5.09902
16.4859813,0.185185185,1167.56756757,5.91608
16.6542056,0.185185185,1167.56756757,5.91608
16.8224299,0.185185185,1167.56756757,5.91608
16.9906542,0.185185185,1167.56756757,5.91608
17.1588785,0.185185185,1167.56756757,5.91608
17.3271028,0.185185185,1167.56756757,5.91608
17.4953271,0.185185185,1135.13513514,11.22497
17.6635514,0.185185185,1167.56756757,4.898979
17.8317757,0.185185185,1167.56756757,9.273618
18,0.185185185,,107.5047
0,0.148148148,,66.48496
0.168224299,0.148148148,97.2972972973,7.549834
0.336448598,0.148148148,162.162162162,16.71825
0.504672897,0.148148148,162.162162162,18.66815
0.672897196,0.148148148,194.594594595,13.1244
0.841121495,0.148148148,259.459459459,3.674235
1.00934579,0.148148148,259.459459459,4.743416
1.17757009,0.148148148,259.459459459,4.1833
1.34579439,0.148148148,259.459459459,3.391165
1.51401869,0.148148148,259.459459459,3.391165
1.68224299,0.148148148,291.891891892,5.43139
1.85046729,0.148148148,291.891891892,3.082207
2.01869159,0.148148148,324.324324324,5.722762
2.18691589,0.148148148,356.756756757,6.726812
2.35514019,0.148148148,356.756756757,3.041381
2.52336449,0.148148148,389.189189189,7.228416
2.69158879,0.148148148,454.054054054,8.514693
2.85981308,0.148148148,454.054054054,6.041523
3.02803738,0.148148148,454.054054054,6.123724
3.19626168,0.148148148,486.486486486,5.361903
3.36448598,0.148148148,518.918918919,4.330127
3.53271028,0.148148148,583.783783784,4.5
3.70093458,0.148148148,583.783783784,2.872281
3.86915888,0.148148148,648.648648649,5.385165
4.03738318,0.148148148,648.648648649,4.690416
4.20560748,0.148148148,713.513513514,2.291288
4.37383178,0.148148148,745.945945946,3
4.54205607,0.148148148,778.378378378,2.828427
4.71028037,0.148148148,843.243243243,4.272002
4.87850467,0.148148148,843.243243243,3.905125
5.04672897,0.148148148,908.108108108,3.674235
5.21495327,0.148148148,972.972972973,1.414214
5.38317757,0.148148148,972.972972973,4.242641
5.55140187,0.148148148,1005.40540541,2.872281
5.71962617,0.148148148,1102.7027027,1.870829
5.88785047,0.148148148,1167.56756757,3.741657
6.05607477,0.148148148,1264.86486486,2.44949
6.22429907,0.148148148,1362.16216216,2.738613
6.39252336,0.148148148,1459.45945946,1.5
6.56074766,0.148148148,1524.32432432,1.658312
6.72897196,0.148148148,1621.62162162,4.949747
6.89719626,0.148148148,1654.05405405,5.244044
7.06542056,0.148148148,1686.48648649,3.937004
7.23364486,0.148148148,1718.91891892,4.387482
7.40186916,0.148148148,1848.64864865,7.566373
7.57009346,0.148148148,1881.08108108,6.204837
7.73831776,0.148148148,2010.81081081,7.211103
7.90654206,0.148148148,2075.67567568,7.141428
8.07476636,0.148148148,2108.10810811,6.22495
8.24299065,0.148148148,2237.83783784,4.949747
8.41121495,0.148148148,2302.7027027,4.716991
8.57943925,0.148148148,2400,6.576473
8.74766355,0.148148148,2400,4.387482
8.91588785,0.148148148,2497.2972973,1.581139
9.08411215,0.148148148,2529.72972973,5.123475
9.25233645,0.148148148,2594.59459459,4.242641
9.42056075,0.148148148,2659.45945946,7.228416
9.58878505,0.148148148,2724.32432432,7.17635
9.75700935,0.148148148,2789.18918919,8.616844
9.92523364,0.148148148,2821.62162162,2.738613
10.0934579,0.148148148,2854.05405405,7.17635
10.2616822,0.148148148,2918.91891892,8.958236
10.4299065,0.148148148,2951.35135135,3.640055
10.5981308,0.148148148,2983.78378378,4.301163
10.7663551,0.148148148,3016.21621622,5.766281
10.9345794,0.148148148,3048.64864865,4.123106
11.1028037,0.148148148,3048.64864865,8.602325
11.271028,0.148148148,3081.08108108,4.387482
11.4392523,0.148148148,3113.51351351,4.242641
11.6074766,0.148148148,3113.51351351,4.358899
11.7757009,0.148148148,3081.08108108,4.272002
11.9439252,0.148148148,3048.64864865,7.211103
12.1121495,0.148148148,2983.78378378,4.527693
12.2803738,0.148148148,2918.91891892,5.315073
12.4485981,0.148148148,2821.62162162,2.345208
12.6168224,0.148148148,2627.02702703,7.615773
12.7850467,0.148148148,2497.2972973,4.743416
12.953271,0.148148148,2270.27027027,3.5
13.1214953,0.148148148,1978.37837838,5.5
13.2897196,0.148148148,1881.08108108,2.54951
13.4579439,0.148148148,1621.62162162,7.17635
13.6261682,0.148148148,1491.89189189,2.54951
13.7943925,0.148148148,1362.16216216,7.582875
13.9626168,0.148148148,1264.86486486,3
14.1308411,0.148148148,1232.43243243,4.358899
14.2990654,0.148148148,1264.86486486,3.741657
14.4672897,0.148148148,1232.43243243,3.741657
14.635514,0.148148148,1232.43243243,2.44949
14.8037383,0.148148148,1232.43243243,5.477226
14.9719626,0.148148148,1200,3.774917
15.1401869,0.148148148,1200,2.061553
15.3084112,0.148148148,1167.56756757,2.236068
15.4766355,0.148148148,1167.56756757,2.236068
15.6448598,0.148148148,1167.56756757,2.236068
15.8130841,0.148148148,1167.56756757,2.236068
15.9813084,0.148148148,1167.56756757,2.236068
16.1495327,0.148148148,1167.56756757,2.236068
16.317757,0.148148148,1167.56756757,3
16.4859813,0.148148148,1167.56756757,3.741657
16.6542056,0.148148148,1167.56756757,3.741657
16.8224299,0.148148148,1167.56756757,3.741657
16.9906542,0.148148148,1167.56756757,3.741657
17.1588785,0.148148148,1167.56756757,3.741657
17.3271028,0.148148148,1167.56756757,3.741657
17.4953271,0.148148148,1135.13513514,2.44949
17.6635514,0.148148148,1135.13513514,3
17.8317757,0.148148148,1135.13513514,4
18,0.148148148,,112.3888
0,0.111111111,,78.1041
0.168224299,0.111111111,64.8648648649,30.5655
0.336448598,0.111111111,32.4324324324,23.79075
0.504672897,0.111111111,32.4324324324,24.35159
0.672897196,0.111111111,64.8648648649,27.57263
0.841121495,0.111111111,64.8648648649,23.87991
1.00934579,0.111111111,64.8648648649,23.13547
1.17757009,0.111111111,64.8648648649,27.46361
1.34579439,0.111111111,64.8648648649,29.5508
1.51401869,0.111111111,64.8648648649,29.70269
1.68224299,0.111111111,64.8648648649,33.27537
1.85046729,0.111111111,,35.96179
2.01869159,0.111111111,,41.59627
2.18691589,0.111111111,,45.13591
2.35514019,0.111111111,,46.92814
2.52336449,0.111111111,,45.91568
2.69158879,0.111111111,,46.42467
2.85981308,0.111111111,,45.07216
3.02803738,0.111111111,,47.37615
3.19626168,0.111111111,,47.7572
3.36448598,0.111111111,,43.64344
3.53271028,0.111111111,,42.76389
3.70093458,0.111111111,,42.38809
3.86915888,0.111111111,,36.84427
4.03738318,0.111111111,421.621621622,34.60491
4.20560748,0.111111111,421.621621622,34.82097
4.37383178,0.111111111,,36.12132
4.54205607,0.111111111,486.486486486,34.09912
4.71028037,0.111111111,583.783783784,26.34862
4.87850467,0.111111111,648.648648649,25.19921
5.04672897,0.111111111,648.648648649,27.20294
5.21495327,0.111111111,681.081081081,31.79623
5.38317757,0.111111111,,35.51056
5.55140187,0.111111111,,37.58989
5.71962617,0.111111111,,37.69615
5.88785047,0.111111111,,37.48666
6.05607477,0.111111111,,39.2874
6.22429907,0.111111111,,36.33524
6.39252336,0.111111111,,36.27671
6.56074766,0.111111111,1329.72972973,34.92134
6.72897196,0.111111111,1491.89189189,27.19375
6.89719626,0.111111111,1524.32432432,26.54713
7.06542056,0.111111111,1589.18918919,27.01851
7.23364486,0.111111111,1654.05405405,29.62263
7.40186916,0.111111111,1881.08108108,30.95965
7.57009346,0.111111111,1913.51351351,25.32785
7.73831776,0.111111111,2010.81081081,21.2132
7.90654206,0.111111111,2043.24324324,22.28228
8.07476636,0.111111111,2075.67567568,19.72308
8.24299065,0.111111111,2140.54054054,19.00658
8.41121495,0.111111111,2205.40540541,18.63465
8.57943925,0.111111111,2302.7027027,17.03673
8.74766355,0.111111111,2335.13513514,15.37043
8.91588785,0.111111111,2400,17.35655
9.08411215,0.111111111,2464.86486486,17.5
9.25233645,0.111111111,2529.72972973,18.76832
9.42056075,0.111111111,2594.59459459,21.84033
9.58878505,0.111111111,2724.32432432,17.90251
9.75700935,0.111111111,2724.32432432,15.24795
9.92523364,0.111111111,2756.75675676,16.10124
10.0934579,0.111111111,2756.75675676,14.43087
10.2616822,0.111111111,2854.05405405,10.6066
10.4299065,0.111111111,2886.48648649,7.158911
10.5981308,0.111111111,2886.48648649,11.5
10.7663551,0.111111111,2951.35135135,15.07481
10.9345794,0.111111111,2983.78378378,15.24795
11.1028037,0.111111111,3016.21621622,15.6285
11.271028,0.111111111,3048.64864865,11.91638
11.4392523,0.111111111,3113.51351351,9.219544
11.6074766,0.111111111,3113.51351351,3.741657
11.7757009,0.111111111,3113.51351351,7.81025
11.9439252,0.111111111,3113.51351351,9.055385
12.1121495,0.111111111,3113.51351351,13.74773
12.2803738,0.111111111,3048.64864865,14.03567
12.4485981,0.111111111,2951.35135135,10.92016
12.6168224,0.111111111,2854.05405405,18.23458
12.7850467,0.111111111,2756.75675676,21.82315
12.953271,0.111111111,2497.2972973,20.13703
13.1214953,0.111111111,2140.54054054,22.63294
13.2897196,0.111111111,2043.24324324,27.68574
13.4579439,0.111111111,1654.05405405,33.35416
13.6261682,0.111111111,1524.32432432,27.76238
13.7943925,0.111111111,1394.59459459,33.27537
13.9626168,0.111111111,1329.72972973,33.88953
14.1308411,0.111111111,1264.86486486,32.64966
14.2990654,0.111111111,1232.43243243,28.42534
14.4672897,0.111111111,1232.43243243,28.07134
14.635514,0.111111111,1232.43243243,27.80288
14.8037383,0.111111111,1232.43243243,28.37252
14.9719626,0.111111111,1232.43243243,29.12044
15.1401869,0.111111111,1232.43243243,29.27456
15.3084112,0.111111111,1200,28.39454
15.4766355,0.111111111,1200,28.39454
15.6448598,0.111111111,1200,28.39454
15.8130841,0.111111111,1200,26.94903
15.9813084,0.111111111,1200,26.94903
16.1495327,0.111111111,1200,26.94903
16.317757,0.111111111,1200,27.04163
16.4859813,0.111111111,1200,27.51818
16.6542056,0.111111111,1200,27.51818
16.8224299,0.111111111,1200,27.51818
16.9906542,0.111111111,1200,27.51818
17.1588785,0.111111111,1200,27.51818
17.3271028,0.111111111,1200,27.51818
17.4953271,0.111111111,1167.56756757,30.95158
17.6635514,0.111111111,1167.56756757,21.97726
17.8317757,0.111111111,1167.56756757,34.0147
18,0.111111111,,100.8427
0,0.0740740741,,125.013
0.168224299,0.0740740741,,120.2882
0.336448598,0.0740740741,,124.6445
0.504672897,0.0740740741,,125.9137
0.672897196,0.0740740741,,121.43
0.841121495,0.0740740741,,124.8409
1.00934579,0.0740740741,,124.8409
1.17757009,0.0740740741,,125.6951
1.34579439,0.0740740741,,122.4388
1.51401869,0.0740740741,,121.5576
1.68224299,0.0740740741,,121.2033
1.85046729,0.0740740741,,120.5166
2.01869159,0.0740740741,,122.2876
2.18691589,0.0740740741,,121.5576
2.35514019,0.0740740741,,121.2033
2.52336449,0.0740740741,,123.0457
2.69158879,0.0740740741,,123.4352
2.85981308,0.0740740741,,122.6632
3.02803738,0.0740740741,,122.6632
3.19626168,0.0740740741,,122.2876
3.36448598,0.0740740741,,121.5576
3.53271028,0.0740740741,,120.1842
3.70093458,0.0740740741,,120.5166
3.86915888,0.0740740741,,120.5166
4.03738318,0.0740740741,,119.5418
4.20560748,0.0740740741,,118.0688
4.37383178,0.0740740741,,117.2785
4.54205607,0.0740740741,,117.534
4.71028037,0.0740740741,,118.6349
4.87850467,0.0740740741,,117.7975
5.04672897,0.0740740741,,116.7915
5.21495327,0.0740740741,,115.7162
5.38317757,0.0740740741,,115.1054
5.55140187,0.0740740741,,114.9315
5.71962617,0.0740740741,,114.4607
5.88785047,0.0740740741,,114.3208
6.05607477,0.0740740741,,114.1895
6.22429907,0.0740740741,,114.6091
6.39252336,0.0740740741,,114.3208
6.56074766,0.0740740741,,114.4607
6.72897196,0.0740740741,,116.7915
6.89719626,0.0740740741,,116.3368
7.06542056,0.0740740741,,115.2269
7.23364486,0.0740740741,,114.2464
7.40186916,0.0740740741,,113.231
7.57009346,0.0740740741,,113.6805
7.73831776,0.0740740741,,114.2421
7.90654206,0.0740740741,,114.8575
8.07476636,0.0740740741,,115.8631
8.24299065,0.0740740741,,117.7211
8.41121495,0.0740740741,,117.5723
8.57943925,0.0740740741,,119.4623
8.74766355,0.0740740741,,120.2549
8.91588785,0.0740740741,,122.0338
9.08411215,0.0740740741,,123.8073
9.25233645,0.0740740741,,125.862
9.42056075,0.0740740741,,127.3313
9.58878505,0.0740740741,,128.7876
9.75700935,0.0740740741,,129.5309
9.92523364,0.0740740741,,130.1393
10.0934579,0.0740740741,,130.051
10.2616822,0.0740740741,,129.7738
10.4299065,0.0740740741,,130.6876
10.5981308,0.0740740741,,130.6532
10.7663551,0.0740740741,,130.6685
10.9345794,0.0740740741,,129.0591
11.1028037,0.0740740741,,130.1163
11.271028,0.0740740741,,135.1527
11.4392523,0.0740740741,,136.3131
11.6074766,0.0740740741,,136.906
11.7757009,0.0740740741,,136.9023
11.9439252,0.0740740741,,133.5112
12.1121495,0.0740740741,,135.2858
12.2803738,0.0740740741,,133.6011
12.4485981,0.0740740741,,133.1813
12.6168224,0.0740740741,,131.8456
12.7850467,0.0740740741,,128.9855
12.953271,0.0740740741,,120.0843
13.1214953,0.0740740741,,123.2244
13.2897196,0.0740740741,,117.929
13.4579439,0.0740740741,,112.077
13.6261682,0.0740740741,,113.4912
13.7943925,0.0740740741,,115.448
13.9626168,0.0740740741,,116.3239
14.1308411,0.0740740741,,116.3239
14.2990654,0.0740740741,,115.6774
14.4672897,0.0740740741,,115.6774
14.635514,0.0740740741,,115.6774
14.8037383,0.0740740741,,115.6774
14.9719626,0.0740740741,,115.6774
15.1401869,0.0740740741,,115.6774
15.3084112,0.0740740741,,115.1054
15.4766355,0.0740740741,,115.1054
15.6448598,0.0740740741,,115.1054
15.8130841,0.0740740741,,115.1054
15.9813084,0.0740740741,,115.1054
16.1495327,0.0740740741,,115.1054
16.317757,0.0740740741,,114.7661
16.4859813,0.0740740741,,114.7661
16.6542056,0.0740740741,,114.7661
16.8224299,0.0740740741,,114.7661
16.9906542,0.0740740741,,114.7661
17.1588785,0.0740740741,,114.7661
17.3271028,0.0740740741,,114.7661
17.4953271,0.0740740741,,118.0688
17.6635514,0.0740740741,,114.3077
17.8317757,0.0740740741,,113.2751
18,0.0740740741,,130.5536
0,0.037037037,,86.36695
0.168224299,0.037037037,,54.73573
0.336448598,0.037037037,,65.38348
0.504672897,0.037037037,,65.46755
0.672897196,0.037037037,,65.65059
0.841121495,0.037037037,,65.89385
1.00934579,0.037037037,,65.99242
1.17757009,0.037037037,,66.2948
1.34579439,0.037037037,,56.15158
1.51401869,0.037037037,,53.90733
1.68224299,0.037037037,,55.76065
1.85046729,0.037037037,,55.76065
2.01869159,0.037037037,,55.68887
2.18691589,0.037037037,,55.68887
2.35514019,0.037037037,,55.68887
2.52336449,0.037037037,,65.74192
2.69158879,0.037037037,,66.6277
2.85981308,0.037037037,,67.08204
3.02803738,0.037037037,,63.37981
3.19626168,0.037037037,,63.37981
3.36448598,0.037037037,,62.29767
3.53271028,0.037037037,,57.56735
3.70093458,0.037037037,,57.56735
3.86915888,0.037037037,,57.56735
4.03738318,0.037037037,,57.56735
4.20560748,0.037037037,,56.04909
4.37383178,0.037037037,,55.24491
4.54205607,0.037037037,,56.31163
4.71028037,0.037037037,,61.6786
4.87850467,0.037037037,,59.69087
5.04672897,0.037037037,,57.7408
5.21495327,0.037037037,,55.07268
5.38317757,0.037037037,,54.05553
5.55140187,0.037037037,,53.55371
5.71962617,0.037037037,,55.30823
5.88785047,0.037037037,,54.44263
6.05607477,0.037037037,,53.22593
6.22429907,0.037037037,,53.6097
6.39252336,0.037037037,,52.63079
6.56074766,0.037037037,,51.81699
6.72897196,0.037037037,,60.9672
6.89719626,0.037037037,,60.9672
7.06542056,0.037037037,,59.1608
7.23364486,0.037037037,,58.45511
7.40186916,0.037037037,,56.921
7.57009346,0.037037037,,55
7.73831776,0.037037037,,57.44563
7.90654206,0.037037037,,57.44563
8.07476636,0.037037037,,57.90509
8.24299065,0.037037037,,58.28379
8.41121495,0.037037037,,60.3407
8.57943925,0.037037037,,60.84406
8.74766355,0.037037037,,60.84406
8.91588785,0.037037037,,62.13695
9.08411215,0.037037037,,62.75349
9.25233645,0.037037037,,63.03174
9.42056075,0.037037037,,63.60818
9.58878505,0.037037037,,63.43698
9.75700935,0.037037037,,63.44486
9.92523364,0.037037037,,71.48426
10.0934579,0.037037037,,71.56116
10.2616822,0.037037037,,70.03571
10.4299065,0.037037037,,66.77574
10.5981308,0.037037037,,66.55825
10.7663551,0.037037037,,65.18435
10.9345794,0.037037037,,65.18435
11.1028037,0.037037037,,65.18435
11.271028,0.037037037,,67.39436
11.4392523,0.037037037,,68.57113
11.6074766,0.037037037,,69.03622
11.7757009,0.037037037,,67.23838
11.9439252,0.037037037,,66.37017
12.1121495,0.037037037,,64.82284
12.2803738,0.037037037,,65.25335
12.4485981,0.037037037,,69.63476
12.6168224,0.037037037,,75.98684
12.7850467,0.037037037,,71.67984
12.953271,0.037037037,,61.10646
13.1214953,0.037037037,,70.56203
13.2897196,0.037037037,,65.6125
13.4579439,0.037037037,,55.92853
13.6261682,0.037037037,,57.56735
13.7943925,0.037037037,,61.84658
13.9626168,0.037037037,,61.4573
14.1308411,0.037037037,,59.94164
14.2990654,0.037037037,,58.66856
14.4672897,0.037037037,,58.66856
14.635514,0.037037037,,58.18935
14.8037383,0.037037037,,57.77543
14.9719626,0.037037037,,58.72819
15.1401869,0.037037037,,59.27057
15.3084112,0.037037037,,59.24525
15.4766355,0.037037037,,60.1415
15.6448598,0.037037037,,62.04031
15.8130841,0.037037037,,59.06776
15.9813084,0.037037037,,59.06776
16.1495327,0.037037037,,59.06776
16.317757,0.037037037,,57.91373
16.4859813,0.037037037,,58.04309
16.6542056,0.037037037,,58.04309
16.8224299,0.037037037,,58.04309
16.9906542,0.037037037,,58.94065
17.1588785,0.037037037,,59.87487
17.3271028,0.037037037,,60.59084
17.4953271,0.037037037,,69.53416
17.6635514,0.037037037,,58.15067
17.8317757,0.037037037,,59.64269
18,0.037037037,,101.9718
0,0,,98.26749
0.168224299,0,810.810810811,5.315073
0.336448598,0,843.243243243,3.354102
0.504672897,0,843.243243243,2.061553
0.672897196,0,843.243243243,3.640055
0.841121495,0,843.243243243,4.609772
1.00934579,0,843.243243243,4.609772
1.17757009,0,843.243243243,1.802776
1.34579439,0,810.810810811,5.024938
1.51401869,0,810.810810811,5.024938
1.68224299,0,843.243243243,6.020797
1.85046729,0,843.243243243,6.020797
2.01869159,0,843.243243243,6.020797
2.18691589,0,843.243243243,5.85235
2.35514019,0,843.243243243,5.85235
2.52336449,0,875.675675676,3.162278
2.69158879,0,875.675675676,1
2.85981308,0,875.675675676,0
3.02803738,0,875.675675676,2
3.19626168,0,875.675675676,1
3.36448598,0,875.675675676,1
3.53271028,0,875.675675676,0
3.70093458,0,875.675675676,0
3.86915888,0,875.675675676,1
4.03738318,0,875.675675676,1
4.20560748,0,875.675675676,2
4.37383178,0,843.243243243,2.692582
4.54205607,0,843.243243243,2.5
4.71028037,0,875.675675676,3.162278
4.87850467,0,843.243243243,1.802776
5.04672897,0,843.243243243,1.802776
5.21495327,0,843.243243243,5.220153
5.38317757,0,810.810810811,5.024938
5.55140187,0,810.810810811,4.031129
5.71962617,0,778.378378378,5.09902
5.88785047,0,778.378378378,4.582576
6.05607477,0,778.378378378,4.123106
6.22429907,0,778.378378378,4.123106
6.39252336,0,778.378378378,4.582576
6.56074766,0,778.378378378,5.09902
6.72897196,0,745.945945946,3.605551
6.89719626,0,745.945945946,4.472136
7.06542056,0,778.378378378,5.09902
7.23364486,0,778.378378378,5
7.40186916,0,778.378378378,4.123106
7.57009346,0,778.378378378,4.123106
7.73831776,0,778.378378378,3.162278
7.90654206,0,778.378378378,3
8.07476636,0,778.378378378,3
8.24299065,0,778.378378378,4.242641
8.41121495,0,778.378378378,4.123106
8.57943925,0,778.378378378,4.242641
8.74766355,0,778.378378378,4.242641
8.91588785,0,778.378378378,5.09902
9.08411215,0,778.378378378,5.744563
9.25233645,0,778.378378378,5.744563
9.42056075,0,778.378378378,5.744563
9.58878505,0,810.810810811,5.678908
9.75700935,0,810.810810811,5.678908
9.92523364,0,810.810810811,3.640055
10.0934579,0,810.810810811,3.640055
10.2616822,0,810.810810811,3.5
10.4299065,0,810.810810811,3.640055
10.5981308,0,810.810810811,3.5
10.7663551,0,810.810810811,3.5
10.9345794,0,810.810810811,3.640055
11.1028037,0,810.810810811,3.774917
11.271028,0,810.810810811,3.774917
11.4392523,0,810.810810811,3.774917
11.6074766,0,810.810810811,3.774917
11.7757009,0,810.810810811,3.640055
11.9439252,0,810.810810811,3.640055
12.1121495,0,810.810810811,4.609772
12.2803738,0,810.810810811,5.315073
12.4485981,0,778.378378378,5
12.6168224,0,778.378378378,4.582576
12.7850467,0,778.378378378,4.123106
12.953271,0,778.378378378,5.656854
13.1214953,0,778.378378378,4.123106
13.2897196,0,778.378378378,4.123106
13.4579439,0,778.378378378,4.123106
13.6261682,0,778.378378378,4.582576
13.7943925,0,778.378378378,4.582576
13.9626168,0,778.378378378,4
14.1308411,0,778.378378378,4
14.2990654,0,810.810810811,4.153312
14.4672897,0,810.810810811,4.153312
14.635514,0,810.810810811,4.153312
14.8037383,0,810.810810811,4.716991
14.9719626,0,810.810810811,4.153312
15.1401869,0,810.810810811,4.153312
15.3084112,0,810.810810811,2.061553
15.4766355,0,810.810810811,2.061553
15.6448598,0,810.810810811,4.031129
15.8130841,0,843.243243243,5.315073
15.9813084,0,843.243243243,5.315073
16.1495327,0,843.243243243,5.315073
16.317757,0,843.243243243,2.061553
16.4859813,0,843.243243243,1.118034
16.6542056,0,843.243243243,1.118034
16.8224299,0,843.243243243,1.118034
16.9906542,0,843.243243243,1.5
17.1588785,0,843.243243243,2.061553
17.3271028,0,843.243243243,2.692582
17.4953271,0,843.243243243,1.802776
17.6635514,0,843.243243243,3.5
17.8317757,0,843.243243243,6.726812
18,0,,114.5611
