x,y,value,rgb_distance
0,1,,92.61884
0.168224299,1,810.810810811,4.609772
0.336448598,1,810.810810811,4.272002
0.504672897,1,810.810810811,3.774917
0.672897196,1,810.810810811,4.153312
0.841121495,1,810.810810811,4.609772
1.00934579,1,810.810810811,4.609772
1.17757009,1,843.243243243,5.315073
1.34579439,1,810.810810811,5.315073
1.51401869,1,810.810810811,6.5
1.68224299,1,810.810810811,6.5
1.85046729,1,810.810810811,5.408327
2.01869159,1,810.810810811,6.422616
2.18691589,1,810.810810811,6.422616
2.35514019,1,843.243243243,6.344289
2.52336449,1,843.243243243,4.716991
2.69158879,1,843.243243243,3.201562
2.85981308,1,843.243243243,4.387482
3.02803738,1,843.243243243,3.5
3.19626168,1,843.243243243,3.201562
3.36448598,1,843.243243243,3.640055
3.53271028,1,843.243243243,6.726812
3.70093458,1,843.243243243,6.344289
3.86915888,1,843.243243243,8.381527
4.03738318,1,843.243243243,9.708244
4.20560748,1,843.243243243,12.05197
4.37383178,1,810.810810811,12.05197
4.54205607,1,810.810810811,10.5
4.71028037,1,810.810810811,7.36546
4.87850467,1,810.810810811,7.017834
5.04672897,1,810.810810811,8.077747
5.21495327,1,778.378378378,8.3666
5.38317757,1,778.378378378,7.81025
5.55140187,1,778.378378378,8.717798
5.71962617,1,745.945945946,4.123106
5.88785047,1,745.945945946,2.236068
6.05607477,1,745.945945946,5.656854
6.22429907,1,745.945945946,6.480741
6.39252336,1,713.513513514,4.716991
6.56074766,1,713.513513514,4.387482
6.72897196,1,713.513513514,1.118034
6.89719626,1,713.513513514,2.692582
7.06542056,1,713.513513514,3.354102
7.23364486,1,713.513513514,5.408327
7.40186916,1,681.081081081,5
7.57009346,1,681.081081081,5.744563
7.73831776,1,681.081081081,5.385165
7.90654206,1,681.081081081,5.09902
8.07476636,1,681.081081081,5.744563
8.24299065,1,713.513513514,4.716991
8.41121495,1,713.513513514,1.802776
8.57943925,1,713.513513514,1.5
8.74766355,1,713.513513514,3.201562
8.91588785,1,713.513513514,8.077747
9.08411215,1,713.513513514,6.422616
9.25233645,1,713.513513514,5.59017
9.42056075,1,713.513513514,5.024938
9.58878505,1,745.945945946,5.09902
9.75700935,1,745.945945946,3
9.92523364,1,745.945945946,5.09902
10.0934579,1,745.945945946,5
10.2616822,1,745.945945946,3.741657
10.4299065,1,745.945945946,3.605551
10.5981308,1,745.945945946,4
10.7663551,1,745.945945946,4.123106
10.9345794,1,745.945945946,4.123106
11.1028037,1,745.945945946,5
11.271028,1,745.945945946,4.242641
11.4392523,1,745.945945946,3.741657
11.6074766,1,745.945945946,3.162278
11.7757009,1,745.945945946,4.123106
11.9439252,1,745.945945946,4.123106
12.1121495,1,745.945945946,3.741657
12.2803738,1,745.945945946,4.123106
12.4485981,1,745.945945946,4.123106
12.6168224,1,745.945945946,5.744563
12.7850467,1,745.945945946,5.385165
12.953271,1,745.945945946,5.385165
13.1214953,1,745.945945946,10.24695
13.2897196,1,745.945945946,7.81025
13.4579439,1,745.945945946,4.242641
13.6261682,1,745.945945946,6
13.7943925,1,745.945945946,4.898979
13.9626168,1,745.945945946,4.358899
14.1308411,1,745.945945946,5.830952
14.2990654,1,778.378378378,2.828427
14.4672897,1,778.378378378,3.605551
14.635514,1,778.378378378,3.741657
14.8037383,1,810.810810811,4.387482
14.9719626,1,778.378378378,8.246211
15.1401869,1,745.945945946,28.47806
15.3084112,1,,44.03408
15.4766355,1,713.513513514,21.77728
15.6448598,1,778.378378378,21.86321
15.8130841,1,810.810810811,6.103278
15.9813084,1,810.810810811,13.04799
16.1495327,1,843.243243243,12.61943
16.317757,1,843.243243243,1.802776
16.4859813,1,843.243243243,17.52855
16.6542056,1,810.810810811,2.291288
16.8224299,1,843.243243243,5.220153
16.9906542,1,843.243243243,9.340771
17.1588785,1,745.945945946,21.47091
17.3271028,1,,57.28001
17.4953271,1,843.243243243,8.440972
17.6635514,1,843.243243243,2.291288
17.8317757,1,843.243243243,6.422616
18,1,,109.8874
0,0.962962963,,93.53743
0.168224299,0.962962963,810.810810811,4.272002
0.336448598,0.962962963,843.243243243,5.315073
0.504672897,0.962962963,810.810810811,4.716991
0.672897196,0.962962963,810.810810811,4.031129
0.841121495,0.962962963,810.810810811,4.609772
1.00934579,0.962962963,810.810810811,4.609772
1.17757009,0.962962963,810.810810811,4.609772
1.34579439,0.962962963,810.810810811,5.315073
1.51401869,0.962962963,843.243243243,5.315073
1.68224299,0.962962963,810.810810811,5.315073
1.85046729,0.962962963,810.810810811,5.315073
2.01869159,0.962962963,843.243243243,4.272002
2.18691589,0.962962963,843.243243243,4.387482
2.35514019,0.962962963,843.243243243,4.716991
2.52336449,0.962962963,843.243243243,2.872281
2.69158879,0.962962963,843.243243243,2.692582
2.85981308,0.962962963,843.243243243,3.201562
3.02803738,0.962962963,843.243243243,3.201562
3.19626168,0.962962963,843.243243243,3.201562
3.36448598,0.962962963,843.243243243,3.201562
3.53271028,0.962962963,875.675675676,2.828427
3.70093458,0.962962963,843.243243243,4.821825
3.86915888,0.962962963,843.243243243,1.802776
4.03738318,0.962962963,843.243243243,1.802776
4.20560748,0.962962963,843.243243243,4.272002
4.37383178,0.962962963,810.810810811,4.5
4.54205607,0.962962963,810.810810811,3.905125
4.71028037,0.962962963,810.810810811,5.315073
4.87850467,0.962962963,810.810810811,3.5
5.04672897,0.962962963,810.810810811,4.609772
5.21495327,0.962962963,778.378378378,4.242641
5.38317757,0.962962963,778.378378378,4.582576
5.55140187,0.962962963,745.945945946,5.09902
5.71962617,0.962962963,745.945945946,5.385165
5.88785047,0.962962963,745.945945946,5.744563
6.05607477,0.962962963,713.513513514,4.716991
6.22429907,0.962962963,713.513513514,4.387482
6.39252336,0.962962963,713.513513514,4.153312
6.56074766,0.962962963,713.513513514,4.387482
6.72897196,0.962962963,713.513513514,3.774917
6.89719626,0.962962963,681.081081081,4.123106
7.06542056,0.962962963,681.081081081,3
7.23364486,0.962962963,681.081081081,4.242641
7.40186916,0.962962963,681.081081081,6.164414
7.57009346,0.962962963,648.648648649,6.708204
7.73831776,0.962962963,681.081081081,6.164414
7.90654206,0.962962963,681.081081081,6.164414
8.07476636,0.962962963,681.081081081,5.91608
8.24299065,0.962962963,681.081081081,5.385165
8.41121495,0.962962963,681.081081081,4.123106
8.57943925,0.962962963,681.081081081,4.582576
8.74766355,0.962962963,681.081081081,5.656854
8.91588785,0.962962963,681.081081081,6.403124
9.08411215,0.962962963,713.513513514,4.716991
9.25233645,0.962962963,713.513513514,4.387482
9.42056075,0.962962963,713.513513514,2.5
9.58878505,0.962962963,713.513513514,2.291288
9.75700935,0.962962963,713.513513514,3.354102
9.92523364,0.962962963,713.513513514,4.5
10.0934579,0.962962963,713.513513514,4.716991
10.2616822,0.962962963,713.513513514,6.103278
10.4299065,0.962962963,745.945945946,6.708204
10.5981308,0.962962963,745.945945946,5.09902
10.7663551,0.962962963,745.945945946,3.162278
10.9345794,0.962962963,745.945945946,4.898979
11.1028037,0.962962963,745.945945946,6.403124
11.271028,0.962962963,745.945945946,6.403124
11.4392523,0.962962963,745.945945946,5.385165
11.6074766,0.962962963,745.945945946,4.582576
11.7757009,0.962962963,745.945945946,2
11.9439252,0.962962963,745.945945946,2.236068
12.1121495,0.962962963,745.945945946,5.830952
12.2803738,0.962962963,745.945945946,5.385165
12.4485981,0.962962963,745.945945946,4.582576
12.6168224,0.962962963,745.945945946,4.123106
12.7850467,0.962962963,745.945945946,3.605551
12.953271,0.962962963,745.945945946,3
13.1214953,0.962962963,745.945945946,4.582576
13.2897196,0.962962963,745.945945946,4.898979
13.4579439,0.962962963,745.945945946,6
13.6261682,0.962962963,778.378378378,5.09902
13.7943925,0.962962963,778.378378378,3.741657
13.9626168,0.962962963,778.378378378,3.316625
14.1308411,0.962962963,778.378378378,3.316625
14.2990654,0.962962963,778.378378378,4.123106
14.4672897,0.962962963,810.810810811,5.5
14.635514,0.962962963,778.378378378,6.403124
14.8037383,0.962962963,810.810810811,4.272002
14.9719626,0.962962963,810.810810811,16.07016
15.1401869,0.962962963,,91.81775
15.3084112,0.962962963,,38.15757
15.4766355,0.962962963,,46.19524
15.6448598,0.962962963,,82.62869
15.8130841,0.962962963,,40.12481
15.9813084,0.962962963,,75.13488
16.1495327,0.962962963,,89.85822
16.317757,0.962962963,,45.67549
16.4859813,0.962962963,,82.16143
16.6542056,0.962962963,745.945945946,30.88689
16.8224299,0.962962963,843.243243243,4.153312
16.9906542,0.962962963,843.243243243,0.5
17.1588785,0.962962963,1005.40540541,26.93047
17.3271028,0.962962963,,103.7617
17.4953271,0.962962963,843.243243243,4.821825
17.6635514,0.962962963,843.243243243,3.201562
17.8317757,0.962962963,843.243243243,9.5
18,0.962962963,,108.5461
0,0.925925926,,94.07577
0.168224299,0.925925926,810.810810811,3.041381
0.336448598,0.925925926,843.243243243,5.315073
0.504672897,0.925925926,810.810810811,3.905125
0.672897196,0.925925926,810.810810811,3.201562
0.841121495,0.925925926,810.810810811,3.354102
1.00934579,0.925925926,810.810810811,3.774917
1.17757009,0.925925926,810.810810811,3.774917
1.34579439,0.925925926,810.810810811,5.408327
1.51401869,0.925925926,810.810810811,5.315073
1.68224299,0.925925926,810.810810811,5.315073
1.85046729,0.925925926,810.810810811,5.315073
2.01869159,0.925925926,843.243243243,3.5
2.18691589,0.925925926,843.243243243,3.5
2.35514019,0.925925926,843.243243243,3.5
2.52336449,0.925925926,843.243243243,5.59017
2.69158879,0.925925926,843.243243243,4.153312
2.85981308,0.925925926,843.243243243,4.031129
3.02803738,0.925925926,875.675675676,4.123106
3.19626168,0.925925926,875.675675676,4.123106
3.36448598,0.925925926,875.675675676,4.123106
3.53271028,0.925925926,875.675675676,2.236068
3.70093458,0.925925926,843.243243243,2.061553
3.86915888,0.925925926,843.243243243,1.118034
4.03738318,0.925925926,843.243243243,3.201562
4.20560748,0.925925926,810.810810811,6.652067
4.37383178,0.925925926,810.810810811,3.5
4.54205607,0.925925926,810.810810811,3.201562
4.71028037,0.925925926,810.810810811,3.5
4.87850467,0.925925926,810.810810811,5.315073
5.04672897,0.925925926,778.378378378,4.472136
5.21495327,0.925925926,778.378378378,5.385165
5.38317757,0.925925926,745.945945946,5.09902
5.55140187,0.925925926,745.945945946,4
5.71962617,0.925925926,713.513513514,8.01561
5.88785047,0.925925926,713.513513514,5.85235
6.05607477,0.925925926,713.513513514,5.123475
6.22429907,0.925925926,713.513513514,5.5
6.39252336,0.925925926,681.081081081,4.582576
6.56074766,0.925925926,681.081081081,5.09902
6.72897196,0.925925926,681.081081081,4.123106
6.89719626,0.925925926,681.081081081,4.358899
7.06542056,0.925925926,648.648648649,5.385165
7.23364486,0.925925926,648.648648649,5
7.40186916,0.925925926,648.648648649,5
7.57009346,0.925925926,648.648648649,5.744563
7.73831776,0.925925926,648.648648649,5.744563
7.90654206,0.925925926,648.648648649,5.09902
8.07476636,0.925925926,648.648648649,5
8.24299065,0.925925926,648.648648649,4.582576
8.41121495,0.925925926,648.648648649,4.472136
8.57943925,0.925925926,648.648648649,6.480741
8.74766355,0.925925926,681.081081081,5.744563
8.91588785,0.925925926,681.081081081,4.898979
9.08411215,0.925925926,681.081081081,3.605551
9.25233645,0.925925926,681.081081081,3.464102
9.42056075,0.925925926,681.081081081,3.741657
9.58878505,0.925925926,713.513513514,4.716991
9.75700935,0.925925926,713.513513514,2.872281
9.92523364,0.925925926,713.513513514,3.354102
10.0934579,0.925925926,713.513513514,2.291288
10.2616822,0.925925926,713.513513514,3.041381
10.4299065,0.925925926,713.513513514,4.609772
10.5981308,0.925925926,713.513513514,4.716991
10.7663551,0.925925926,745.945945946,5.477226
10.9345794,0.925925926,745.945945946,5.09902
11.1028037,0.925925926,713.513513514,6.344289
11.271028,0.925925926,745.945945946,6.480741
11.4392523,0.925925926,745.945945946,5.656854
11.6074766,0.925925926,745.945945946,5.09902
11.7757009,0.925925926,745.945945946,4.123106
11.9439252,0.925925926,745.945945946,4.123106
12.1121495,0.925925926,745.945945946,5.385165
12.2803738,0.925925926,745.945945946,4.582576
12.4485981,0.925925926,745.945945946,3.162278
12.6168224,0.925925926,745.945945946,2.44949
12.7850467,0.925925926,745.945945946,1.732051
12.953271,0.925925926,745.945945946,3
13.1214953,0.925925926,745.945945946,3.741657
13.2897196,0.925925926,745.945945946,4.898979
13.4579439,0.925925926,745.945945946,5.385165
13.6261682,0.925925926,778.378378378,4.358899
13.7943925,0.925925926,778.378378378,3
13.9626168,0.925925926,778.378378378,2.44949
14.1308411,0.925925926,778.378378378,3
14.2990654,0.925925926,778.378378378,3.316625
14.4672897,0.925925926,810.810810811,5.5
14.635514,0.925925926,778.378378378,6.164414
14.8037383,0.925925926,810.810810811,2.692582
14.9719626,0.925925926,810.810810811,13.1244
15.1401869,0.925925926,,92.5986
15.3084112,0.925925926,1005.40540541,18.47295
15.4766355,0.925925926,,47.87484
15.6448598,0.925925926,,88.94661
15.8130841,0.925925926,,64.10928
15.9813084,0.925925926,,88.86788
16.1495327,0.925925926,,93.99734
16.317757,0.925925926,,85.6344
16.4859813,0.925925926,,98.53172
16.6542056,0.925925926,,63.07139
16.8224299,0.925925926,843.243243243,8.789198
16.9906542,0.925925926,843.243243243,1.5
17.1588785,0.925925926,940.540540541,22.58871
17.3271028,0.925925926,,89.37561
17.4953271,0.925925926,843.243243243,5.123475
17.6635514,0.925925926,875.675675676,3
17.8317757,0.925925926,843.243243243,7.826238
18,0.925925926,,108.6566
0,0.888888889,,100.231
0.168224299,0.888888889,810.810810811,4.716991
0.336448598,0.888888889,810.810810811,5.408327
0.504672897,0.888888889,810.810810811,3.905125
0.672897196,0.888888889,810.810810811,2.061553
0.841121495,0.888888889,810.810810811,3.640055
1.00934579,0.888888889,810.810810811,4.716991
1.17757009,0.888888889,810.810810811,4.716991
1.34579439,0.888888889,810.810810811,3.905125
1.51401869,0.888888889,810.810810811,3.774917
1.68224299,0.888888889,810.810810811,4.609772
1.85046729,0.888888889,810.810810811,4.609772
2.01869159,0.888888889,810.810810811,5.315073
2.18691589,0.888888889,843.243243243,5.315073
2.35514019,0.888888889,843.243243243,5.315073
2.52336449,0.888888889,843.243243243,4.031129
2.69158879,0.888888889,843.243243243,2.5
2.85981308,0.888888889,843.243243243,1.5
3.02803738,0.888888889,843.243243243,2.061553
3.19626168,0.888888889,843.243243243,2.061553
3.36448598,0.888888889,843.243243243,2.061553
3.53271028,0.888888889,843.243243243,1.118034
3.70093458,0.888888889,843.243243243,3.041381
3.86915888,0.888888889,810.810810811,6.103278
4.03738318,0.888888889,810.810810811,3.5
4.20560748,0.888888889,810.810810811,5.220153
4.37383178,0.888888889,778.378378378,2.828427
4.54205607,0.888888889,778.378378378,1.414214
4.71028037,0.888888889,778.378378378,4.582576
4.87850467,0.888888889,745.945945946,5.385165
5.04672897,0.888888889,745.945945946,4
5.21495327,0.888888889,745.945945946,5.744563
5.38317757,0.888888889,713.513513514,5.315073
5.55140187,0.888888889,713.513513514,4.031129
5.71962617,0.888888889,713.513513514,4.153312
5.88785047,0.888888889,681.081081081,3.605551
6.05607477,0.888888889,681.081081081,3.605551
6.22429907,0.888888889,648.648648649,5.09902
6.39252336,0.888888889,648.648648649,4.123106
6.56074766,0.888888889,648.648648649,4.242641
6.72897196,0.888888889,648.648648649,4.242641
6.89719626,0.888888889,616.216216216,4.272002
7.06542056,0.888888889,616.216216216,2.5
7.23364486,0.888888889,616.216216216,2.692582
7.40186916,0.888888889,616.216216216,1.118034
7.57009346,0.888888889,616.216216216,2.291288
7.73831776,0.888888889,616.216216216,5.5
7.90654206,0.888888889,616.216216216,3.905125
8.07476636,0.888888889,616.216216216,3.905125
8.24299065,0.888888889,616.216216216,2.291288
8.41121495,0.888888889,616.216216216,1.5
8.57943925,0.888888889,616.216216216,4.5
8.74766355,0.888888889,616.216216216,4.5
8.91588785,0.888888889,648.648648649,3
9.08411215,0.888888889,648.648648649,3.162278
9.25233645,0.888888889,648.648648649,3
9.42056075,0.888888889,648.648648649,4.582576
9.58878505,0.888888889,681.081081081,3.741657
9.75700935,0.888888889,681.081081081,3.605551
9.92523364,0.888888889,681.081081081,2.236068
10.0934579,0.888888889,681.081081081,2.828427
10.2616822,0.888888889,681.081081081,3.741657
10.4299065,0.888888889,713.513513514,3.354102
10.5981308,0.888888889,713.513513514,2.5
10.7663551,0.888888889,713.513513514,2.872281
10.9345794,0.888888889,713.513513514,2.692582
11.1028037,0.888888889,713.513513514,5.123475
11.271028,0.888888889,713.513513514,4.716991
11.4392523,0.888888889,713.513513514,4.716991
11.6074766,0.888888889,713.513513514,4.716991
11.7757009,0.888888889,713.513513514,5.678908
11.9439252,0.888888889,713.513513514,5.678908
12.1121495,0.888888889,745.945945946,6.480741
12.2803738,0.888888889,745.945945946,5.09902
12.4485981,0.888888889,745.945945946,4.898979
12.6168224,0.888888889,745.945945946,3
12.7850467,0.888888889,745.945945946,2
12.953271,0.888888889,745.945945946,2.44949
13.1214953,0.888888889,745.945945946,3.741657
13.2897196,0.888888889,745.945945946,3.464102
13.4579439,0.888888889,745.945945946,5.385165
13.6261682,0.888888889,778.378378378,4.472136
13.7943925,0.888888889,778.378378378,2.44949
13.9626168,0.888888889,778.378378378,3
14.1308411,0.888888889,778.378378378,4.242641
14.2990654,0.888888889,778.378378378,4.242641
14.4672897,0.888888889,810.810810811,1.5
14.635514,0.888888889,810.810810811,6.184658
14.8037383,0.888888889,810.810810811,4.609772
14.9719626,0.888888889,810.810810811,7.228416
15.1401869,0.888888889,,76.00822
15.3084112,0.888888889,,84.3875
15.4766355,0.888888889,,75.2994
15.6448598,0.888888889,,88.04828
15.8130841,0.888888889,,90.25242
15.9813084,0.888888889,,101.7767
16.1495327,0.888888889,,103.6364
16.317757,0.888888889,,70.07139
16.4859813,0.888888889,,77.91181
16.6542056,0.888888889,,45.67549
16.8224299,0.888888889,810.810810811,11.2361
16.9906542,0.888888889,875.675675676,7
17.1588785,0.888888889,745.945945946,34.72751
17.3271028,0.888888889,,108.5288
17.4953271,0.888888889,843.243243243,6.344289
17.6635514,0.888888889,843.243243243,3.201562
17.8317757,0.888888889,908.108108108,4.743416
18,0.888888889,,108.2139
0,0.851851852,,94.82747
0.168224299,0.851851852,843.243243243,2.692582
0.336448598,0.851851852,810.810810811,5.5
0.504672897,0.851851852,810.810810811,3.774917
0.672897196,0.851851852,810.810810811,2.061553
0.841121495,0.851851852,810.810810811,3.041381
1.00934579,0.851851852,810.810810811,4.272002
1.17757009,0.851851852,810.810810811,5.59017
1.34579439,0.851851852,810.810810811,4.5
1.51401869,0.851851852,810.810810811,4.716991
1.68224299,0.851851852,810.810810811,3.640055
1.85046729,0.851851852,810.810810811,3.640055
2.01869159,0.851851852,810.810810811,3.774917
2.18691589,0.851851852,810.810810811,4.609772
2.35514019,0.851851852,810.810810811,4.609772
2.52336449,0.851851852,810.810810811,6.184658
2.69158879,0.851851852,810.810810811,7.228416
2.85981308,0.851851852,810.810810811,8.381527
3.02803738,0.851851852,810.810810811,7.228416
3.19626168,0.851851852,810.810810811,7.228416
3.36448598,0.851851852,810.810810811,7.228416
3.53271028,0.851851852,810.810810811,3.774917
3.70093458,0.851851852,810.810810811,2.692582
3.86915888,0.851851852,810.810810811,5.123475
4.03738318,0.851851852,778.378378378,2.236068
4.20560748,0.851851852,778.378378378,3.605551
4.37383178,0.851851852,745.945945946,3.162278
4.54205607,0.851851852,745.945945946,1.414214
4.71028037,0.851851852,745.945945946,6
4.87850467,0.851851852,713.513513514,5.315073
5.04672897,0.851851852,713.513513514,4.031129
5.21495327,0.851851852,713.513513514,4.716991
5.38317757,0.851851852,713.513513514,5.408327
5.55140187,0.851851852,681.081081081,4.898979
5.71962617,0.851851852,681.081081081,4.690416
5.88785047,0.851851852,648.648648649,4.242641
6.05607477,0.851851852,648.648648649,4.358899
6.22429907,0.851851852,648.648648649,5.385165
6.39252336,0.851851852,616.216216216,4.387482
6.56074766,0.851851852,616.216216216,3.5
6.72897196,0.851851852,616.216216216,2.061553
6.89719626,0.851851852,616.216216216,4.716991
7.06542056,0.851851852,583.783783784,6.020797
7.23364486,0.851851852,583.783783784,6.020797
7.40186916,0.851851852,583.783783784,5.59017
7.57009346,0.851851852,583.783783784,5.315073
7.73831776,0.851851852,583.783783784,4.387482
7.90654206,0.851851852,583.783783784,4.387482
8.07476636,0.851851852,583.783783784,4.5
8.24299065,0.851851852,583.783783784,4.153312
8.41121495,0.851851852,583.783783784,5.59017
8.57943925,0.851851852,616.216216216,3.5
8.74766355,0.851851852,616.216216216,1.5
8.91588785,0.851851852,616.216216216,3.905125
9.08411215,0.851851852,616.216216216,4.387482
9.25233645,0.851851852,616.216216216,4.924429
9.42056075,0.851851852,648.648648649,5.830952
9.58878505,0.851851852,648.648648649,5
9.75700935,0.851851852,648.648648649,5.09902
9.92523364,0.851851852,648.648648649,4.472136
10.0934579,0.851851852,648.648648649,4.690416
10.2616822,0.851851852,648.648648649,5.385165
10.4299065,0.851851852,681.081081081,5.196152
10.5981308,0.851851852,681.081081081,5.196152
10.7663551,0.851851852,681.081081081,3.741657
10.9345794,0.851851852,681.081081081,4.242641
11.1028037,0.851851852,681.081081081,5.09902
11.271028,0.851851852,681.081081081,5.385165
11.4392523,0.851851852,681.081081081,5.91608
11.6074766,0.851851852,713.513513514,4.716991
11.7757009,0.851851852,713.513513514,4.387482
11.9439252,0.851851852,713.513513514,4.387482
12.1121495,0.851851852,713.513513514,4.716991
12.2803738,0.851851852,713.513513514,5.408327
12.4485981,0.851851852,713.513513514,4.716991
12.6168224,0.851851852,745.945945946,4.582576
12.7850467,0.851851852,745.945945946,4.582576
12.953271,0.851851852,745.945945946,3
13.1214953,0.851851852,745.945945946,4.582576
13.2897196,0.851851852,745.945945946,4.898979
13.4579439,0.851851852,778.378378378,5.744563
13.6261682,0.851851852,778.378378378,4.582576
13.7943925,0.851851852,778.378378378,4.242641
13.9626168,0.851851852,778.378378378,5.744563
14.1308411,0.851851852,778.378378378,5.744563
14.2990654,0.851851852,810.810810811,4.272002
14.4672897,0.851851852,810.810810811,1.118034
14.635514,0.851851852,810.810810811,1.802776
14.8037383,0.851851852,843.243243243,5.408327
14.9719626,0.851851852,810.810810811,4.609772
15.1401869,0.851851852,843.243243243,27.24427
15.3084112,0.851851852,,40.35468
15.4766355,0.851851852,810.810810811,19.24188
15.6448598,0.851851852,810.810810811,13.2382
15.8130841,0.851851852,843.243243243,10.8282
15.9813084,0.851851852,810.810810811,20.4267
16.1495327,0.851851852,843.243243243,16.00781
16.317757,0.851851852,810.810810811,11.96871
16.4859813,0.851851852,843.243243243,34.86044
16.6542056,0.851851852,843.243243243,6.873864
16.8224299,0.851851852,875.675675676,2.236068
16.9906542,0.851851852,843.243243243,1.118034
17.1588785,0.851851852,908.108108108,4.301163
17.3271028,0.851851852,972.972972973,26.70206
17.4953271,0.851851852,875.675675676,7.874008
17.6635514,0.851851852,843.243243243,5.5
17.8317757,0.851851852,940.540540541,9.340771
18,0.851851852,,108.2139
0,0.814814815,,92.99059
0.168224299,0.814814815,843.243243243,2.5
0.336448598,0.814814815,810.810810811,7.29726
0.504672897,0.814814815,810.810810811,2.061553
0.672897196,0.814814815,843.243243243,5.315073
0.841121495,0.814814815,810.810810811,3.354102
1.00934579,0.814814815,810.810810811,4.272002
1.17757009,0.814814815,843.243243243,5.123475
1.34579439,0.814814815,810.810810811,3.354102
1.51401869,0.814814815,810.810810811,1.802776
1.68224299,0.814814815,810.810810811,1.802776
1.85046729,0.814814815,810.810810811,1.118034
2.01869159,0.814814815,810.810810811,4.031129
2.18691589,0.814814815,810.810810811,4.031129
2.35514019,0.814814815,810.810810811,3.640055
2.52336449,0.814814815,778.378378378,4.582576
2.69158879,0.814814815,778.378378378,4.582576
2.85981308,0.814814815,778.378378378,4.582576
3.02803738,0.814814815,778.378378378,5.744563
3.19626168,0.814814815,778.378378378,5.09902
3.36448598,0.814814815,778.378378378,4.242641
3.53271028,0.814814815,778.378378378,5.385165
3.70093458,0.814814815,778.378378378,5.830952
3.86915888,0.814814815,745.945945946,2.44949
4.03738318,0.814814815,745.945945946,5
4.20560748,0.814814815,713.513513514,1.118034
4.37383178,0.814814815,713.513513514,3.5
4.54205607,0.814814815,713.513513514,4.716991
4.71028037,0.814814815,681.081081081,4.472136
4.87850467,0.814814815,681.081081081,4.242641
5.04672897,0.814814815,648.648648649,4.242641
5.21495327,0.814814815,648.648648649,3.605551
5.38317757,0.814814815,648.648648649,3.162278
5.55140187,0.814814815,616.216216216,6.184658
5.71962617,0.814814815,616.216216216,2.692582
5.88785047,0.814814815,583.783783784,5.315073
6.05607477,0.814814815,583.783783784,1.802776
6.22429907,0.814814815,583.783783784,1.802776
6.39252336,0.814814815,583.783783784,3.5
6.56074766,0.814814815,583.783783784,4.272002
6.72897196,0.814814815,583.783783784,6.184658
6.89719626,0.814814815,583.783783784,6.184658
7.06542056,0.814814815,583.783783784,6.103278
7.23364486,0.814814815,583.783783784,5.59017
7.40186916,0.814814815,551.351351351,5.408327
7.57009346,0.814814815,551.351351351,4.272002
7.73831776,0.814814815,551.351351351,3.201562
7.90654206,0.814814815,551.351351351,4.272002
8.07476636,0.814814815,551.351351351,5.024938
8.24299065,0.814814815,583.783783784,4.716991
8.41121495,0.814814815,583.783783784,3.905125
8.57943925,0.814814815,583.783783784,2.692582
8.74766355,0.814814815,583.783783784,4.387482
8.91588785,0.814814815,583.783783784,4.5
9.08411215,0.814814815,583.783783784,6.020797
9.25233645,0.814814815,616.216216216,5.59017
9.42056075,0.814814815,616.216216216,3.201562
9.58878505,0.814814815,616.216216216,4.272002
9.75700935,0.814814815,648.648648649,6
9.92523364,0.814814815,648.648648649,6
10.0934579,0.814814815,648.648648649,5.09902
10.2616822,0.814814815,648.648648649,4.242641
10.4299065,0.814814815,648.648648649,4.472136
10.5981308,0.814814815,648.648648649,5.744563
10.7663551,0.814814815,681.081081081,5.830952
10.9345794,0.814814815,681.081081081,5.477226
11.1028037,0.814814815,681.081081081,5.91608
11.271028,0.814814815,681.081081081,6.557439
11.4392523,0.814814815,713.513513514,6.344289
11.6074766,0.814814815,681.081081081,5.744563
11.7757009,0.814814815,713.513513514,4.387482
11.9439252,0.814814815,713.513513514,4.153312
12.1121495,0.814814815,713.513513514,4.387482
12.2803738,0.814814815,713.513513514,5.315073
12.4485981,0.814814815,745.945945946,6.480741
12.6168224,0.814814815,745.945945946,4.582576
12.7850467,0.814814815,745.945945946,4.123106
12.953271,0.814814815,745.945945946,5.385165
13.1214953,0.814814815,778.378378378,4.242641
13.2897196,0.814814815,778.378378378,4.242641
13.4579439,0.814814815,778.378378378,4.582576
13.6261682,0.814814815,810.810810811,5.315073
13.7943925,0.814814815,810.810810811,4.031129
13.9626168,0.814814815,810.810810811,3.640055
14.1308411,0.814814815,810.810810811,3.640055
14.2990654,0.814814815,810.810810811,5.220153
14.4672897,0.814814815,843.243243243,2.291288
14.635514,0.814814815,843.243243243,2.291288
14.8037383,0.814814815,843.243243243,2.692582
14.9719626,0.814814815,843.243243243,2.291288
15.1401869,0.814814815,843.243243243,10.45227
15.3084112,0.814814815,875.675675676,2.828427
15.4766355,0.814814815,875.675675676,2.828427
15.6448598,0.814814815,875.675675676,2.828427
15.8130841,0.814814815,875.675675676,2.828427
15.9813084,0.814814815,843.243243243,3.354102
16.1495327,0.814814815,875.675675676,2.236068
16.317757,0.814814815,875.675675676,2.828427
16.4859813,0.814814815,875.675675676,2.236068
16.6542056,0.814814815,875.675675676,2.236068
16.8224299,0.814814815,875.675675676,3.605551
16.9906542,0.814814815,875.675675676,3.605551
17.1588785,0.814814815,908.108108108,5.147815
17.3271028,0.814814815,940.540540541,3.5
17.4953271,0.814814815,908.108108108,5.147815
17.6635514,0.814814815,875.675675676,6.324555
17.8317757,0.814814815,908.108108108,2.345208
18,0.814814815,,108.9002
0,0.777777778,,86.93245
0.168224299,0.777777778,810.810810811,8.958236
0.336448598,0.777777778,810.810810811,5.220153
0.504672897,0.777777778,810.810810811,3.774917
0.672897196,0.777777778,810.810810811,5.408327
0.841121495,0.777777778,810.810810811,2.692582
1.00934579,0.777777778,810.810810811,3.640055
1.17757009,0.777777778,810.810810811,4.609772
1.34579439,0.777777778,810.810810811,2.692582
1.51401869,0.777777778,810.810810811,1.118034
1.68224299,0.777777778,778.378378378,4.242641
1.85046729,0.777777778,778.378378378,3
2.01869159,0.777777778,778.378378378,4.242641
2.18691589,0.777777778,778.378378378,4.123106
2.35514019,0.777777778,778.378378378,4.242641
2.52336449,0.777777778,745.945945946,3
2.69158879,0.777777778,745.945945946,3
2.85981308,0.777777778,745.945945946,3
3.02803738,0.777777778,745.945945946,5.385165
3.19626168,0.777777778,745.945945946,4.123106
3.36448598,0.777777778,745.945945946,2.236068
3.53271028,0.777777778,745.945945946,6.403124
3.70093458,0.777777778,713.513513514,5.678908
3.86915888,0.777777778,713.513513514,4.387482
4.03738318,0.777777778,681.081081081,3.162278
4.20560748,0.777777778,681.081081081,2
4.37383178,0.777777778,648.648648649,4.582576
4.54205607,0.777777778,648.648648649,2.236068
4.71028037,0.777777778,648.648648649,3.316625
4.87850467,0.777777778,616.216216216,3.5
5.04672897,0.777777778,616.216216216,2.061553
5.21495327,0.777777778,616.216216216,2.5
5.38317757,0.777777778,616.216216216,3.774917
5.55140187,0.777777778,583.783783784,4.716991
5.71962617,0.777777778,583.783783784,4.924429
5.88785047,0.777777778,551.351351351,5.123475
6.05607477,0.777777778,551.351351351,4.031129
6.22429907,0.777777778,551.351351351,2.692582
6.39252336,0.777777778,551.351351351,3.905125
6.56074766,0.777777778,551.351351351,4.821825
6.72897196,0.777777778,551.351351351,4.924429
6.89719626,0.777777778,551.351351351,4.924429
7.06542056,0.777777778,551.351351351,3.640055
7.23364486,0.777777778,551.351351351,3.640055
7.40186916,0.777777778,551.351351351,3.201562
7.57009346,0.777777778,551.351351351,3.905125
7.73831776,0.777777778,551.351351351,3.041381
7.90654206,0.777777778,551.351351351,3.905125
8.07476636,0.777777778,551.351351351,4.924429
8.24299065,0.777777778,583.783783784,5.59017
8.41121495,0.777777778,583.783783784,5.024938
8.57943925,0.777777778,583.783783784,5.5
8.74766355,0.777777778,583.783783784,4.716991
8.91588785,0.777777778,583.783783784,3.905125
9.08411215,0.777777778,583.783783784,5.85235
9.25233645,0.777777778,616.216216216,5.024938
9.42056075,0.777777778,616.216216216,3.354102
9.58878505,0.777777778,616.216216216,3.640055
9.75700935,0.777777778,616.216216216,5.220153
9.92523364,0.777777778,648.648648649,4.898979
10.0934579,0.777777778,648.648648649,4.242641
10.2616822,0.777777778,648.648648649,4.242641
10.4299065,0.777777778,648.648648649,5.744563
10.5981308,0.777777778,681.081081081,5.830952
10.7663551,0.777777778,681.081081081,5.477226
10.9345794,0.777777778,681.081081081,5.196152
11.1028037,0.777777778,681.081081081,6.164414
11.271028,0.777777778,713.513513514,6.103278
11.4392523,0.777777778,713.513513514,4.387482
11.6074766,0.777777778,713.513513514,4.387482
11.7757009,0.777777778,713.513513514,3.201562
11.9439252,0.777777778,713.513513514,2.692582
12.1121495,0.777777778,745.945945946,6.480741
12.2803738,0.777777778,745.945945946,4.242641
12.4485981,0.777777778,745.945945946,4.582576
12.6168224,0.777777778,745.945945946,5.385165
12.7850467,0.777777778,745.945945946,5.656854
12.953271,0.777777778,778.378378378,5.385165
13.1214953,0.777777778,778.378378378,5.744563
13.2897196,0.777777778,778.378378378,5.744563
13.4579439,0.777777778,810.810810811,4.031129
13.6261682,0.777777778,810.810810811,3.640055
13.7943925,0.777777778,810.810810811,4.031129
13.9626168,0.777777778,843.243243243,5.220153
14.1308411,0.777777778,843.243243243,4.387482
14.2990654,0.777777778,843.243243243,2.291288
14.4672897,0.777777778,843.243243243,2.692582
14.635514,0.777777778,843.243243243,3.201562
14.8037383,0.777777778,875.675675676,2.236068
14.9719626,0.777777778,875.675675676,3
15.1401869,0.777777778,908.108108108,5.049752
15.3084112,0.777777778,875.675675676,2.236068
15.4766355,0.777777778,875.675675676,1.414214
15.6448598,0.777777778,875.675675676,5
15.8130841,0.777777778,875.675675676,1.414214
15.9813084,0.777777778,875.675675676,3.605551
16.1495327,0.777777778,875.675675676,1
16.317757,0.777777778,875.675675676,4.472136
16.4859813,0.777777778,875.675675676,3.605551
16.6542056,0.777777778,875.675675676,4.472136
16.8224299,0.777777778,875.675675676,5.385165
16.9906542,0.777777778,875.675675676,5.385165
17.1588785,0.777777778,875.675675676,4.242641
17.3271028,0.777777778,908.108108108,9.513149
17.4953271,0.777777778,908.108108108,5.612486
17.6635514,0.777777778,875.675675676,6.324555
17.8317757,0.777777778,908.108108108,1.870829
18,0.777777778,,109.6871
0,0.740740741,,132.2696
0.168224299,0.740740741,,54.81788
0.336448598,0.740740741,810.810810811,5.024938
0.504672897,0.740740741,810.810810811,3.640055
0.672897196,0.740740741,810.810810811,4.5
0.841121495,0.740740741,810.810810811,6.652067
1.00934579,0.740740741,778.378378378,5
1.17757009,0.740740741,778.378378378,5.385165
1.34579439,0.740740741,778.378378378,6.403124
1.51401869,0.740740741,745.945945946,4.242641
1.68224299,0.740740741,713.513513514,4.5
1.85046729,0.740740741,713.513513514,5.678908
2.01869159,0.740740741,681.081081081,5.385165
2.18691589,0.740740741,681.081081081,5.09902
2.35514019,0.740740741,681.081081081,5.91608
2.52336449,0.740740741,648.648648649,6
2.69158879,0.740740741,648.648648649,6
2.85981308,0.740740741,648.648648649,6
3.02803738,0.740740741,648.648648649,6
3.19626168,0.740740741,681.081081081,6.403124
3.36448598,0.740740741,681.081081081,6.403124
3.53271028,0.740740741,616.216216216,6.946222
3.70093458,0.740740741,616.216216216,5.5
3.86915888,0.740740741,616.216216216,6.726812
4.03738318,0.740740741,583.783783784,4.031129
4.20560748,0.740740741,583.783783784,5.5
4.37383178,0.740740741,551.351351351,5.220153
4.54205607,0.740740741,551.351351351,4.387482
4.71028037,0.740740741,551.351351351,5.5
4.87850467,0.740740741,551.351351351,4.387482
5.04672897,0.740740741,551.351351351,4.5
5.21495327,0.740740741,518.918918919,3.570714
5.38317757,0.740740741,518.918918919,3.570714
5.55140187,0.740740741,518.918918919,2.95804
5.71962617,0.740740741,518.918918919,5.894913
5.88785047,0.740740741,518.918918919,4.974937
6.05607477,0.740740741,518.918918919,6.98212
6.22429907,0.740740741,518.918918919,7.53326
6.39252336,0.740740741,518.918918919,11.07926
6.56074766,0.740740741,518.918918919,11.16915
6.72897196,0.740740741,551.351351351,5.59017
6.89719626,0.740740741,551.351351351,4.387482
7.06542056,0.740740741,551.351351351,3.905125
7.23364486,0.740740741,551.351351351,3.774917
7.40186916,0.740740741,583.783783784,5.220153
7.57009346,0.740740741,583.783783784,3.5
7.73831776,0.740740741,583.783783784,2.5
7.90654206,0.740740741,583.783783784,3.5
8.07476636,0.740740741,583.783783784,3.905125
8.24299065,0.740740741,583.783783784,5.315073
8.41121495,0.740740741,616.216216216,3.354102
8.57943925,0.740740741,616.216216216,2.5
8.74766355,0.740740741,616.216216216,2.872281
8.91588785,0.740740741,648.648648649,3.605551
9.08411215,0.740740741,648.648648649,2.44949
9.25233645,0.740740741,648.648648649,1
9.42056075,0.740740741,648.648648649,4.358899
9.58878505,0.740740741,648.648648649,4.690416
9.75700935,0.740740741,648.648648649,4.690416
9.92523364,0.740740741,681.081081081,3.741657
10.0934579,0.740740741,681.081081081,2.828427
10.2616822,0.740740741,681.081081081,2.236068
10.4299065,0.740740741,681.081081081,3.741657
10.5981308,0.740740741,681.081081081,4.472136
10.7663551,0.740740741,713.513513514,4.153312
10.9345794,0.740740741,713.513513514,2.5
11.1028037,0.740740741,713.513513514,2.061553
11.271028,0.740740741,713.513513514,4.031129
11.4392523,0.740740741,713.513513514,5.315073
11.6074766,0.740740741,745.945945946,4.582576
11.7757009,0.740740741,745.945945946,3.464102
11.9439252,0.740740741,745.945945946,3
12.1121495,0.740740741,778.378378378,1.732051
12.2803738,0.740740741,778.378378378,3.162278
12.4485981,0.740740741,810.810810811,4.031129
12.6168224,0.740740741,810.810810811,1.118034
12.7850467,0.740740741,810.810810811,2.291288
12.953271,0.740740741,810.810810811,5.220153
13.1214953,0.740740741,843.243243243,3.354102
13.2897196,0.740740741,843.243243243,2.291288
13.4579439,0.740740741,843.243243243,0.5
13.6261682,0.740740741,843.243243243,3.201562
13.7943925,0.740740741,875.675675676,4.582576
13.9626168,0.740740741,875.675675676,4.242641
14.1308411,0.740740741,875.675675676,3.605551
14.2990654,0.740740741,875.675675676,3.605551
14.4672897,0.740740741,875.675675676,5.744563
14.635514,0.740740741,908.108108108,4.636809
14.8037383,0.740740741,908.108108108,5.787918
14.9719626,0.740740741,908.108108108,3.937004
15.1401869,0.740740741,908.108108108,5.244044
15.3084112,0.740740741,908.108108108,4.301163
15.4766355,0.740740741,908.108108108,3.674235
15.6448598,0.740740741,908.108108108,5.244044
15.8130841,0.740740741,908.108108108,5.244044
15.9813084,0.740740741,908.108108108,5.244044
16.1495327,0.740740741,908.108108108,4.062019
16.317757,0.740740741,908.108108108,11.97915
16.4859813,0.740740741,908.108108108,8.631338
16.6542056,0.740740741,908.108108108,5.147815
16.8224299,0.740740741,908.108108108,3.082207
16.9906542,0.740740741,908.108108108,4.636809
17.1588785,0.740740741,908.108108108,4.636809
17.3271028,0.740740741,908.108108108,5.787918
17.4953271,0.740740741,908.108108108,5.244044
17.6635514,0.740740741,875.675675676,6.324555
17.8317757,0.740740741,908.108108108,2.12132
18,0.740740741,,109.6871
0,0.703703704,,154.6326
0.168224299,0.703703704,,114.9576
0.336448598,0.703703704,843.243243243,5.408327
0.504672897,0.703703704,810.810810811,5.220153
0.672897196,0.703703704,778.378378378,4.690416
0.841121495,0.703703704,745.945945946,2.44949
1.00934579,0.703703704,713.513513514,3.774917
1.17757009,0.703703704,681.081081081,4.242641
1.34579439,0.703703704,648.648648649,5.385165
1.51401869,0.703703704,648.648648649,6.403124
1.68224299,0.703703704,583.783783784,1.118034
1.85046729,0.703703704,551.351351351,3.905125
2.01869159,0.703703704,518.918918919,4.330127
2.18691589,0.703703704,518.918918919,3.840573
2.35514019,0.703703704,486.486486486,4.092676
2.52336449,0.703703704,486.486486486,6.062178
2.69158879,0.703703704,486.486486486,6.062178
2.85981308,0.703703704,486.486486486,6.062178
3.02803738,0.703703704,486.486486486,5.894913
3.19626168,0.703703704,486.486486486,5.545268
3.36448598,0.703703704,518.918918919,4.974937
3.53271028,0.703703704,518.918918919,5.894913
3.70093458,0.703703704,486.486486486,6.98212
3.86915888,0.703703704,486.486486486,6.22495
4.03738318,0.703703704,486.486486486,7.92149
4.20560748,0.703703704,454.054054054,7.245688
4.37383178,0.703703704,454.054054054,5.338539
4.54205607,0.703703704,454.054054054,6.442049
4.71028037,0.703703704,454.054054054,4.84768
4.87850467,0.703703704,454.054054054,6.284903
5.04672897,0.703703704,454.054054054,6.964194
5.21495327,0.703703704,454.054054054,6.670832
5.38317757,0.703703704,454.054054054,6.745369
5.55140187,0.703703704,454.054054054,6.745369
5.71962617,0.703703704,454.054054054,7.648529
5.88785047,0.703703704,486.486486486,6.062178
6.05607477,0.703703704,518.918918919,3.278719
6.22429907,0.703703704,518.918918919,4.555217
6.39252336,0.703703704,551.351351351,5.024938
6.56074766,0.703703704,583.783783784,3.905125
6.72897196,0.703703704,616.216216216,3.354102
6.89719626,0.703703704,616.216216216,3.905125
7.06542056,0.703703704,648.648648649,3
7.23364486,0.703703704,648.648648649,3
7.40186916,0.703703704,681.081081081,4.123106
7.57009346,0.703703704,713.513513514,6.103278
7.73831776,0.703703704,713.513513514,2.061553
7.90654206,0.703703704,713.513513514,1.5
8.07476636,0.703703704,713.513513514,2.5
8.24299065,0.703703704,713.513513514,3.774917
8.41121495,0.703703704,713.513513514,3.774917
8.57943925,0.703703704,745.945945946,4.242641
8.74766355,0.703703704,745.945945946,3.316625
8.91588785,0.703703704,745.945945946,5.09902
9.08411215,0.703703704,745.945945946,2.828427
9.25233645,0.703703704,745.945945946,1.732051
9.42056075,0.703703704,745.945945946,2.828427
9.58878505,0.703703704,745.945945946,4.123106
9.75700935,0.703703704,778.378378378,4.472136
9.92523364,0.703703704,745.945945946,2.44949
10.0934579,0.703703704,745.945945946,3.605551
10.2616822,0.703703704,745.945945946,3.464102
10.4299065,0.703703704,745.945945946,3.162278
10.5981308,0.703703704,745.945945946,4.582576
10.7663551,0.703703704,778.378378378,3.316625
10.9345794,0.703703704,778.378378378,2.236068
11.1028037,0.703703704,778.378378378,4.582576
11.271028,0.703703704,778.378378378,5.09902
11.4392523,0.703703704,810.810810811,5.678908
11.6074766,0.703703704,810.810810811,5.5
11.7757009,0.703703704,810.810810811,4.609772
11.9439252,0.703703704,810.810810811,5.024938
12.1121495,0.703703704,843.243243243,4.609772
12.2803738,0.703703704,843.243243243,4.031129
12.4485981,0.703703704,875.675675676,5.09902
12.6168224,0.703703704,908.108108108,4.743416
12.7850467,0.703703704,908.108108108,3.24037
12.953271,0.703703704,908.108108108,2.54951
13.1214953,0.703703704,940.540540541,4.153312
13.2897196,0.703703704,908.108108108,3.535534
13.4579439,0.703703704,940.540540541,2.5
13.6261682,0.703703704,940.540540541,1.118034
13.7943925,0.703703704,972.972972973,3.162278
13.9626168,0.703703704,940.540540541,2.692582
14.1308411,0.703703704,972.972972973,3.741657
14.2990654,0.703703704,908.108108108,5.244044
14.4672897,0.703703704,908.108108108,4.636809
14.635514,0.703703704,908.108108108,3.937004
14.8037383,0.703703704,908.108108108,6.519202
14.9719626,0.703703704,908.108108108,3.24037
15.1401869,0.703703704,908.108108108,5.958188
15.3084112,0.703703704,908.108108108,1.870829
15.4766355,0.703703704,908.108108108,3.937004
15.6448598,0.703703704,908.108108108,3.937004
15.8130841,0.703703704,908.108108108,2.54951
15.9813084,0.703703704,908.108108108,4.636809
16.1495327,0.703703704,908.108108108,3.937004
16.317757,0.703703704,908.108108108,3.535534
16.4859813,0.703703704,908.108108108,4.1833
16.6542056,0.703703704,908.108108108,3.937004
16.8224299,0.703703704,940.540540541,3.201562
16.9906542,0.703703704,908.108108108,3.674235
17.1588785,0.703703704,908.108108108,5.612486
17.3271028,0.703703704,875.675675676,7.28011
17.4953271,0.703703704,908.108108108,5.244044
17.6635514,0.703703704,875.675675676,7.348469
17.8317757,0.703703704,940.540540541,2.291288
18,0.703703704,,109.5091
0,0.666666667,,149.4498
0.168224299,0.666666667,,119.3325
0.336448598,0.666666667,810.810810811,3.201562
0.504672897,0.666666667,810.810810811,5.59017
0.672897196,0.666666667,778.378378378,5.385165
0.841121495,0.666666667,713.513513514,2.692582
1.00934579,0.666666667,681.081081081,6.708204
1.17757009,0.666666667,616.216216216,7.632169
1.34579439,0.666666667,583.783783784,7.697402
1.51401869,0.666666667,583.783783784,6.576473
1.68224299,0.666666667,518.918918919,7.664855
1.85046729,0.666666667,486.486486486,8.170067
2.01869159,0.666666667,454.054054054,4.743416
2.18691589,0.666666667,454.054054054,2.54951
2.35514019,0.666666667,421.621621622,3.082207
2.52336449,0.666666667,421.621621622,7.648529
2.69158879,0.666666667,421.621621622,7.648529
2.85981308,0.666666667,421.621621622,7.648529
3.02803738,0.666666667,421.621621622,7.905694
3.19626168,0.666666667,454.054054054,7.778175
3.36448598,0.666666667,454.054054054,6.442049
3.53271028,0.666666667,454.054054054,4.743416
3.70093458,0.666666667,454.054054054,4.41588
3.86915888,0.666666667,454.054054054,7.778175
4.03738318,0.666666667,421.621621622,8.860023
4.20560748,0.666666667,389.189189189,6.576473
4.37383178,0.666666667,389.189189189,5.678908
4.54205607,0.666666667,389.189189189,6.422616
4.71028037,0.666666667,389.189189189,8.077747
4.87850467,0.666666667,421.621621622,8.336666
5.04672897,0.666666667,421.621621622,9.082951
5.21495327,0.666666667,454.054054054,6.819091
5.38317757,0.666666667,454.054054054,6.595453
5.55140187,0.666666667,486.486486486,6.22495
5.71962617,0.666666667,518.918918919,4.092676
5.88785047,0.666666667,518.918918919,3.840573
6.05607477,0.666666667,583.783783784,5.678908
6.22429907,0.666666667,616.216216216,6.020797
6.39252336,0.666666667,648.648648649,8.124038
6.56074766,0.666666667,681.081081081,11.04536
6.72897196,0.666666667,713.513513514,8.845903
6.89719626,0.666666667,745.945945946,10.63015
7.06542056,0.666666667,745.945945946,11.22497
7.23364486,0.666666667,745.945945946,9.69536
7.40186916,0.666666667,745.945945946,9.486833
7.57009346,0.666666667,778.378378378,11.09054
7.73831776,0.666666667,778.378378378,9.165151
7.90654206,0.666666667,778.378378378,9
8.07476636,0.666666667,778.378378378,9.486833
8.24299065,0.666666667,810.810810811,8.261356
8.41121495,0.666666667,810.810810811,6.726812
8.57943925,0.666666667,810.810810811,7.228416
8.74766355,0.666666667,810.810810811,8.13941
8.91588785,0.666666667,810.810810811,6.873864
9.08411215,0.666666667,810.810810811,7.697402
9.25233645,0.666666667,810.810810811,6.576473
9.42056075,0.666666667,810.810810811,5.123475
9.58878505,0.666666667,810.810810811,4.387482
9.75700935,0.666666667,810.810810811,5.59017
9.92523364,0.666666667,778.378378378,6.63325
10.0934579,0.666666667,778.378378378,7.81025
10.2616822,0.666666667,778.378378378,8.306624
10.4299065,0.666666667,778.378378378,6
10.5981308,0.666666667,810.810810811,5.85235
10.7663551,0.666666667,810.810810811,6.5
10.9345794,0.666666667,810.810810811,6.576473
11.1028037,0.666666667,810.810810811,7.017834
11.271028,0.666666667,810.810810811,7.566373
11.4392523,0.666666667,843.243243243,7.228416
11.6074766,0.666666667,843.243243243,5.408327
11.7757009,0.666666667,843.243243243,5.123475
11.9439252,0.666666667,843.243243243,6.184658
12.1121495,0.666666667,908.108108108,3.082207
12.2803738,0.666666667,908.108108108,1.224745
12.4485981,0.666666667,908.108108108,0.7071068
12.6168224,0.666666667,940.540540541,2.692582
12.7850467,0.666666667,940.540540541,2.5
12.953271,0.666666667,940.540540541,2.692582
13.1214953,0.666666667,940.540540541,3.5
13.2897196,0.666666667,940.540540541,3.354102
13.4579439,0.666666667,972.972972973,3.464102
13.6261682,0.666666667,972.972972973,1.414214
13.7943925,0.666666667,972.972972973,3.741657
13.9626168,0.666666667,972.972972973,3
14.1308411,0.666666667,972.972972973,2.44949
14.2990654,0.666666667,908.108108108,3.937004
14.4672897,0.666666667,908.108108108,3.937004
14.635514,0.666666667,908.108108108,3.391165
14.8037383,0.666666667,940.540540541,5.678908
14.9719626,0.666666667,940.540540541,3.354102
15.1401869,0.666666667,908.108108108,3.937004
15.3084112,0.666666667,940.540540541,4.153312
15.4766355,0.666666667,940.540540541,3.354102
15.6448598,0.666666667,940.540540541,2.061553
15.8130841,0.666666667,940.540540541,12.09339
15.9813084,0.666666667,940.540540541,14.32655
16.1495327,0.666666667,940.540540541,3.201562
16.317757,0.666666667,908.108108108,4.636809
16.4859813,0.666666667,908.108108108,4.636809
16.6542056,0.666666667,908.108108108,3.937004
16.8224299,0.666666667,908.108108108,4.1833
16.9906542,0.666666667,908.108108108,3.082207
17.1588785,0.666666667,908.108108108,3.24037
17.3271028,0.666666667,908.108108108,6.745369
17.4953271,0.666666667,908.108108108,4.636809
17.6635514,0.666666667,908.108108108,5.958188
17.8317757,0.666666667,940.540540541,1.118034
18,0.666666667,,109.3401
0,0.62962963,,108.3663
0.168224299,0.62962963,,73.2069
0.336448598,0.62962963,454.054054054,5.244044
0.504672897,0.62962963,551.351351351,12.73774
0.672897196,0.62962963,551.351351351,7.017834
0.841121495,0.62962963,486.486486486,3.570714
1.00934579,0.62962963,454.054054054,2.915476
1.17757009,0.62962963,421.621621622,9.721111
1.34579439,0.62962963,356.756756757,6.344289
1.51401869,0.62962963,356.756756757,5.220153
1.68224299,0.62962963,356.756756757,5.024938
1.85046729,0.62962963,324.324324324,6.689544
2.01869159,0.62962963,324.324324324,3.840573
2.18691589,0.62962963,324.324324324,4.974937
2.35514019,0.62962963,291.891891892,3.535534
2.52336449,0.62962963,259.459459459,5.87367
2.69158879,0.62962963,291.891891892,5.43139
2.85981308,0.62962963,291.891891892,6.964194
3.02803738,0.62962963,291.891891892,6.745369
3.19626168,0.62962963,291.891891892,7.035624
3.36448598,0.62962963,291.891891892,8.336666
3.53271028,0.62962963,324.324324324,5.894913
3.70093458,0.62962963,324.324324324,3.570714
3.86915888,0.62962963,356.756756757,5.408327
4.03738318,0.62962963,421.621621622,7.382412
4.20560748,0.62962963,486.486486486,6.689544
4.37383178,0.62962963,551.351351351,4.716991
4.54205607,0.62962963,583.783783784,5.220153
4.71028037,0.62962963,648.648648649,16.55295
4.87850467,0.62962963,681.081081081,21.09502
5.04672897,0.62962963,681.081081081,26.94439
5.21495327,0.62962963,745.945945946,28.7054
5.38317757,0.62962963,1037.83783784,31.28098
5.55140187,0.62962963,1102.7027027,25.44602
5.71962617,0.62962963,1167.56756757,21.11871
5.88785047,0.62962963,1200,21.96019
6.05607477,0.62962963,1264.86486486,23.79075
6.22429907,0.62962963,1297.2972973,25.53919
6.39252336,0.62962963,1362.16216216,28.16913
6.56074766,0.62962963,1394.59459459,25.14458
6.72897196,0.62962963,1459.45945946,25.63689
6.89719626,0.62962963,1427.02702703,25.56365
7.06542056,0.62962963,1427.02702703,26.10555
7.23364486,0.62962963,1427.02702703,26.50472
7.40186916,0.62962963,1427.02702703,26.84213
7.57009346,0.62962963,1394.59459459,26.27261
7.73831776,0.62962963,1362.16216216,18.98684
7.90654206,0.62962963,1362.16216216,16.71825
8.07476636,0.62962963,1362.16216216,12.14496
8.24299065,0.62962963,1329.72972973,9.721111
8.41121495,0.62962963,1264.86486486,7.874008
8.57943925,0.62962963,1232.43243243,6.480741
8.74766355,0.62962963,1232.43243243,3.741657
8.91588785,0.62962963,1200,3.640055
9.08411215,0.62962963,1200,1.802776
9.25233645,0.62962963,1167.56756757,3
9.42056075,0.62962963,1135.13513514,3
9.58878505,0.62962963,1102.7027027,2.54951
9.75700935,0.62962963,1070.27027027,4.609772
9.92523364,0.62962963,1070.27027027,4.387482
10.0934579,0.62962963,1070.27027027,4.716991
10.2616822,0.62962963,1037.83783784,3.674235
10.4299065,0.62962963,1037.83783784,6.670832
10.5981308,0.62962963,1005.40540541,6.576473
10.7663551,0.62962963,1005.40540541,7.566373
10.9345794,0.62962963,1005.40540541,8.321658
11.1028037,0.62962963,1005.40540541,7.566373
11.271028,0.62962963,1037.83783784,4.743416
11.4392523,0.62962963,1005.40540541,5.59017
11.6074766,0.62962963,1037.83783784,3.937004
11.7757009,0.62962963,1037.83783784,0.7071068
11.9439252,0.62962963,1037.83783784,2.345208
12.1121495,0.62962963,1070.27027027,3.5
12.2803738,0.62962963,1070.27027027,2.061553
12.4485981,0.62962963,1102.7027027,4.743416
12.6168224,0.62962963,1102.7027027,4.527693
12.7850467,0.62962963,1070.27027027,4.5
12.953271,0.62962963,1070.27027027,1.802776
13.1214953,0.62962963,1070.27027027,1.5
13.2897196,0.62962963,1070.27027027,1.5
13.4579439,0.62962963,1070.27027027,2.061553
13.6261682,0.62962963,1070.27027027,2.872281
13.7943925,0.62962963,1037.83783784,4.301163
13.9626168,0.62962963,1037.83783784,2.915476
14.1308411,0.62962963,1037.83783784,3.674235
14.2990654,0.62962963,1005.40540541,3.201562
14.4672897,0.62962963,1005.40540541,3.201562
14.635514,0.62962963,1005.40540541,3.201562
14.8037383,0.62962963,1005.40540541,3.201562
14.9719626,0.62962963,1005.40540541,3.201562
15.1401869,0.62962963,1005.40540541,3.201562
15.3084112,0.62962963,1005.40540541,2.872281
15.4766355,0.62962963,1005.40540541,2.872281
15.6448598,0.62962963,1005.40540541,4.153312
15.8130841,0.62962963,972.972972973,2.828427
15.9813084,0.62962963,972.972972973,2.828427
16.1495327,0.62962963,972.972972973,2.236068
16.317757,0.62962963,972.972972973,3.605551
16.4859813,0.62962963,972.972972973,3.605551
16.6542056,0.62962963,972.972972973,2.828427
16.8224299,0.62962963,972.972972973,2.236068
16.9906542,0.62962963,972.972972973,1.414214
17.1588785,0.62962963,972.972972973,3.162278
17.3271028,0.62962963,972.972972973,3.162278
17.4953271,0.62962963,940.540540541,3.041381
17.6635514,0.62962963,972.972972973,2.828427
17.8317757,0.62962963,1005.40540541,5.408327
18,0.62962963,,106.6736
0,0.592592593,,59.75994
0.168224299,0.592592593,259.459459459,5.244044
0.336448598,0.592592593,291.891891892,6.892024
0.504672897,0.592592593,291.891891892,2.54951
0.672897196,0.592592593,291.891891892,2.345208
0.841121495,0.592592593,259.459459459,3.391165
1.00934579,0.592592593,259.459459459,1.581139
1.17757009,0.592592593,291.891891892,5.522681
1.34579439,0.592592593,291.891891892,5.522681
1.51401869,0.592592593,291.891891892,9.823441
1.68224299,0.592592593,227.027027027,14.59452
1.85046729,0.592592593,227.027027027,20.39608
2.01869159,0.592592593,259.459459459,15.47579
2.18691589,0.592592593,291.891891892,6.595453
2.35514019,0.592592593,291.891891892,7.842194
2.52336449,0.592592593,389.189189189,4.716991
2.69158879,0.592592593,389.189189189,10.30776
2.85981308,0.592592593,454.054054054,7.17635
3.02803738,0.592592593,486.486486486,5.722762
3.19626168,0.592592593,518.918918919,4.092676
3.36448598,0.592592593,551.351351351,2.692582
3.53271028,0.592592593,648.648648649,19.20937
3.70093458,0.592592593,681.081081081,23.21637
3.86915888,0.592592593,,41.6113
4.03738318,0.592592593,,40.11234
4.20560748,0.592592593,,45.28797
4.37383178,0.592592593,,49.24937
4.54205607,0.592592593,,55.14753
4.71028037,0.592592593,,70.31892
4.87850467,0.592592593,,70.24244
5.04672897,0.592592593,,61.90315
5.21495327,0.592592593,,52.62366
5.38317757,0.592592593,,46.27364
5.55140187,0.592592593,2270.27027027,34.67348
5.71962617,0.592592593,2335.13513514,11.32475
5.88785047,0.592592593,2335.13513514,11.67262
6.05607477,0.592592593,2400,12.01041
6.22429907,0.592592593,2464.86486486,9.861541
6.39252336,0.592592593,2497.2972973,12.30853
6.56074766,0.592592593,2529.72972973,12.57975
6.72897196,0.592592593,2529.72972973,12.57975
6.89719626,0.592592593,2529.72972973,12.41974
7.06542056,0.592592593,2497.2972973,12.94218
7.23364486,0.592592593,2497.2972973,11.81101
7.40186916,0.592592593,2464.86486486,11.67262
7.57009346,0.592592593,2464.86486486,10.78193
7.73831776,0.592592593,2432.43243243,9.069179
7.90654206,0.592592593,2400,9.861541
8.07476636,0.592592593,2400,11.32475
8.24299065,0.592592593,2335.13513514,15.33786
8.41121495,0.592592593,2270.27027027,16.62077
8.57943925,0.592592593,2205.40540541,20.45116
8.74766355,0.592592593,2172.97297297,20.03746
8.91588785,0.592592593,2108.10810811,19.35846
9.08411215,0.592592593,2075.67567568,22.04541
9.25233645,0.592592593,2043.24324324,28.57446
9.42056075,0.592592593,,35.59846
9.58878505,0.592592593,1621.62162162,33.3991
9.75700935,0.592592593,1621.62162162,27.75788
9.92523364,0.592592593,1556.75675676,18.40516
10.0934579,0.592592593,1556.75675676,15.58044
10.2616822,0.592592593,1524.32432432,11.77922
10.4299065,0.592592593,1491.89189189,5.244044
10.5981308,0.592592593,1459.45945946,2.291288
10.7663551,0.592592593,1427.02702703,3.082207
10.9345794,0.592592593,1427.02702703,4.062019
11.1028037,0.592592593,1394.59459459,4.716991
11.271028,0.592592593,1394.59459459,9.069179
11.4392523,0.592592593,1362.16216216,5.612486
11.6074766,0.592592593,1362.16216216,2.345208
11.7757009,0.592592593,1297.2972973,1.802776
11.9439252,0.592592593,1297.2972973,4.153312
12.1121495,0.592592593,1297.2972973,3.640055
12.2803738,0.592592593,1297.2972973,2.061553
12.4485981,0.592592593,1297.2972973,2.291288
12.6168224,0.592592593,1264.86486486,3.741657
12.7850467,0.592592593,1232.43243243,5.91608
12.953271,0.592592593,1232.43243243,7.348469
13.1214953,0.592592593,1200,5.024938
13.2897196,0.592592593,1167.56756757,2.44949
13.4579439,0.592592593,1135.13513514,2.236068
13.6261682,0.592592593,1102.7027027,3.391165
13.7943925,0.592592593,1102.7027027,1.870829
13.9626168,0.592592593,1102.7027027,2.915476
14.1308411,0.592592593,1102.7027027,2.915476
14.2990654,0.592592593,1037.83783784,3.535534
14.4672897,0.592592593,1037.83783784,3.535534
14.635514,0.592592593,1037.83783784,2.345208
14.8037383,0.592592593,1037.83783784,1.870829
14.9719626,0.592592593,1037.83783784,2.345208
15.1401869,0.592592593,1037.83783784,2.345208
15.3084112,0.592592593,1005.40540541,5.59017
15.4766355,0.592592593,1005.40540541,4.387482
15.6448598,0.592592593,1005.40540541,3.5
15.8130841,0.592592593,1005.40540541,2.061553
15.9813084,0.592592593,1005.40540541,2.291288
16.1495327,0.592592593,1005.40540541,3.201562
16.317757,0.592592593,1005.40540541,2.291288
16.4859813,0.592592593,1005.40540541,2.061553
16.6542056,0.592592593,1005.40540541,2.291288
16.8224299,0.592592593,1005.40540541,3.201562
16.9906542,0.592592593,972.972972973,4.242641
17.1588785,0.592592593,972.972972973,3.316625
17.3271028,0.592592593,972.972972973,2.44949
17.4953271,0.592592593,972.972972973,3
17.6635514,0.592592593,972.972972973,4.898979
17.8317757,0.592592593,1005.40540541,2.692582
18,0.592592593,,106.5657
0,0.555555556,,51.9158
0.168224299,0.555555556,259.459459459,5.522681
0.336448598,0.555555556,259.459459459,8.154753
0.504672897,0.555555556,291.891891892,3.535534
0.672897196,0.555555556,291.891891892,5.787918
0.841121495,0.555555556,259.459459459,3.082207
1.00934579,0.555555556,259.459459459,8.396428
1.17757009,0.555555556,291.891891892,2.915476
1.34579439,0.555555556,291.891891892,4.062019
1.51401869,0.555555556,291.891891892,6.041523
1.68224299,0.555555556,291.891891892,9.721111
1.85046729,0.555555556,324.324324324,13.51851
2.01869159,0.555555556,421.621621622,7.648529
2.18691589,0.555555556,486.486486486,3.570714
2.35514019,0.555555556,518.918918919,4.092676
2.52336449,0.555555556,616.216216216,16.46967
2.69158879,0.555555556,648.648648649,15.93738
2.85981308,0.555555556,681.081081081,25.94224
3.02803738,0.555555556,713.513513514,32.34579
3.19626168,0.555555556,,39.67367
3.36448598,0.555555556,,38.52921
3.53271028,0.555555556,1200,31.56343
3.70093458,0.555555556,1264.86486486,34.79943
3.86915888,0.555555556,,63.27124
4.03738318,0.555555556,,82.95179
4.20560748,0.555555556,,52.19435
4.37383178,0.555555556,,42.0981
4.54205607,0.555555556,,36.89512
4.71028037,0.555555556,2400,28.6749
4.87850467,0.555555556,2432.43243243,22.52221
5.04672897,0.555555556,2464.86486486,21.07724
5.21495327,0.555555556,2529.72972973,23.00543
5.38317757,0.555555556,2562.16216216,19.23538
5.55140187,0.555555556,2594.59459459,18.38478
5.71962617,0.555555556,2594.59459459,17.54993
5.88785047,0.555555556,2627.02702703,18.54724
6.05607477,0.555555556,2789.18918919,14.63728
6.22429907,0.555555556,2821.62162162,9.246621
6.39252336,0.555555556,2854.05405405,3.807887
6.56074766,0.555555556,2854.05405405,3.535534
6.72897196,0.555555556,2854.05405405,6.041523
6.89719626,0.555555556,2886.48648649,7.158911
7.06542056,0.555555556,2854.05405405,8.154753
7.23364486,0.555555556,2886.48648649,11.45644
7.40186916,0.555555556,2854.05405405,14.71394
7.57009346,0.555555556,2854.05405405,14.23025
7.73831776,0.555555556,2854.05405405,10.70047
7.90654206,0.555555556,2854.05405405,12.06234
8.07476636,0.555555556,2854.05405405,15.57241
8.24299065,0.555555556,2854.05405405,26.89796
8.41121495,0.555555556,2594.59459459,31.76476
8.57943925,0.555555556,2562.16216216,27.47726
8.74766355,0.555555556,2562.16216216,26.41969
8.91588785,0.555555556,2464.86486486,24.23324
9.08411215,0.555555556,2432.43243243,21.93741
9.25233645,0.555555556,2400,24.33619
9.42056075,0.555555556,2335.13513514,24.08838
9.58878505,0.555555556,2270.27027027,27.29927
9.75700935,0.555555556,2205.40540541,28.2179
9.92523364,0.555555556,2075.67567568,20.46949
10.0934579,0.555555556,2075.67567568,18.27567
10.2616822,0.555555556,2043.24324324,17.73415
10.4299065,0.555555556,2010.81081081,19.64688
10.5981308,0.555555556,1978.37837838,22.61084
10.7663551,0.555555556,1945.94594595,23.45741
10.9345794,0.555555556,1913.51351351,31.70962
11.1028037,0.555555556,1621.62162162,31.66228
11.271028,0.555555556,1621.62162162,18.9341
11.4392523,0.555555556,1589.18918919,9.69536
11.6074766,0.555555556,1556.75675676,5.17204
11.7757009,0.555555556,1491.89189189,2.345208
11.9439252,0.555555556,1459.45945946,2.692582
12.1121495,0.555555556,1491.89189189,3.24037
12.2803738,0.555555556,1427.02702703,2.345208
12.4485981,0.555555556,1394.59459459,1.802776
12.6168224,0.555555556,1362.16216216,10.55936
12.7850467,0.555555556,1362.16216216,3.535534
12.953271,0.555555556,1297.2972973,5.59017
13.1214953,0.555555556,1264.86486486,4.690416
13.2897196,0.555555556,1232.43243243,4.472136
13.4579439,0.555555556,1167.56756757,5.09902
13.6261682,0.555555556,1135.13513514,5.09902
13.7943925,0.555555556,1135.13513514,2.236068
13.9626168,0.555555556,1135.13513514,2.236068
14.1308411,0.555555556,1135.13513514,2.236068
14.2990654,0.555555556,1070.27027027,3.774917
14.4672897,0.555555556,1070.27027027,2.061553
14.635514,0.555555556,1070.27027027,1.5
14.8037383,0.555555556,1070.27027027,2.692582
14.9719626,0.555555556,1070.27027027,3.640055
15.1401869,0.555555556,1070.27027027,4.609772
15.3084112,0.555555556,1037.83783784,2.345208
15.4766355,0.555555556,1037.83783784,3.082207
15.6448598,0.555555556,1037.83783784,3.937004
15.8130841,0.555555556,1005.40540541,4.5
15.9813084,0.555555556,1005.40540541,3.640055
16.1495327,0.555555556,1005.40540541,2.291288
16.317757,0.555555556,1005.40540541,3.640055
16.4859813,0.555555556,1005.40540541,3.640055
16.6542056,0.555555556,1005.40540541,3.640055
16.8224299,0.555555556,1005.40540541,2.291288
16.9906542,0.555555556,1005.40540541,2.291288
17.1588785,0.555555556,1005.40540541,3.201562
17.3271028,0.555555556,1005.40540541,3.201562
17.4953271,0.555555556,1005.40540541,3.201562
17.6635514,0.555555556,1005.40540541,2.692582
17.8317757,0.555555556,1005.40540541,3.354102
18,0.555555556,,106.5657
0,0.518518519,,47.98177
0.168224299,0.518518519,259.459459459,8.336666
0.336448598,0.518518519,259.459459459,9.513149
0.504672897,0.518518519,259.459459459,9.721111
0.672897196,0.518518519,291.891891892,3.082207
0.841121495,0.518518519,291.891891892,6.284903
1.00934579,0.518518519,324.324324324,6.538348
1.17757009,0.518518519,454.054054054,4.062019
1.34579439,0.518518519,518.918918919,14.23903
1.51401869,0.518518519,616.216216216,22.96193
1.68224299,0.518518519,,48.14042
1.85046729,0.518518519,,35.00357
2.01869159,0.518518519,,45.91841
2.18691589,0.518518519,,63.46062
2.35514019,0.518518519,,75.81886
2.52336449,0.518518519,,64.23589
2.69158879,0.518518519,,62.96229
2.85981308,0.518518519,,50.5198
3.02803738,0.518518519,,40.31439
3.19626168,0.518518519,,35.20653
3.36448598,0.518518519,2432.43243243,31.97264
3.53271028,0.518518519,2529.72972973,23.24328
3.70093458,0.518518519,2562.16216216,19.64688
3.86915888,0.518518519,2594.59459459,10.0995
4.03738318,0.518518519,2627.02702703,5.385165
4.20560748,0.518518519,2659.45945946,9.656604
4.37383178,0.518518519,2756.75675676,8.440972
4.54205607,0.518518519,2756.75675676,6.344289
4.71028037,0.518518519,2756.75675676,7.017834
4.87850467,0.518518519,2789.18918919,5.59017
5.04672897,0.518518519,2789.18918919,2.872281
5.21495327,0.518518519,2789.18918919,4.5
5.38317757,0.518518519,2789.18918919,5.59017
5.55140187,0.518518519,2821.62162162,3.937004
5.71962617,0.518518519,2821.62162162,5.522681
5.88785047,0.518518519,2821.62162162,5.244044
6.05607477,0.518518519,2821.62162162,6.964194
6.22429907,0.518518519,2854.05405405,4.636809
6.39252336,0.518518519,2854.05405405,10.07472
6.56074766,0.518518519,2854.05405405,12.98075
6.72897196,0.518518519,2918.91891892,6.020797
6.89719626,0.518518519,2918.91891892,6.5
7.06542056,0.518518519,2951.35135135,4.924429
7.23364486,0.518518519,2951.35135135,4.609772
7.40186916,0.518518519,2983.78378378,4.1833
7.57009346,0.518518519,2983.78378378,2.915476
7.73831776,0.518518519,3048.64864865,13.2665
7.90654206,0.518518519,3048.64864865,11.74734
8.07476636,0.518518519,3048.64864865,8.306624
8.24299065,0.518518519,3081.08108108,4.031129
8.41121495,0.518518519,3081.08108108,4.716991
8.57943925,0.518518519,3113.51351351,4.358899
8.74766355,0.518518519,3113.51351351,3.741657
8.91588785,0.518518519,3113.51351351,2.236068
9.08411215,0.518518519,3081.08108108,3.041381
9.25233645,0.518518519,3081.08108108,3.640055
9.42056075,0.518518519,3048.64864865,6.324555
9.58878505,0.518518519,3016.21621622,8.20061
9.75700935,0.518518519,2983.78378378,5.244044
9.92523364,0.518518519,2918.91891892,6.946222
10.0934579,0.518518519,2918.91891892,7.566373
10.2616822,0.518518519,2854.05405405,11.55422
10.4299065,0.518518519,2789.18918919,15.10794
10.5981308,0.518518519,2789.18918919,17.95132
10.7663551,0.518518519,2627.02702703,17.23369
10.9345794,0.518518519,2562.16216216,12.20656
11.1028037,0.518518519,2497.2972973,11.68332
11.271028,0.518518519,2367.56756757,12.38951
11.4392523,0.518518519,2302.7027027,11.28051
11.6074766,0.518518519,2172.97297297,8.396428
11.7757009,0.518518519,2043.24324324,4.301163
11.9439252,0.518518519,1978.37837838,6.873864
12.1121495,0.518518519,1913.51351351,19.83683
12.2803738,0.518518519,1718.91891892,16.13227
12.4485981,0.518518519,1686.48648649,4.301163
12.6168224,0.518518519,1621.62162162,5.522681
12.7850467,0.518518519,1556.75675676,4.330127
12.953271,0.518518519,1491.89189189,2.915476
13.1214953,0.518518519,1394.59459459,2.291288
13.2897196,0.518518519,1362.16216216,9.617692
13.4579439,0.518518519,1264.86486486,4.123106
13.6261682,0.518518519,1232.43243243,3
13.7943925,0.518518519,1200,2.291288
13.9626168,0.518518519,1200,3.201562
14.1308411,0.518518519,1200,3.201562
14.2990654,0.518518519,1135.13513514,2.44949
14.4672897,0.518518519,1135.13513514,4.242641
14.635514,0.518518519,1102.7027027,2.54951
14.8037383,0.518518519,1102.7027027,3.391165
14.9719626,0.518518519,1102.7027027,4.062019
15.1401869,0.518518519,1070.27027027,3.640055
15.3084112,0.518518519,1070.27027027,1.5
15.4766355,0.518518519,1070.27027027,1.5
15.6448598,0.518518519,1070.27027027,2.872281
15.8130841,0.518518519,1037.83783784,3.24037
15.9813084,0.518518519,1037.83783784,2.54951
16.1495327,0.518518519,1037.83783784,2.12132
16.317757,0.518518519,1037.83783784,2.54951
16.4859813,0.518518519,1037.83783784,2.54951
16.6542056,0.518518519,1037.83783784,2.12132
16.8224299,0.518518519,1037.83783784,2.54951
16.9906542,0.518518519,1037.83783784,4.062019
17.1588785,0.518518519,1037.83783784,4.949747
17.3271028,0.518518519,1005.40540541,5.408327
17.4953271,0.518518519,1037.83783784,4.949747
17.6635514,0.518518519,1005.40540541,5.59017
17.8317757,0.518518519,1037.83783784,3.937004
18,0.518518519,,107.2159
0,0.481481481,,37.80542
0.168224299,0.481481481,,73.38597
0.336448598,0.481481481,551.351351351,27.95085
0.504672897,0.481481481,,43.16538
0.672897196,0.481481481,,52.31635
0.841121495,0.481481481,,51.7832
1.00934579,0.481481481,,49.58831
1.17757009,0.481481481,,56.27166
1.34579439,0.481481481,,67.74216
1.51401869,0.481481481,,52.2135
1.68224299,0.481481481,,37.69947
1.85046729,0.481481481,2432.43243243,24.37724
2.01869159,0.481481481,2464.86486486,10.92016
2.18691589,0.481481481,2432.43243243,8.958236
2.35514019,0.481481481,2400,8.01561
2.52336449,0.481481481,2367.56756757,17.21918
2.69158879,0.481481481,2335.13513514,16.19413
2.85981308,0.481481481,2302.7027027,14.32655
3.02803738,0.481481481,2270.27027027,11.92686
3.19626168,0.481481481,2237.83783784,10.55936
3.36448598,0.481481481,2205.40540541,9.552487
3.53271028,0.481481481,2140.54054054,9.5
3.70093458,0.481481481,2140.54054054,8.13941
3.86915888,0.481481481,2172.97297297,11.11306
4.03738318,0.481481481,2205.40540541,13.68393
4.20560748,0.481481481,2270.27027027,9.233093
4.37383178,0.481481481,2270.27027027,5.937171
4.54205607,0.481481481,2335.13513514,4.716991
4.71028037,0.481481481,2367.56756757,9.823441
4.87850467,0.481481481,2400,6.576473
5.04672897,0.481481481,2400,6.726812
5.21495327,0.481481481,2367.56756757,6.595453
5.38317757,0.481481481,2367.56756757,5.522681
5.55140187,0.481481481,2400,6.344289
5.71962617,0.481481481,2432.43243243,3.354102
5.88785047,0.481481481,2464.86486486,3.201562
6.05607477,0.481481481,2497.2972973,4.41588
6.22429907,0.481481481,2497.2972973,7.17635
6.39252336,0.481481481,2529.72972973,6.873864
6.56074766,0.481481481,2529.72972973,9.604686
6.72897196,0.481481481,2529.72972973,3.640055
6.89719626,0.481481481,2562.16216216,5.385165
7.06542056,0.481481481,2562.16216216,5.830952
7.23364486,0.481481481,2594.59459459,7.348469
7.40186916,0.481481481,2659.45945946,12.05197
7.57009346,0.481481481,2756.75675676,11.41271
7.73831776,0.481481481,2821.62162162,7.905694
7.90654206,0.481481481,2854.05405405,7.035624
8.07476636,0.481481481,2854.05405405,9.407444
8.24299065,0.481481481,2951.35135135,8.261356
8.41121495,0.481481481,2951.35135135,3.201562
8.57943925,0.481481481,3016.21621622,5.024938
8.74766355,0.481481481,3048.64864865,8.062258
8.91588785,0.481481481,3048.64864865,4.472136
9.08411215,0.481481481,3081.08108108,5.85235
9.25233645,0.481481481,3081.08108108,6.344289
9.42056075,0.481481481,3113.51351351,6.557439
9.58878505,0.481481481,3113.51351351,3.162278
9.75700935,0.481481481,3113.51351351,7.348469
9.92523364,0.481481481,3048.64864865,3.464102
10.0934579,0.481481481,3048.64864865,5.477226
10.2616822,0.481481481,3048.64864865,6.480741
10.4299065,0.481481481,3016.21621622,6.344289
10.5981308,0.481481481,2983.78378378,6.363961
10.7663551,0.481481481,2951.35135135,4.924429
10.9345794,0.481481481,2951.35135135,6.726812
11.1028037,0.481481481,2918.91891892,6.873864
11.271028,0.481481481,2821.62162162,7.713624
11.4392523,0.481481481,2756.75675676,12.97112
11.6074766,0.481481481,2562.16216216,11.18034
11.7757009,0.481481481,2464.86486486,4.272002
11.9439252,0.481481481,2367.56756757,6.041523
12.1121495,0.481481481,2270.27027027,1.802776
12.2803738,0.481481481,2172.97297297,4.636809
12.4485981,0.481481481,2075.67567568,5.09902
12.6168224,0.481481481,1978.37837838,4.387482
12.7850467,0.481481481,1913.51351351,10.07472
12.953271,0.481481481,1718.91891892,2.5
13.1214953,0.481481481,1621.62162162,3.937004
13.2897196,0.481481481,1556.75675676,3.840573
13.4579439,0.481481481,1394.59459459,2.692582
13.6261682,0.481481481,1329.72972973,1.870829
13.7943925,0.481481481,1264.86486486,3
13.9626168,0.481481481,1232.43243243,3
14.1308411,0.481481481,1232.43243243,3.316625
14.2990654,0.481481481,1167.56756757,2.236068
14.4672897,0.481481481,1167.56756757,3
14.635514,0.481481481,1135.13513514,2.236068
14.8037383,0.481481481,1135.13513514,2.44949
14.9719626,0.481481481,1102.7027027,3.082207
15.1401869,0.481481481,1102.7027027,1.870829
15.3084112,0.481481481,1102.7027027,1.581139
15.4766355,0.481481481,1102.7027027,1.870829
15.6448598,0.481481481,1102.7027027,3.391165
15.8130841,0.481481481,1102.7027027,4.301163
15.9813084,0.481481481,1070.27027027,4.609772
16.1495327,0.481481481,1070.27027027,3.640055
16.317757,0.481481481,1070.27027027,3.640055
16.4859813,0.481481481,1070.27027027,2.692582
16.6542056,0.481481481,1070.27027027,1.802776
16.8224299,0.481481481,1070.27027027,0.5
16.9906542,0.481481481,1070.27027027,3.774917
17.1588785,0.481481481,1070.27027027,3.774917
17.3271028,0.481481481,1070.27027027,4.716991
17.4953271,0.481481481,1070.27027027,3.640055
17.6635514,0.481481481,1037.83783784,4.301163
17.8317757,0.481481481,1037.83783784,1.870829
18,0.481481481,,108.1446
0,0.444444444,,98.48985
0.168224299,0.444444444,,74.06922
0.336448598,0.444444444,,35.5
0.504672897,0.444444444,,68.22939
0.672897196,0.444444444,,82.11121
0.841121495,0.444444444,,67.75138
1.00934579,0.444444444,,61.07577
1.17757009,0.444444444,,68.84221
1.34579439,0.444444444,,89.66884
1.51401869,0.444444444,,69.15381
1.68224299,0.444444444,,39.76808
1.85046729,0.444444444,1264.86486486,19.67232
2.01869159,0.444444444,1200,10.87428
2.18691589,0.444444444,1167.56756757,9.486833
2.35514019,0.444444444,1167.56756757,11.22497
2.52336449,0.444444444,1200,13.1244
2.69158879,0.444444444,1200,11.32475
2.85981308,0.444444444,1200,10.5
3.02803738,0.444444444,1200,9.013878
3.19626168,0.444444444,1167.56756757,6.928203
3.36448598,0.444444444,1167.56756757,5.830952
3.53271028,0.444444444,1200,13.16245
3.70093458,0.444444444,1200,13.57387
3.86915888,0.444444444,1232.43243243,12.52996
4.03738318,0.444444444,1297.2972973,12.29837
4.20560748,0.444444444,1394.59459459,13.20038
4.37383178,0.444444444,1427.02702703,6.964194
4.54205607,0.444444444,1491.89189189,7.17635
4.71028037,0.444444444,1556.75675676,6.837397
4.87850467,0.444444444,1589.18918919,6.708204
5.04672897,0.444444444,1589.18918919,7.071068
5.21495327,0.444444444,1589.18918919,9.433981
5.38317757,0.444444444,1621.62162162,7.648529
5.55140187,0.444444444,1654.05405405,10.02497
5.71962617,0.444444444,1654.05405405,12.74755
5.88785047,0.444444444,1654.05405405,16.14001
6.05607477,0.444444444,1686.48648649,21.87464
6.22429907,0.444444444,1881.08108108,19.11805
6.39252336,0.444444444,1945.94594595,10.87428
6.56074766,0.444444444,1945.94594595,8.077747
6.72897196,0.444444444,1978.37837838,10.5
6.89719626,0.444444444,2010.81081081,9
7.06542056,0.444444444,2043.24324324,8.455767
7.23364486,0.444444444,2108.10810811,7.794229
7.40186916,0.444444444,2172.97297297,7.035624
7.57009346,0.444444444,2237.83783784,4.636809
7.73831776,0.444444444,2367.56756757,6.363961
7.90654206,0.444444444,2400,5.408327
8.07476636,0.444444444,2464.86486486,3.774917
8.24299065,0.444444444,2562.16216216,10.63015
8.41121495,0.444444444,2594.59459459,10.04988
8.57943925,0.444444444,2659.45945946,12.09339
8.74766355,0.444444444,2756.75675676,6.652067
8.91588785,0.444444444,2789.18918919,8.616844
9.08411215,0.444444444,2821.62162162,8.916277
9.25233645,0.444444444,2854.05405405,5.87367
9.42056075,0.444444444,2886.48648649,8.381527
9.58878505,0.444444444,2951.35135135,4.031129
9.75700935,0.444444444,2951.35135135,4.821825
9.92523364,0.444444444,2983.78378378,3.807887
10.0934579,0.444444444,3016.21621622,4.924429
10.2616822,0.444444444,3016.21621622,4.153312
10.4299065,0.444444444,3016.21621622,2.291288
10.5981308,0.444444444,3016.21621622,2.872281
10.7663551,0.444444444,3016.21621622,3.640055
10.9345794,0.444444444,3016.21621622,2.061553
11.1028037,0.444444444,3016.21621622,3.905125
11.271028,0.444444444,2983.78378378,1.224745
11.4392523,0.444444444,2951.35135135,7.433034
11.6074766,0.444444444,2918.91891892,9.604686
11.7757009,0.444444444,2789.18918919,9.233093
11.9439252,0.444444444,2756.75675676,8.381527
12.1121495,0.444444444,2659.45945946,10.5
12.2803738,0.444444444,2594.59459459,6.403124
12.4485981,0.444444444,2497.2972973,5.700877
12.6168224,0.444444444,2400,4.031129
12.7850467,0.444444444,2302.7027027,2.872281
12.953271,0.444444444,2075.67567568,5.196152
13.1214953,0.444444444,1945.94594595,9.552487
13.2897196,0.444444444,1881.08108108,16.38597
13.4579439,0.444444444,1621.62162162,5.787918
13.6261682,0.444444444,1491.89189189,2.345208
13.7943925,0.444444444,1394.59459459,10.06231
13.9626168,0.444444444,1297.2972973,2.061553
14.1308411,0.444444444,1264.86486486,3.605551
14.2990654,0.444444444,1232.43243243,5.91608
14.4672897,0.444444444,1200,2.872281
14.635514,0.444444444,1200,5.315073
14.8037383,0.444444444,1167.56756757,2.44949
14.9719626,0.444444444,1167.56756757,4.472136
15.1401869,0.444444444,1135.13513514,3
15.3084112,0.444444444,1135.13513514,2.44949
15.4766355,0.444444444,1135.13513514,2.44949
15.6448598,0.444444444,1135.13513514,1.414214
15.8130841,0.444444444,1135.13513514,1.732051
15.9813084,0.444444444,1135.13513514,3.316625
16.1495327,0.444444444,1102.7027027,3.391165
16.317757,0.444444444,1102.7027027,3.391165
16.4859813,0.444444444,1102.7027027,1.224745
16.6542056,0.444444444,1102.7027027,1.224745
16.8224299,0.444444444,1102.7027027,1.224745
16.9906542,0.444444444,1102.7027027,4.301163
17.1588785,0.444444444,1070.27027027,4.609772
17.3271028,0.444444444,1070.27027027,4.609772
17.4953271,0.444444444,1070.27027027,4.716991
17.6635514,0.444444444,1070.27027027,2.872281
17.8317757,0.444444444,1070.27027027,2.5
18,0.444444444,,108.0197
0,0.407407407,,77.89897
0.168224299,0.407407407,,104.696
0.336448598,0.407407407,,74.21085
0.504672897,0.407407407,,76.54574
0.672897196,0.407407407,,72.15262
0.841121495,0.407407407,,90.75792
1.00934579,0.407407407,,103.1213
1.17757009,0.407407407,,89.68974
1.34579439,0.407407407,,55.29919
1.51401869,0.407407407,,41.70132
1.68224299,0.407407407,648.648648649,19.0263
1.85046729,0.407407407,681.081081081,11.09054
2.01869159,0.407407407,681.081081081,12.16553
2.18691589,0.407407407,681.081081081,18.11077
2.35514019,0.407407407,681.081081081,22.02272
2.52336449,0.407407407,681.081081081,14.3527
2.69158879,0.407407407,713.513513514,13.08625
2.85981308,0.407407407,745.945945946,12.36932
3.02803738,0.407407407,745.945945946,10.29563
3.19626168,0.407407407,778.378378378,11.18034
3.36448598,0.407407407,778.378378378,10.81665
3.53271028,0.407407407,778.378378378,23.60085
3.70093458,0.407407407,778.378378378,22.89105
3.86915888,0.407407407,1005.40540541,23.56374
4.03738318,0.407407407,1005.40540541,17.75528
4.20560748,0.407407407,1037.83783784,11.64045
4.37383178,0.407407407,1070.27027027,8.558621
4.54205607,0.407407407,1135.13513514,5.830952
4.71028037,0.407407407,1200,2.872281
4.87850467,0.407407407,1232.43243243,5.09902
5.04672897,0.407407407,1232.43243243,3
5.21495327,0.407407407,1264.86486486,3.605551
5.38317757,0.407407407,1264.86486486,3.741657
5.55140187,0.407407407,1329.72972973,2.915476
5.71962617,0.407407407,1362.16216216,8.631338
5.88785047,0.407407407,1394.59459459,5.123475
6.05607477,0.407407407,1459.45945946,0.5
6.22429907,0.407407407,1524.32432432,1.658312
6.39252336,0.407407407,1589.18918919,2.236068
6.56074766,0.407407407,1589.18918919,5.196152
6.72897196,0.407407407,1654.05405405,2.54951
6.89719626,0.407407407,1686.48648649,5.244044
7.06542056,0.407407407,1718.91891892,12.21679
7.23364486,0.407407407,1881.08108108,11.55422
7.40186916,0.407407407,1945.94594595,3.5
7.57009346,0.407407407,1978.37837838,4.609772
7.73831776,0.407407407,2108.10810811,3.840573
7.90654206,0.407407407,2140.54054054,2.5
8.07476636,0.407407407,2205.40540541,6.726812
8.24299065,0.407407407,2335.13513514,2.692582
8.41121495,0.407407407,2400,2.692582
8.57943925,0.407407407,2497.2972973,4.062019
8.74766355,0.407407407,2529.72972973,4.153312
8.91588785,0.407407407,2594.59459459,7.874008
9.08411215,0.407407407,2627.02702703,7.81025
9.25233645,0.407407407,2724.32432432,10.97725
9.42056075,0.407407407,2756.75675676,4.153312
9.58878505,0.407407407,2821.62162162,3.082207
9.75700935,0.407407407,2854.05405405,4.301163
9.92523364,0.407407407,2918.91891892,3.5
10.0934579,0.407407407,2918.91891892,3.905125
10.2616822,0.407407407,2951.35135135,3.640055
10.4299065,0.407407407,2983.78378378,4.527693
10.5981308,0.407407407,2983.78378378,5.522681
10.7663551,0.407407407,3016.21621622,6.184658
10.9345794,0.407407407,3016.21621622,3.5
11.1028037,0.407407407,3016.21621622,3.774917
11.271028,0.407407407,3016.21621622,2.872281
11.4392523,0.407407407,3016.21621622,2.291288
11.6074766,0.407407407,2983.78378378,3.391165
11.7757009,0.407407407,2951.35135135,2.872281
11.9439252,0.407407407,2918.91891892,4.5
12.1121495,0.407407407,2821.62162162,2.915476
12.2803738,0.407407407,2756.75675676,4.716991
12.4485981,0.407407407,2659.45945946,10.06231
12.6168224,0.407407407,2594.59459459,8.485281
12.7850467,0.407407407,2497.2972973,6.519202
12.953271,0.407407407,2302.7027027,5.408327
13.1214953,0.407407407,2108.10810811,2.598076
13.2897196,0.407407407,2010.81081081,5.196152
13.4579439,0.407407407,1686.48648649,3.674235
13.6261682,0.407407407,1589.18918919,4.123106
13.7943925,0.407407407,1427.02702703,1.870829
13.9626168,0.407407407,1329.72972973,1.581139
14.1308411,0.407407407,1297.2972973,1.118034
14.2990654,0.407407407,1232.43243243,4.242641
14.4672897,0.407407407,1232.43243243,3.741657
14.635514,0.407407407,1200,4.153312
14.8037383,0.407407407,1200,4.609772
14.9719626,0.407407407,1167.56756757,1.414214
15.1401869,0.407407407,1167.56756757,1
15.3084112,0.407407407,1167.56756757,3.464102
15.4766355,0.407407407,1167.56756757,3.464102
15.6448598,0.407407407,1167.56756757,4.898979
15.8130841,0.407407407,1135.13513514,3.741657
15.9813084,0.407407407,1135.13513514,2.44949
16.1495327,0.407407407,1135.13513514,2
16.317757,0.407407407,1135.13513514,2.236068
16.4859813,0.407407407,1135.13513514,2.828427
16.6542056,0.407407407,1135.13513514,3.605551
16.8224299,0.407407407,1102.7027027,3.391165
16.9906542,0.407407407,1102.7027027,1.870829
17.1588785,0.407407407,1102.7027027,1.870829
17.3271028,0.407407407,1102.7027027,2.54951
17.4953271,0.407407407,1102.7027027,2.345208
17.6635514,0.407407407,1102.7027027,4.527693
17.8317757,0.407407407,1070.27027027,0.5
18,0.407407407,,107.9965
0,0.37037037,,52.08887
0.168224299,0.37037037,,41.51205
0.336448598,0.37037037,324.324324324,18.13146
0.504672897,0.37037037,194.594594595,12.09339
0.672897196,0.37037037,162.162162162,9.513149
0.841121495,0.37037037,162.162162162,11.89538
1.00934579,0.37037037,162.162162162,2.12132
1.17757009,0.37037037,162.162162162,4.636809
1.34579439,0.37037037,194.594594595,6.020797
1.51401869,0.37037037,194.594594595,5.59017
1.68224299,0.37037037,194.594594595,8.261356
1.85046729,0.37037037,194.594594595,12.57975
2.01869159,0.37037037,227.027027027,13.63818
2.18691589,0.37037037,259.459459459,13.91043
2.35514019,0.37037037,259.459459459,13.91043
2.52336449,0.37037037,291.891891892,1.224745
2.69158879,0.37037037,324.324324324,6.689544
2.85981308,0.37037037,356.756756757,2.5
3.02803738,0.37037037,356.756756757,3.640055
3.19626168,0.37037037,389.189189189,4.821825
3.36448598,0.37037037,454.054054054,10.17349
3.53271028,0.37037037,454.054054054,9.565563
3.70093458,0.37037037,454.054054054,5.787918
3.86915888,0.37037037,454.054054054,6.363961
4.03738318,0.37037037,486.486486486,10.23474
4.20560748,0.37037037,518.918918919,5.17204
4.37383178,0.37037037,551.351351351,4.031129
4.54205607,0.37037037,583.783783784,6.576473
4.71028037,0.37037037,616.216216216,3.905125
4.87850467,0.37037037,648.648648649,4.358899
5.04672897,0.37037037,648.648648649,5.744563
5.21495327,0.37037037,713.513513514,5.85235
5.38317757,0.37037037,745.945945946,8.602325
5.55140187,0.37037037,778.378378378,12.40967
5.71962617,0.37037037,810.810810811,9.124144
5.88785047,0.37037037,843.243243243,11.28051
6.05607477,0.37037037,1005.40540541,10.73546
6.22429907,0.37037037,1070.27027027,6.184658
6.39252336,0.37037037,1135.13513514,4.582576
6.56074766,0.37037037,1167.56756757,4.582576
6.72897196,0.37037037,1297.2972973,1.5
6.89719626,0.37037037,1362.16216216,2.345208
7.06542056,0.37037037,1394.59459459,2.692582
7.23364486,0.37037037,1491.89189189,2.54951
7.40186916,0.37037037,1621.62162162,6.442049
7.57009346,0.37037037,1654.05405405,3.937004
7.73831776,0.37037037,1751.35135135,5.024938
7.90654206,0.37037037,1751.35135135,3.905125
8.07476636,0.37037037,1881.08108108,8.276473
8.24299065,0.37037037,2010.81081081,6.164414
8.41121495,0.37037037,2075.67567568,5.477226
8.57943925,0.37037037,2172.97297297,4.1833
8.74766355,0.37037037,2205.40540541,3.774917
8.91588785,0.37037037,2302.7027027,5.024938
9.08411215,0.37037037,2367.56756757,0.7071068
9.25233645,0.37037037,2400,3.640055
9.42056075,0.37037037,2497.2972973,2.54951
9.58878505,0.37037037,2594.59459459,4.690416
9.75700935,0.37037037,2627.02702703,4.472136
9.92523364,0.37037037,2724.32432432,4.636809
10.0934579,0.37037037,2724.32432432,6.519202
10.2616822,0.37037037,2789.18918919,5.678908
10.4299065,0.37037037,2821.62162162,2.915476
10.5981308,0.37037037,2854.05405405,3.082207
10.7663551,0.37037037,2918.91891892,5.59017
10.9345794,0.37037037,2951.35135135,4.153312
11.1028037,0.37037037,2951.35135135,5.678908
11.271028,0.37037037,2983.78378378,5.338539
11.4392523,0.37037037,3016.21621622,4.716991
11.6074766,0.37037037,3016.21621622,5.024938
11.7757009,0.37037037,3016.21621622,3.201562
11.9439252,0.37037037,3016.21621622,5.678908
12.1121495,0.37037037,3016.21621622,3.201562
12.2803738,0.37037037,2983.78378378,4.527693
12.4485981,0.37037037,2951.35135135,3.041381
12.6168224,0.37037037,2854.05405405,9.721111
12.7850467,0.37037037,2789.18918919,4.153312
12.953271,0.37037037,2594.59459459,9.899495
13.1214953,0.37037037,2400,6.946222
13.2897196,0.37037037,2237.83783784,3.535534
13.4579439,0.37037037,1945.94594595,1.802776
13.6261682,0.37037037,1686.48648649,9.66954
13.7943925,0.37037037,1556.75675676,6.22495
13.9626168,0.37037037,1394.59459459,9.013878
14.1308411,0.37037037,1362.16216216,1.870829
14.2990654,0.37037037,1297.2972973,3.774917
14.4672897,0.37037037,1264.86486486,3.464102
14.635514,0.37037037,1264.86486486,4.898979
14.8037383,0.37037037,1232.43243243,3.741657
14.9719626,0.37037037,1200,5.024938
15.1401869,0.37037037,1200,2.061553
15.3084112,0.37037037,1167.56756757,4.123106
15.4766355,0.37037037,1167.56756757,4.123106
15.6448598,0.37037037,1167.56756757,3
15.8130841,0.37037037,1167.56756757,2.828427
15.9813084,0.37037037,1167.56756757,3
16.1495327,0.37037037,1167.56756757,3
16.317757,0.37037037,1135.13513514,4.472136
16.4859813,0.37037037,1135.13513514,3.605551
16.6542056,0.37037037,1135.13513514,3
16.8224299,0.37037037,1135.13513514,3
16.9906542,0.37037037,1135.13513514,4.242641
17.1588785,0.37037037,1135.13513514,4.242641
17.3271028,0.37037037,1102.7027027,3.082207
17.4953271,0.37037037,1102.7027027,4.527693
17.6635514,0.37037037,1102.7027027,2.12132
17.8317757,0.37037037,1070.27027027,4.609772
18,0.37037037,,108.969
0,0.333333333,,71.53496
0.168224299,0.333333333,64.8648648649,13.00961
0.336448598,0.333333333,97.2972972973,2
0.504672897,0.333333333,97.2972972973,2
0.672897196,0.333333333,97.2972972973,2
0.841121495,0.333333333,97.2972972973,2
1.00934579,0.333333333,97.2972972973,2
1.17757009,0.333333333,97.2972972973,2
1.34579439,0.333333333,97.2972972973,4.123106
1.51401869,0.333333333,97.2972972973,5.385165
1.68224299,0.333333333,97.2972972973,5.385165
1.85046729,0.333333333,97.2972972973,5.385165
2.01869159,0.333333333,129.72972973,3.201562
2.18691589,0.333333333,129.72972973,4.5
2.35514019,0.333333333,129.72972973,8.077747
2.52336449,0.333333333,162.162162162,5.43139
2.69158879,0.333333333,194.594594595,6.020797
2.85981308,0.333333333,194.594594595,5.123475
3.02803738,0.333333333,194.594594595,5.024938
3.19626168,0.333333333,194.594594595,5.937171
3.36448598,0.333333333,227.027027027,5.744563
3.53271028,0.333333333,227.027027027,3.605551
3.70093458,0.333333333,227.027027027,3.605551
3.86915888,0.333333333,227.027027027,3.605551
4.03738318,0.333333333,227.027027027,3.605551
4.20560748,0.333333333,259.459459459,4.301163
4.37383178,0.333333333,259.459459459,8.396428
4.54205607,0.333333333,259.459459459,11.68332
4.71028037,0.333333333,356.756756757,5.220153
4.87850467,0.333333333,389.189189189,3.201562
5.04672897,0.333333333,454.054054054,9.192388
5.21495327,0.333333333,486.486486486,7.399324
5.38317757,0.333333333,518.918918919,5.17204
5.55140187,0.333333333,551.351351351,3.354102
5.71962617,0.333333333,583.783783784,5.220153
5.88785047,0.333333333,648.648648649,5.385165
6.05607477,0.333333333,713.513513514,3.640055
6.22429907,0.333333333,778.378378378,5.744563
6.39252336,0.333333333,843.243243243,3.5
6.56074766,0.333333333,875.675675676,5.385165
6.72897196,0.333333333,1005.40540541,3.201562
6.89719626,0.333333333,1037.83783784,4.301163
7.06542056,0.333333333,1135.13513514,3
7.23364486,0.333333333,1200,5.315073
7.40186916,0.333333333,1362.16216216,2.345208
7.57009346,0.333333333,1394.59459459,5.59017
7.73831776,0.333333333,1621.62162162,7.17635
7.90654206,0.333333333,1654.05405405,5.787918
8.07476636,0.333333333,1718.91891892,6.576473
8.24299065,0.333333333,1783.78378378,6.442049
8.41121495,0.333333333,1816.21621622,5.244044
8.57943925,0.333333333,1881.08108108,5.522681
8.74766355,0.333333333,1881.08108108,5.522681
8.91588785,0.333333333,2043.24324324,6.442049
9.08411215,0.333333333,2108.10810811,6.98212
9.25233645,0.333333333,2205.40540541,3.774917
9.42056075,0.333333333,2270.27027027,3.5
9.58878505,0.333333333,2367.56756757,4.743416
9.75700935,0.333333333,2432.43243243,4.153312
9.92523364,0.333333333,2562.16216216,2.828427
10.0934579,0.333333333,2562.16216216,3.605551
10.2616822,0.333333333,2594.59459459,5.385165
10.4299065,0.333333333,2659.45945946,6.800735
10.5981308,0.333333333,2691.89189189,8.031189
10.7663551,0.333333333,2756.75675676,11.71537
10.9345794,0.333333333,2789.18918919,7.017834
11.1028037,0.333333333,2854.05405405,4.743416
11.271028,0.333333333,2918.91891892,8.674676
11.4392523,0.333333333,2951.35135135,5.85235
11.6074766,0.333333333,2951.35135135,4.609772
11.7757009,0.333333333,2983.78378378,6.204837
11.9439252,0.333333333,3016.21621622,5.123475
12.1121495,0.333333333,3048.64864865,4.242641
12.2803738,0.333333333,3048.64864865,5.09902
12.4485981,0.333333333,3048.64864865,5.09902
12.6168224,0.333333333,2983.78378378,4.949747
12.7850467,0.333333333,2918.91891892,7.566373
12.953271,0.333333333,2821.62162162,4.1833
13.1214953,0.333333333,2562.16216216,2.828427
13.2897196,0.333333333,2432.43243243,4.153312
13.4579439,0.333333333,2043.24324324,6.284903
13.6261682,0.333333333,1881.08108108,11.0227
13.7943925,0.333333333,1654.05405405,4.636809
13.9626168,0.333333333,1491.89189189,4.301163
14.1308411,0.333333333,1427.02702703,3.082207
14.2990654,0.333333333,1297.2972973,2.872281
14.4672897,0.333333333,1297.2972973,2.872281
14.635514,0.333333333,1264.86486486,2.828427
14.8037383,0.333333333,1232.43243243,3.316625
14.9719626,0.333333333,1200,5.315073
15.1401869,0.333333333,1200,2.872281
15.3084112,0.333333333,1167.56756757,3.464102
15.4766355,0.333333333,1167.56756757,3.464102
15.6448598,0.333333333,1167.56756757,3.464102
15.8130841,0.333333333,1167.56756757,3
15.9813084,0.333333333,1167.56756757,3
16.1495327,0.333333333,1167.56756757,3
16.317757,0.333333333,1135.13513514,4.582576
16.4859813,0.333333333,1135.13513514,3.741657
16.6542056,0.333333333,1135.13513514,3.741657
16.8224299,0.333333333,1135.13513514,3.741657
16.9906542,0.333333333,1135.13513514,3.741657
17.1588785,0.333333333,1135.13513514,3.741657
17.3271028,0.333333333,1135.13513514,3.741657
17.4953271,0.333333333,1102.7027027,2.345208
17.6635514,0.333333333,1102.7027027,4.527693
17.8317757,0.333333333,1167.56756757,4.242641
18,0.333333333,,112.7043
0,0.296296296,,80.05155
0.168224299,0.296296296,32.4324324324,17.11724
0.336448598,0.296296296,32.4324324324,27.313
0.504672897,0.296296296,32.4324324324,27.313
0.672897196,0.296296296,32.4324324324,27.313
0.841121495,0.296296296,32.4324324324,27.313
1.00934579,0.296296296,32.4324324324,27.313
1.17757009,0.296296296,32.4324324324,27.313
1.34579439,0.296296296,32.4324324324,29.83287
1.51401869,0.296296296,32.4324324324,30.4959
1.68224299,0.296296296,32.4324324324,30.4959
1.85046729,0.296296296,32.4324324324,30.4959
2.01869159,0.296296296,32.4324324324,33.07567
2.18691589,0.296296296,,35.85038
2.35514019,0.296296296,,35.14612
2.52336449,0.296296296,,38.20995
2.69158879,0.296296296,,39.57272
2.85981308,0.296296296,,42.07137
3.02803738,0.296296296,,43.3705
3.19626168,0.296296296,,44.69899
3.36448598,0.296296296,,47.43416
3.53271028,0.296296296,,48.31408
3.70093458,0.296296296,,48.31408
3.86915888,0.296296296,,48.31408
4.03738318,0.296296296,,48.31408
4.20560748,0.296296296,,45.8939
4.37383178,0.296296296,,43.95737
4.54205607,0.296296296,,45.62072
4.71028037,0.296296296,,50.26679
4.87850467,0.296296296,,45.30728
5.04672897,0.296296296,,47.81997
5.21495327,0.296296296,,41.97023
5.38317757,0.296296296,,39.95623
5.55140187,0.296296296,,38.08543
5.71962617,0.296296296,,38.662
5.88785047,0.296296296,,38.12152
6.05607477,0.296296296,,36.62308
6.22429907,0.296296296,,35.39774
6.39252336,0.296296296,745.945945946,33.95585
6.56074766,0.296296296,,36.35932
6.72897196,0.296296296,,43.41083
6.89719626,0.296296296,,41.80311
7.06542056,0.296296296,,38.48376
7.23364486,0.296296296,,35.22783
7.40186916,0.296296296,1329.72972973,32.27228
7.57009346,0.296296296,1394.59459459,32.37669
7.73831776,0.296296296,1524.32432432,31.82373
7.90654206,0.296296296,1524.32432432,34.21622
8.07476636,0.296296296,,35.69314
8.24299065,0.296296296,,40.37945
8.41121495,0.296296296,,38.95189
8.57943925,0.296296296,2010.81081081,26.55184
8.74766355,0.296296296,2010.81081081,23.93742
8.91588785,0.296296296,2140.54054054,32.57683
9.08411215,0.296296296,,35.4048
9.25233645,0.296296296,,35.12122
9.42056075,0.296296296,2302.7027027,32.791
9.58878505,0.296296296,2367.56756757,30.30676
9.75700935,0.296296296,2400,31.06847
9.92523364,0.296296296,,38.04274
10.0934579,0.296296296,,40.12481
10.2616822,0.296296296,,42.56759
10.4299065,0.296296296,,44.46909
10.5981308,0.296296296,,41.68333
10.7663551,0.296296296,,37.09784
10.9345794,0.296296296,,37.40655
11.1028037,0.296296296,2886.48648649,31.29297
11.271028,0.296296296,2886.48648649,29.19332
11.4392523,0.296296296,2886.48648649,31.57927
11.6074766,0.296296296,2951.35135135,33.69347
11.7757009,0.296296296,3016.21621622,33.57454
11.9439252,0.296296296,3016.21621622,32.76049
12.1121495,0.296296296,3048.64864865,32.18695
12.2803738,0.296296296,3113.51351351,32.15587
12.4485981,0.296296296,3048.64864865,31.79623
12.6168224,0.296296296,3016.21621622,29.83706
12.7850467,0.296296296,2951.35135135,27.00463
12.953271,0.296296296,2886.48648649,26.80019
13.1214953,0.296296296,,36.68787
13.2897196,0.296296296,,35.41539
13.4579439,0.296296296,,35.59846
13.6261682,0.296296296,,48.36579
13.7943925,0.296296296,1589.18918919,31.27299
13.9626168,0.296296296,1394.59459459,30.31914
14.1308411,0.296296296,1394.59459459,33.94481
14.2990654,0.296296296,1329.72972973,33.87477
14.4672897,0.296296296,1264.86486486,33.74907
14.635514,0.296296296,1264.86486486,33.66007
14.8037383,0.296296296,1232.43243243,34.88553
14.9719626,0.296296296,,35.59494
15.1401869,0.296296296,,35.8922
15.3084112,0.296296296,,37.48666
15.4766355,0.296296296,,37.48666
15.6448598,0.296296296,,37.48666
15.8130841,0.296296296,,37.80212
15.9813084,0.296296296,,37.80212
16.1495327,0.296296296,,37.80212
16.317757,0.296296296,,37.26929
16.4859813,0.296296296,,37.33631
16.6542056,0.296296296,,37.33631
16.8224299,0.296296296,,37.33631
16.9906542,0.296296296,,37.33631
17.1588785,0.296296296,,37.33631
17.3271028,0.296296296,,37.33631
17.4953271,0.296296296,1135.13513514,34.53983
17.6635514,0.296296296,1135.13513514,34.68429
17.8317757,0.296296296,,40.32369
18,0.296296296,,99.56531
0,0.259259259,,142.0818
0.168224299,0.259259259,,150.8385
0.336448598,0.259259259,,158.2411
0.504672897,0.259259259,,158.2411
0.672897196,0.259259259,,158.2411
0.841121495,0.259259259,,158.2411
1.00934579,0.259259259,,158.2411
1.17757009,0.259259259,,158.2411
1.34579439,0.259259259,,156.1802
1.51401869,0.259259259,,156.1802
1.68224299,0.259259259,,156.1802
1.85046729,0.259259259,,156.1802
2.01869159,0.259259259,,155.5
2.18691589,0.259259259,,156.1802
2.35514019,0.259259259,,156.1802
2.52336449,0.259259259,,156.3242
2.69158879,0.259259259,,156.3242
2.85981308,0.259259259,,156.3242
3.02803738,0.259259259,,156.3242
3.19626168,0.259259259,,156.3242
3.36448598,0.259259259,,157.7157
3.53271028,0.259259259,,156.8638
3.70093458,0.259259259,,156.8638
3.86915888,0.259259259,,156.8638
4.03738318,0.259259259,,157.039
4.20560748,0.259259259,,156.8638
4.37383178,0.259259259,,156.8638
4.54205607,0.259259259,,156.3338
4.71028037,0.259259259,,157.7347
4.87850467,0.259259259,,157.0199
5.04672897,0.259259259,,156.3338
5.21495327,0.259259259,,155.0008
5.38317757,0.259259259,,154.1501
5.55140187,0.259259259,,154.1501
5.71962617,0.259259259,,154.9427
5.88785047,0.259259259,,154.3284
6.05607477,0.259259259,,150.3704
6.22429907,0.259259259,,147.8082
6.39252336,0.259259259,,143.4826
6.56074766,0.259259259,,141.1072
6.72897196,0.259259259,,148.4427
6.89719626,0.259259259,,148.4427
7.06542056,0.259259259,,148.4427
7.23364486,0.259259259,,147.622
7.40186916,0.259259259,,148.0718
7.57009346,0.259259259,,147.5305
7.73831776,0.259259259,,148.8968
7.90654206,0.259259259,,149.7239
8.07476636,0.259259259,,149.3628
8.24299065,0.259259259,,148.7153
8.41121495,0.259259259,,150.1408
8.57943925,0.259259259,,152.6114
8.74766355,0.259259259,,153.1902
8.91588785,0.259259259,,150.8319
9.08411215,0.259259259,,152.8471
9.25233645,0.259259259,,154.7296
9.42056075,0.259259259,,155.2715
9.58878505,0.259259259,,158.7585
9.75700935,0.259259259,,158.7837
9.92523364,0.259259259,,157.4873
10.0934579,0.259259259,,156.7809
10.2616822,0.259259259,,158.1969
10.4299065,0.259259259,,158.8687
10.5981308,0.259259259,,158.8687
10.7663551,0.259259259,,158.2127
10.9345794,0.259259259,,158.1716
11.1028037,0.259259259,,158.8057
11.271028,0.259259259,,158.7585
11.4392523,0.259259259,,156.6756
11.6074766,0.259259259,,159.0102
11.7757009,0.259259259,,157.7474
11.9439252,0.259259259,,156.4457
12.1121495,0.259259259,,155.5611
12.2803738,0.259259259,,154.2668
12.4485981,0.259259259,,154.4903
12.6168224,0.259259259,,157.0581
12.7850467,0.259259259,,158.0862
12.953271,0.259259259,,158.0419
13.1214953,0.259259259,,157.2967
13.2897196,0.259259259,,158.1969
13.4579439,0.259259259,,147.0825
13.6261682,0.259259259,,144.1986
13.7943925,0.259259259,,145.8672
13.9626168,0.259259259,,149.7239
14.1308411,0.259259259,,151.0207
14.2990654,0.259259259,,147.7879
14.4672897,0.259259259,,148.0718
14.635514,0.259259259,,148.5471
14.8037383,0.259259259,,148.4427
14.9719626,0.259259259,,148.4427
15.1401869,0.259259259,,148.4427
15.3084112,0.259259259,,147.8082
15.4766355,0.259259259,,147.8082
15.6448598,0.259259259,,147.8082
15.8130841,0.259259259,,148.4427
15.9813084,0.259259259,,148.4427
16.1495327,0.259259259,,148.4427
16.317757,0.259259259,,151.0207
16.4859813,0.259259259,,151.6748
16.6542056,0.259259259,,151.6748
16.8224299,0.259259259,,151.6748
16.9906542,0.259259259,,151.6748
17.1588785,0.259259259,,151.6748
17.3271028,0.259259259,,151.6748
17.4953271,0.259259259,,148.9841
17.6635514,0.259259259,,147.8082
17.8317757,0.259259259,,139.9473
18,0.259259259,,155.0008
0,0.222222222,,156.2538
0.168224299,0.222222222,,147.1708
0.336448598,0.222222222,,160.007
0.504672897,0.222222222,,160.007
0.672897196,0.222222222,,160.007
0.841121495,0.222222222,,160.007
1.00934579,0.222222222,,160.007
1.17757009,0.222222222,,160.007
1.34579439,0.222222222,,160.7117
1.51401869,0.222222222,,160.7117
1.68224299,0.222222222,,160.7117
1.85046729,0.222222222,,160.7117
2.01869159,0.222222222,,160.7117
2.18691589,0.222222222,,160.7117
2.35514019,0.222222222,,160.7117
2.52336449,0.222222222,,159.1265
2.69158879,0.222222222,,159.1265
2.85981308,0.222222222,,159.1265
3.02803738,0.222222222,,159.1265
3.19626168,0.222222222,,159.1265
3.36448598,0.222222222,,159.1265
3.53271028,0.222222222,,159.8351
3.70093458,0.222222222,,159.8351
3.86915888,0.222222222,,159.8351
4.03738318,0.222222222,,159.8351
4.20560748,0.222222222,,159.8351
4.37383178,0.222222222,,159.8351
4.54205607,0.222222222,,159.8351
4.71028037,0.222222222,,159.1265
4.87850467,0.222222222,,158.4432
5.04672897,0.222222222,,159.1265
5.21495327,0.222222222,,159.1548
5.38317757,0.222222222,,158.4779
5.55140187,0.222222222,,158.8151
5.71962617,0.222222222,,159.3024
5.88785047,0.222222222,,159.431
6.05607477,0.222222222,,156.4936
6.22429907,0.222222222,,157.6079
6.39252336,0.222222222,,157.9122
6.56074766,0.222222222,,158.0736
6.72897196,0.222222222,,158.0261
6.89719626,0.222222222,,158.3043
7.06542056,0.222222222,,158.6072
7.23364486,0.222222222,,159.1077
7.40186916,0.222222222,,158.4148
7.57009346,0.222222222,,158.4148
7.73831776,0.222222222,,159.5815
7.90654206,0.222222222,,159.5815
8.07476636,0.222222222,,160.2724
8.24299065,0.222222222,,160.2724
8.41121495,0.222222222,,160.4127
8.57943925,0.222222222,,159.8538
8.74766355,0.222222222,,159.1517
8.91588785,0.222222222,,159.1548
9.08411215,0.222222222,,159.8351
9.25233645,0.222222222,,159.1265
9.42056075,0.222222222,,157.1027
9.58878505,0.222222222,,156.2154
9.75700935,0.222222222,,155.3649
9.92523364,0.222222222,,160.8703
10.0934579,0.222222222,,159.3055
10.2616822,0.222222222,,159.3055
10.4299065,0.222222222,,155.6671
10.5981308,0.222222222,,156.3753
10.7663551,0.222222222,,156.6948
10.9345794,0.222222222,,156.3594
11.1028037,0.222222222,,158.4558
11.271028,0.222222222,,157.7569
11.4392523,0.222222222,,157.373
11.6074766,0.222222222,,154.4288
11.7757009,0.222222222,,155.5
11.9439252,0.222222222,,154.9653
12.1121495,0.222222222,,152.4049
12.2803738,0.222222222,,154.03
12.4485981,0.222222222,,155.1362
12.6168224,0.222222222,,154.0625
12.7850467,0.222222222,,153.8904
12.953271,0.222222222,,156.0104
13.1214953,0.222222222,,159.1548
13.2897196,0.222222222,,159.8351
13.4579439,0.222222222,,159.6629
13.6261682,0.222222222,,159.6629
13.7943925,0.222222222,,158.7868
13.9626168,0.222222222,,158.3075
14.1308411,0.222222222,,158.1653
14.2990654,0.222222222,,159.1077
14.4672897,0.222222222,,159.1077
14.635514,0.222222222,,159.1077
14.8037383,0.222222222,,157.7157
14.9719626,0.222222222,,157.7157
15.1401869,0.222222222,,157.7157
15.3084112,0.222222222,,159.1077
15.4766355,0.222222222,,159.1077
15.6448598,0.222222222,,159.1077
15.8130841,0.222222222,,159.1077
15.9813084,0.222222222,,159.1077
16.1495327,0.222222222,,159.1077
16.317757,0.222222222,,159.4655
16.4859813,0.222222222,,160.1663
16.6542056,0.222222222,,160.1663
16.8224299,0.222222222,,160.1663
16.9906542,0.222222222,,160.1663
17.1588785,0.222222222,,160.1663
17.3271028,0.222222222,,160.1663
17.4953271,0.222222222,,158.2695
17.6635514,0.222222222,,158.7868
17.8317757,0.222222222,,160.8703
18,0.222222222,,156.5415
0,0.185185185,,159.1548
0.168224299,0.185185185,,159.8132
0.336448598,0.185185185,,159.1077
0.504672897,0.185185185,,159.1077
0.672897196,0.185185185,,159.1077
0.841121495,0.185185185,,159.1077
1.00934579,0.185185185,,159.1077
1.17757009,0.185185185,,159.1077
1.34579439,0.185185185,,160.5031
1.51401869,0.185185185,,160.5031
1.68224299,0.185185185,,160.5031
1.85046729,0.185185185,,160.5031
2.01869159,0.185185185,,160.5031
2.18691589,0.185185185,,160.5031
2.35514019,0.185185185,,160.5031
2.52336449,0.185185185,,158.4148
2.69158879,0.185185185,,158.4148
2.85981308,0.185185185,,157.0231
3.02803738,0.185185185,,158.4148
3.19626168,0.185185185,,158.4148
3.36448598,0.185185185,,157.0231
3.53271028,0.185185185,,159.1108
3.70093458,0.185185185,,159.1108
3.86915888,0.185185185,,159.1108
4.03738318,0.185185185,,157.7189
4.20560748,0.185185185,,158.4211
4.37383178,0.185185185,,159.8132
4.54205607,0.185185185,,158.4116
4.71028037,0.185185185,,155.5
4.87850467,0.185185185,,156.8638
5.04672897,0.185185185,,158.4148
5.21495327,0.185185185,,158.4116
5.38317757,0.185185185,,158.4211
5.55140187,0.185185185,,158.4211
5.71962617,0.185185185,,158.4527
5.88785047,0.185185185,,158.4527
6.05607477,0.185185185,,158.7679
6.22429907,0.185185185,,158.238
6.39252336,0.185185185,,158.4148
6.56074766,0.185185185,,158.4148
6.72897196,0.185185185,,156.9052
6.89719626,0.185185185,,157.7538
7.06542056,0.185185185,,158.7679
7.23364486,0.185185185,,158.2411
7.40186916,0.185185185,,157.0231
7.57009346,0.185185185,,157.0231
7.73831776,0.185185185,,158.9693
7.90654206,0.185185185,,158.9693
8.07476636,0.185185185,,158.4842
8.24299065,0.185185185,,159.431
8.41121495,0.185185185,,159.0039
8.57943925,0.185185185,,158.0736
8.74766355,0.185185185,,158.0736
8.91588785,0.185185185,,159.1077
9.08411215,0.185185185,,159.8038
9.25233645,0.185185185,,158.4148
9.42056075,0.185185185,,158.0736
9.58878505,0.185185185,,158.0736
9.75700935,0.185185185,,158.0736
9.92523364,0.185185185,,160.1663
10.0934579,0.185185185,,159.4655
10.2616822,0.185185185,,158.7679
10.4299065,0.185185185,,156.0104
10.5981308,0.185185185,,156.0104
10.7663551,0.185185185,,155.3295
10.9345794,0.185185185,,157.373
11.1028037,0.185185185,,159.4969
11.271028,0.185185185,,160.1819
11.4392523,0.185185185,,160.8703
11.6074766,0.185185185,,161.2056
11.7757009,0.185185185,,160.5031
11.9439252,0.185185185,,159.8038
12.1121495,0.185185185,,155.8116
12.2803738,0.185185185,,157.4651
12.4485981,0.185185185,,159.1517
12.6168224,0.185185185,,159.641
12.7850467,0.185185185,,160.5187
12.953271,0.185185185,,160.5187
13.1214953,0.185185185,,160.1663
13.2897196,0.185185185,,160.1663
13.4579439,0.185185185,,160.5592
13.6261682,0.185185185,,158.727
13.7943925,0.185185185,,156.2602
13.9626168,0.185185185,,152.7162
14.1308411,0.185185185,,150.5897
14.2990654,0.185185185,,158.4148
14.4672897,0.185185185,,158.4148
14.635514,0.185185185,,158.4148
14.8037383,0.185185185,,157.0231
14.9719626,0.185185185,,157.0231
15.1401869,0.185185185,,157.0231
15.3084112,0.185185185,,157.5413
15.4766355,0.185185185,,157.5413
15.6448598,0.185185185,,157.5413
15.8130841,0.185185185,,159.1077
15.9813084,0.185185185,,159.1077
16.1495327,0.185185185,,159.1077
16.317757,0.185185185,,157.3825
16.4859813,0.185185185,,157.3825
16.6542056,0.185185185,,157.3825
16.8224299,0.185185185,,157.3825
16.9906542,0.185185185,,157.3825
17.1588785,0.185185185,,157.3825
17.3271028,0.185185185,,157.3825
17.4953271,0.185185185,,155.6896
17.6635514,0.185185185,,157.7569
17.8317757,0.185185185,,159.8538
18,0.185185185,,156.0617
0,0.148148148,,160.3473
0.168224299,0.148148148,,160.5187
0.336448598,0.148148148,,160.3317
0.504672897,0.148148148,,160.3317
0.672897196,0.148148148,,160.3317
0.841121495,0.148148148,,160.3317
1.00934579,0.148148148,,160.3317
1.17757009,0.148148148,,160.3317
1.34579439,0.148148148,,160.3473
1.51401869,0.148148148,,160.3473
1.68224299,0.148148148,,160.3473
1.85046729,0.148148148,,160.3473
2.01869159,0.148148148,,160.3473
2.18691589,0.148148148,,160.3473
2.35514019,0.148148148,,160.3473
2.52336449,0.148148148,,157.7569
2.69158879,0.148148148,,157.7569
2.85981308,0.148148148,,157.7569
3.02803738,0.148148148,,157.7569
3.19626168,0.148148148,,157.7569
3.36448598,0.148148148,,157.7569
3.53271028,0.148148148,,159.5658
3.70093458,0.148148148,,159.5658
3.86915888,0.148148148,,159.5658
4.03738318,0.148148148,,159.5658
4.20560748,0.148148148,,159.5658
4.37383178,0.148148148,,159.5658
4.54205607,0.148148148,,159.7068
4.71028037,0.148148148,,158.1621
4.87850467,0.148148148,,158.3043
5.04672897,0.148148148,,158.6072
5.21495327,0.148148148,,159.3055
5.38317757,0.148148148,,159.6316
5.55140187,0.148148148,,159.6316
5.71962617,0.148148148,,160.5187
5.88785047,0.148148148,,160.5187
6.05607477,0.148148148,,161.2056
6.22429907,0.148148148,,161.0349
6.39252336,0.148148148,,159.641
6.56074766,0.148148148,,159.641
6.72897196,0.148148148,,158.4779
6.89719626,0.148148148,,158.4779
7.06542056,0.148148148,,158.4779
7.23364486,0.148148148,,158.4779
7.40186916,0.148148148,,158.8151
7.57009346,0.148148148,,158.5
7.73831776,0.148148148,,160.5187
7.90654206,0.148148148,,160.5187
8.07476636,0.148148148,,160.5187
8.24299065,0.148148148,,160.5187
8.41121495,0.148148148,,159.8351
8.57943925,0.148148148,,159.8351
8.74766355,0.148148148,,159.8351
8.91588785,0.148148148,,157.5508
9.08411215,0.148148148,,158.4148
9.25233645,0.148148148,,158.4148
9.42056075,0.148148148,,158.4148
9.58878505,0.148148148,,159.1077
9.75700935,0.148148148,,159.1077
9.92523364,0.148148148,,158.9347
10.0934579,0.148148148,,158.9347
10.2616822,0.148148148,,159.6316
10.4299065,0.148148148,,158.9347
10.5981308,0.148148148,,158.9347
10.7663551,0.148148148,,158.9347
10.9345794,0.148148148,,159.1108
11.1028037,0.148148148,,159.1265
11.271028,0.148148148,,159.8132
11.4392523,0.148148148,,160.5187
11.6074766,0.148148148,,160.5187
11.7757009,0.148148148,,160.3473
11.9439252,0.148148148,,161.0349
12.1121495,0.148148148,,160.5187
12.2803738,0.148148148,,160.3473
12.4485981,0.148148148,,160.3473
12.6168224,0.148148148,,160.3473
12.7850467,0.148148148,,160.3473
12.953271,0.148148148,,160.3473
13.1214953,0.148148148,,160.2724
13.2897196,0.148148148,,160.4127
13.4579439,0.148148148,,160.0227
13.6261682,0.148148148,,159.4749
13.7943925,0.148148148,,159.1108
13.9626168,0.148148148,,157.0199
14.1308411,0.148148148,,156.3242
14.2990654,0.148148148,,157.8045
14.4672897,0.148148148,,157.8045
14.635514,0.148148148,,158.4779
14.8037383,0.148148148,,158.4779
14.9719626,0.148148148,,158.3043
15.1401869,0.148148148,,158.9819
15.3084112,0.148148148,,158.8151
15.4766355,0.148148148,,158.8151
15.6448598,0.148148148,,158.8151
15.8130841,0.148148148,,158.8151
15.9813084,0.148148148,,158.8151
16.1495327,0.148148148,,158.8151
16.317757,0.148148148,,160.5187
16.4859813,0.148148148,,160.5187
16.6542056,0.148148148,,160.5187
16.8224299,0.148148148,,160.5187
16.9906542,0.148148148,,160.5187
17.1588785,0.148148148,,160.5187
17.3271028,0.148148148,,160.5187
17.4953271,0.148148148,,157.9122
17.6635514,0.148148148,,158.9347
17.8317757,0.148148148,,159.8351
18,0.148148148,,159.8132
0,0.111111111,,160.3317
0.168224299,0.111111111,,158.7679
0.336448598,0.111111111,,160.5187
0.504672897,0.111111111,,160.5187
0.672897196,0.111111111,,160.5187
0.841121495,0.111111111,,160.5187
1.00934579,0.111111111,,160.5187
1.17757009,0.111111111,,160.5187
1.34579439,0.111111111,,160.5187
1.51401869,0.111111111,,160.5187
1.68224299,0.111111111,,160.5187
1.85046729,0.111111111,,160.5187
2.01869159,0.111111111,,160.5187
2.18691589,0.111111111,,160.5187
2.35514019,0.111111111,,160.5187
2.52336449,0.111111111,,160.5187
2.69158879,0.111111111,,160.5187
2.85981308,0.111111111,,160.5187
3.02803738,0.111111111,,160.5187
3.19626168,0.111111111,,160.5187
3.36448598,0.111111111,,160.5187
3.53271028,0.111111111,,159.6629
3.70093458,0.111111111,,159.6629
3.86915888,0.111111111,,159.6629
4.03738318,0.111111111,,159.6629
4.20560748,0.111111111,,159.6629
4.37383178,0.111111111,,159.6629
4.54205607,0.111111111,,159.6629
4.71028037,0.111111111,,158.4779
4.87850467,0.111111111,,158.4779
5.04672897,0.111111111,,159.1548
5.21495327,0.111111111,,159.1548
5.38317757,0.111111111,,159.8351
5.55140187,0.111111111,,159.8351
5.71962617,0.111111111,,161.2056
5.88785047,0.111111111,,160.5031
6.05607477,0.111111111,,159.4655
6.22429907,0.111111111,,158.4527
6.39252336,0.111111111,,156.9148
6.56074766,0.111111111,,156.9148
6.72897196,0.111111111,,159.4655
6.89719626,0.111111111,,159.6316
7.06542056,0.111111111,,159.8038
7.23364486,0.111111111,,159.8038
7.40186916,0.111111111,,159.8038
7.57009346,0.111111111,,159.8038
7.73831776,0.111111111,,158.0736
7.90654206,0.111111111,,158.0736
8.07476636,0.111111111,,157.9122
8.24299065,0.111111111,,159.1517
8.41121495,0.111111111,,159.8538
8.57943925,0.111111111,,160.5592
8.74766355,0.111111111,,160.5592
8.91588785,0.111111111,,159.8695
9.08411215,0.111111111,,160.7117
9.25233645,0.111111111,,160.7117
9.42056075,0.111111111,,161.0349
9.58878505,0.111111111,,161.2056
9.75700935,0.111111111,,159.8038
9.92523364,0.111111111,,158.8624
10.0934579,0.111111111,,159.5658
10.2616822,0.111111111,,159.5658
10.4299065,0.111111111,,160.2724
10.5981308,0.111111111,,160.2724
10.7663551,0.111111111,,160.2724
10.9345794,0.111111111,,158.4527
11.1028037,0.111111111,,157.039
11.271028,0.111111111,,157.7252
11.4392523,0.111111111,,158.2411
11.6074766,0.111111111,,158.6072
11.7757009,0.111111111,,160.007
11.9439252,0.111111111,,159.8538
12.1121495,0.111111111,,159.6629
12.2803738,0.111111111,,160.7117
12.4485981,0.111111111,,159.5658
12.6168224,0.111111111,,157.7728
12.7850467,0.111111111,,157.8963
12.953271,0.111111111,,159.5658
13.1214953,0.111111111,,160.5187
13.2897196,0.111111111,,159.8351
13.4579439,0.111111111,,160.5187
13.6261682,0.111111111,,159.8351
13.7943925,0.111111111,,158.4779
13.9626168,0.111111111,,157.8045
14.1308411,0.111111111,,157.1345
14.2990654,0.111111111,,159.8038
14.4672897,0.111111111,,159.8038
14.635514,0.111111111,,159.6316
14.8037383,0.111111111,,159.4655
14.9719626,0.111111111,,159.1517
15.1401869,0.111111111,,159.1517
15.3084112,0.111111111,,159.6316
15.4766355,0.111111111,,159.6316
15.6448598,0.111111111,,159.6316
15.8130841,0.111111111,,159.6316
15.9813084,0.111111111,,159.6316
16.1495327,0.111111111,,159.6316
16.317757,0.111111111,,160.5187
16.4859813,0.111111111,,160.5187
16.6542056,0.111111111,,160.5187
16.8224299,0.111111111,,160.5187
16.9906542,0.111111111,,160.5187
17.1588785,0.111111111,,160.5187
17.3271028,0.111111111,,160.5187
17.4953271,0.111111111,,159.8351
17.6635514,0.111111111,,159.8351
17.8317757,0.111111111,,159.1548
18,0.111111111,,159.1548
0,0.0740740741,,159.8038
0.168224299,0.0740740741,,159.1108
0.336448598,0.0740740741,,157.9122
0.504672897,0.0740740741,,157.9122
0.672897196,0.0740740741,,157.9122
0.841121495,0.0740740741,,157.9122
1.00934579,0.0740740741,,157.9122
1.17757009,0.0740740741,,157.9122
1.34579439,0.0740740741,,158.6072
1.51401869,0.0740740741,,158.6072
1.68224299,0.0740740741,,158.6072
1.85046729,0.0740740741,,158.6072
2.01869159,0.0740740741,,158.6072
2.18691589,0.0740740741,,158.6072
2.35514019,0.0740740741,,158.6072
2.52336449,0.0740740741,,161.2056
2.69158879,0.0740740741,,161.2056
2.85981308,0.0740740741,,161.2056
3.02803738,0.0740740741,,161.2056
3.19626168,0.0740740741,,161.2056
3.36448598,0.0740740741,,161.2056
3.53271028,0.0740740741,,161.0349
3.70093458,0.0740740741,,161.0349
3.86915888,0.0740740741,,161.0349
4.03738318,0.0740740741,,161.0349
4.20560748,0.0740740741,,161.0349
4.37383178,0.0740740741,,161.0349
4.54205607,0.0740740741,,161.0349
4.71028037,0.0740740741,,160.3317
4.87850467,0.0740740741,,160.3317
5.04672897,0.0740740741,,159.6316
5.21495327,0.0740740741,,158.7679
5.38317757,0.0740740741,,158.7679
5.55140187,0.0740740741,,158.7679
5.71962617,0.0740740741,,159.8351
5.88785047,0.0740740741,,159.1548
6.05607477,0.0740740741,,158.9819
6.22429907,0.0740740741,,159.4969
6.39252336,0.0740740741,,159.3369
6.56074766,0.0740740741,,159.3369
6.72897196,0.0740740741,,159.5658
6.89719626,0.0740740741,,159.7068
7.06542056,0.0740740741,,160.007
7.23364486,0.0740740741,,159.8132
7.40186916,0.0740740741,,159.8132
7.57009346,0.0740740741,,159.8132
7.73831776,0.0740740741,,159.1548
7.90654206,0.0740740741,,159.1548
8.07476636,0.0740740741,,159.1548
8.24299065,0.0740740741,,159.1548
8.41121495,0.0740740741,,159.1548
8.57943925,0.0740740741,,159.1548
8.74766355,0.0740740741,,158.9819
8.91588785,0.0740740741,,160.5187
9.08411215,0.0740740741,,160.5187
9.25233645,0.0740740741,,160.5187
9.42056075,0.0740740741,,160.5031
9.58878505,0.0740740741,,159.8038
9.75700935,0.0740740741,,159.8038
9.92523364,0.0740740741,,160.5187
10.0934579,0.0740740741,,160.5187
10.2616822,0.0740740741,,160.5187
10.4299065,0.0740740741,,160.5187
10.5981308,0.0740740741,,160.5187
10.7663551,0.0740740741,,160.5187
10.9345794,0.0740740741,,159.8132
11.1028037,0.0740740741,,159.8132
11.271028,0.0740740741,,159.8132
11.4392523,0.0740740741,,160.5187
11.6074766,0.0740740741,,160.5187
11.7757009,0.0740740741,,160.5187
11.9439252,0.0740740741,,160.5187
12.1121495,0.0740740741,,157.8045
12.2803738,0.0740740741,,160.5187
12.4485981,0.0740740741,,160.5031
12.6168224,0.0740740741,,158.7679
12.7850467,0.0740740741,,161.2056
12.953271,0.0740740741,,159.1548
13.1214953,0.0740740741,,158.9347
13.2897196,0.0740740741,,159.6316
13.4579439,0.0740740741,,160.3317
13.6261682,0.0740740741,,159.4655
13.7943925,0.0740740741,,158.7679
13.9626168,0.0740740741,,156.6948
14.1308411,0.0740740741,,155.3295
14.2990654,0.0740740741,,159.8132
14.4672897,0.0740740741,,159.8132
14.635514,0.0740740741,,159.8132
14.8037383,0.0740740741,,159.8132
14.9719626,0.0740740741,,159.8132
15.1401869,0.0740740741,,159.8132
15.3084112,0.0740740741,,159.8132
15.4766355,0.0740740741,,159.8132
15.6448598,0.0740740741,,159.8132
15.8130841,0.0740740741,,159.8132
15.9813084,0.0740740741,,159.8132
16.1495327,0.0740740741,,159.8132
16.317757,0.0740740741,,160.3473
16.4859813,0.0740740741,,160.3473
16.6542056,0.0740740741,,160.3473
16.8224299,0.0740740741,,160.3473
16.9906542,0.0740740741,,160.3473
17.1588785,0.0740740741,,160.3473
17.3271028,0.0740740741,,160.3473
17.4953271,0.0740740741,,156.3562
17.6635514,0.0740740741,,158.4148
17.8317757,0.0740740741,,157.039
18,0.0740740741,,159.8132
0,0.037037037,,160.5031
0.168224299,0.037037037,,160.5187
0.336448598,0.037037037,,159.6316
0.504672897,0.037037037,,159.6316
0.672897196,0.037037037,,159.6316
0.841121495,0.037037037,,159.6316
1.00934579,0.037037037,,159.6316
1.17757009,0.037037037,,159.6316
1.34579439,0.037037037,,159.6316
1.51401869,0.037037037,,159.6316
1.68224299,0.037037037,,159.6316
1.85046729,0.037037037,,159.6316
2.01869159,0.037037037,,159.6316
2.18691589,0.037037037,,159.6316
2.35514019,0.037037037,,159.6316
2.52336449,0.037037037,,161.2056
2.69158879,0.037037037,,161.2056
2.85981308,0.037037037,,161.2056
3.02803738,0.037037037,,161.2056
3.19626168,0.037037037,,161.2056
3.36448598,0.037037037,,161.2056
3.53271028,0.037037037,,160.8703
3.70093458,0.037037037,,160.8703
3.86915888,0.037037037,,160.8703
4.03738318,0.037037037,,160.8703
4.20560748,0.037037037,,160.8703
4.37383178,0.037037037,,160.8703
4.54205607,0.037037037,,160.8703
4.71028037,0.037037037,,161.0349
4.87850467,0.037037037,,160.3473
5.04672897,0.037037037,,159.641
5.21495327,0.037037037,,160.007
5.38317757,0.037037037,,159.1611
5.55140187,0.037037037,,159.1611
5.71962617,0.037037037,,159.3149
5.88785047,0.037037037,,160.0227
6.05607477,0.037037037,,160.0227
6.22429907,0.037037037,,159.3369
6.39252336,0.037037037,,159.4969
6.56074766,0.037037037,,159.4969
6.72897196,0.037037037,,160.2724
6.89719626,0.037037037,,160.4127
7.06542056,0.037037037,,160.0227
7.23364486,0.037037037,,160.5187
7.40186916,0.037037037,,159.8351
7.57009346,0.037037037,,159.8351
7.73831776,0.037037037,,159.1548
7.90654206,0.037037037,,159.1548
8.07476636,0.037037037,,159.1548
8.24299065,0.037037037,,159.8351
8.41121495,0.037037037,,159.8351
8.57943925,0.037037037,,159.8351
8.74766355,0.037037037,,160.5187
8.91588785,0.037037037,,159.8038
9.08411215,0.037037037,,160.5031
9.25233645,0.037037037,,160.5031
9.42056075,0.037037037,,161.0349
9.58878505,0.037037037,,160.0227
9.75700935,0.037037037,,160.0227
9.92523364,0.037037037,,160.5187
10.0934579,0.037037037,,161.2056
10.2616822,0.037037037,,161.2056
10.4299065,0.037037037,,161.2056
10.5981308,0.037037037,,161.2056
10.7663551,0.037037037,,160.5031
10.9345794,0.037037037,,160.3317
11.1028037,0.037037037,,160.7117
11.271028,0.037037037,,161.0349
11.4392523,0.037037037,,161.0349
11.6074766,0.037037037,,161.2056
11.7757009,0.037037037,,160.5031
11.9439252,0.037037037,,160.5031
12.1121495,0.037037037,,159.1548
12.2803738,0.037037037,,160.3317
12.4485981,0.037037037,,158.6072
12.6168224,0.037037037,,157.9122
12.7850467,0.037037037,,161.0349
12.953271,0.037037037,,159.1548
13.1214953,0.037037037,,157.7252
13.2897196,0.037037037,,159.8038
13.4579439,0.037037037,,160.5187
13.6261682,0.037037037,,160.3473
13.7943925,0.037037037,,159.641
13.9626168,0.037037037,,157.2204
14.1308411,0.037037037,,155.1652
14.2990654,0.037037037,,160.5187
14.4672897,0.037037037,,159.8351
14.635514,0.037037037,,159.8351
14.8037383,0.037037037,,159.8351
14.9719626,0.037037037,,159.8351
15.1401869,0.037037037,,159.8351
15.3084112,0.037037037,,159.8351
15.4766355,0.037037037,,159.8351
15.6448598,0.037037037,,159.8351
15.8130841,0.037037037,,159.8351
15.9813084,0.037037037,,159.8351
16.1495327,0.037037037,,159.8351
16.317757,0.037037037,,160.7117
16.4859813,0.037037037,,160.7117
16.6542056,0.037037037,,160.7117
16.8224299,0.037037037,,160.7117
16.9906542,0.037037037,,160.7117
17.1588785,0.037037037,,160.7117
17.3271028,0.037037037,,160.7117
17.4953271,0.037037037,,158.4148
17.6635514,0.037037037,,159.8132
17.8317757,0.037037037,,159.1077
18,0.037037037,,158.8151
0,0,,161.0349
0.168224299,0,,161.2056
0.336448598,0,,161.2056
0.504672897,0,,161.2056
0.672897196,0,,161.2056
0.841121495,0,,161.2056
1.00934579,0,,161.2056
1.17757009,0,,161.2056
1.34579439,0,,161.2056
1.51401869,0,,161.2056
1.68224299,0,,161.2056
1.85046729,0,,161.2056
2.01869159,0,,161.2056
2.18691589,0,,161.2056
2.35514019,0,,161.2056
2.52336449,0,,161.2056
2.69158879,0,,161.2056
2.85981308,0,,161.2056
3.02803738,0,,161.2056
3.19626168,0,,161.2056
3.36448598,0,,161.2056
3.53271028,0,,161.2056
3.70093458,0,,161.2056
3.86915888,0,,161.2056
4.03738318,0,,161.2056
4.20560748,0,,161.2056
4.37383178,0,,161.2056
4.54205607,0,,161.2056
4.71028037,0,,161.2056
4.87850467,0,,160.5187
5.04672897,0,,160.5187
5.21495327,0,,160.5187
5.38317757,0,,160.5187
5.55140187,0,,160.5187
5.71962617,0,,159.4655
5.88785047,0,,159.4655
6.05607477,0,,160.3317
6.22429907,0,,161.0349
6.39252336,0,,161.0349
6.56074766,0,,161.0349
6.72897196,0,,161.0349
6.89719626,0,,161.0349
7.06542056,0,,161.2056
7.23364486,0,,161.2056
7.40186916,0,,161.2056
7.57009346,0,,161.2056
7.73831776,0,,161.0349
7.90654206,0,,161.0349
8.07476636,0,,160.3317
8.24299065,0,,160.3317
8.41121495,0,,160.3317
8.57943925,0,,160.3317
8.74766355,0,,160.3317
8.91588785,0,,160.3317
9.08411215,0,,160.3317
9.25233645,0,,160.8703
9.42056075,0,,160.8703
9.58878505,0,,160.8703
9.75700935,0,,160.8703
9.92523364,0,,161.0349
10.0934579,0,,161.0349
10.2616822,0,,161.0349
10.4299065,0,,161.0349
10.5981308,0,,161.0349
10.7663551,0,,160.3317
10.9345794,0,,160.8703
11.1028037,0,,160.8703
11.271028,0,,160.8703
11.4392523,0,,160.8703
11.6074766,0,,160.8703
11.7757009,0,,160.3317
11.9439252,0,,160.3317
12.1121495,0,,161.0349
12.2803738,0,,160.1663
12.4485981,0,,159.3055
12.6168224,0,,160.007
12.7850467,0,,160.8703
12.953271,0,,161.2056
13.1214953,0,,160.5031
13.2897196,0,,161.2056
13.4579439,0,,160.5187
13.6261682,0,,160.5187
13.7943925,0,,160.5187
13.9626168,0,,161.2056
14.1308411,0,,160.5031
14.2990654,0,,161.2056
14.4672897,0,,161.2056
14.635514,0,,161.2056
14.8037383,0,,161.2056
14.9719626,0,,161.2056
15.1401869,0,,161.2056
15.3084112,0,,161.2056
15.4766355,0,,161.2056
15.6448598,0,,161.2056
15.8130841,0,,161.2056
15.9813084,0,,161.2056
16.1495327,0,,161.2056
16.317757,0,,161.0349
16.4859813,0,,160.3317
16.6542056,0,,160.3317
16.8224299,0,,160.3317
16.9906542,0,,160.3317
17.1588785,0,,160.3317
17.3271028,0,,160.3317
17.4953271,0,,161.2056
17.6635514,0,,160.5187
17.8317757,0,,161.2056
18,0,,158.9536
