x,y,value,rgb_distance
0,1,,254.0709
0.168224299,1,,254.0709
0.336448598,1,,254.0709
0.504672897,1,,254.0709
0.672897196,1,,254.0709
0.841121495,1,,254.0709
1.00934579,1,,254.0709
1.17757009,1,,254.0709
1.34579439,1,,254.0709
1.51401869,1,,254.0709
1.68224299,1,,254.0709
1.85046729,1,,254.0709
2.01869159,1,,254.0709
2.18691589,1,,254.0709
2.35514019,1,,254.0709
2.52336449,1,,254.0709
2.69158879,1,,254.0709
2.85981308,1,,214.6352
3.02803738,1,,215.6345
3.19626168,1,,215.6345
3.36448598,1,,215.6345
3.53271028,1,,215.6345
3.70093458,1,,215.6345
3.86915888,1,,215.6044
4.03738318,1,,214.6352
4.20560748,1,,214.6049
4.37383178,1,,214.6049
4.54205607,1,,214.6049
4.71028037,1,,214.5792
4.87850467,1,,214.6049
5.04672897,1,,214.5792
5.21495327,1,,213.5585
5.38317757,1,,214.5583
5.55140187,1,,213.5585
5.71962617,1,,214.5583
5.88785047,1,,214.542
6.05607477,1,,213.5422
6.22429907,1,,213.5304
6.39252336,1,,212.5235
6.56074766,1,,212.5235
6.72897196,1,,212.5235
6.89719626,1,,212.5235
7.06542056,1,,212.5212
7.23364486,1,,213.5234
7.40186916,1,,212.5235
7.57009346,1,,211.4734
7.73831776,1,,211.4096
7.90654206,1,,211.4096
8.07476636,1,,210.4115
8.24299065,1,,210.3521
8.41121495,1,,210.2974
8.57943925,1,,210.2475
8.74766355,1,,209.2033
8.91588785,1,,209.1626
9.08411215,1,,209.1268
9.25233645,1,,208.0961
9.42056075,1,,207.0966
9.58878505,1,,207.0966
9.75700935,1,,206.0971
9.92523364,1,,205.0707
10.0934579,1,,204.0711
10.2616822,1,,204.0711
10.4299065,1,,203.0714
10.5981308,1,,204.0711
10.7663551,1,,203.0493
10.9345794,1,,202.0495
11.1028037,1,,201.0497
11.271028,1,,201.0497
11.4392523,1,,200.05
11.6074766,1,,200.05
11.7757009,1,,200.05
11.9439252,1,,200.05
12.1121495,1,,201.0497
12.2803738,1,,199.0502
12.4485981,1,,202.0421
12.6168224,1,,201.0423
12.7850467,1,,202.0421
12.953271,1,,203.0419
13.1214953,1,,202.0421
13.2897196,1,,203.0419
13.4579439,1,,204.0392
13.6261682,1,,203.0394
13.7943925,1,,203.0271
13.9626168,1,,204.7462
14.1308411,1,,204.5189
14.2990654,1,,204.2841
14.4672897,1,,206.1577
14.635514,1,,206.0607
14.8037383,1,,212.0755
14.9719626,1,,221.0724
15.1401869,1,,222.1171
15.3084112,1,,221.7679
15.4766355,1,,223.6292
15.6448598,1,,227.3961
15.8130841,1,,228.3725
15.9813084,1,,231.2445
16.1495327,1,,233.3645
16.317757,1,,234.4376
16.4859813,1,,234.557
16.6542056,1,,233.6857
16.8224299,1,,233.6857
16.9906542,1,,233.6857
17.1588785,1,,233.6857
17.3271028,1,,233.7563
17.4953271,1,,233.7563
17.6635514,1,,233.7563
17.8317757,1,,232.8347
18,1,,232.7595
0,0.962962963,,254.0709
0.168224299,0.962962963,,254.0709
0.336448598,0.962962963,,254.0709
0.504672897,0.962962963,,254.0709
0.672897196,0.962962963,,254.0709
0.841121495,0.962962963,,254.0709
1.00934579,0.962962963,,254.0709
1.17757009,0.962962963,,254.0709
1.34579439,0.962962963,,254.0709
1.51401869,0.962962963,,254.0709
1.68224299,0.962962963,,254.0709
1.85046729,0.962962963,,254.0709
2.01869159,0.962962963,,254.0709
2.18691589,0.962962963,,254.0709
2.35514019,0.962962963,,254.0709
2.52336449,0.962962963,,254.0709
2.69158879,0.962962963,,254.0709
2.85981308,0.962962963,0.010752688172,17.14643
3.02803738,0.962962963,0.010752688172,17.29162
3.19626168,0.962962963,0.010752688172,17.29162
3.36448598,0.962962963,0.010752688172,17.29162
3.53271028,0.962962963,0.010752688172,17.29162
3.70093458,0.962962963,0.010752688172,17.29162
3.86915888,0.962962963,0.010752688172,17.29162
4.03738318,0.962962963,0.010752688172,17.29162
4.20560748,0.962962963,0.010752688172,17.29162
4.37383178,0.962962963,0.010752688172,17.29162
4.54205607,0.962962963,0.010752688172,17.29162
4.71028037,0.962962963,0.010752688172,17.29162
4.87850467,0.962962963,0.010752688172,17.29162
5.04672897,0.962962963,0.010752688172,17.29162
5.21495327,0.962962963,0.010752688172,17.29162
5.38317757,0.962962963,0.010752688172,17.29162
5.55140187,0.962962963,0.010752688172,17.29162
5.71962617,0.962962963,0.010752688172,17.29162
5.88785047,0.962962963,0.010752688172,17.29162
6.05607477,0.962962963,0.010752688172,17.29162
6.22429907,0.962962963,0.010752688172,17.14643
6.39252336,0.962962963,0.010752688172,17.29162
6.56074766,0.962962963,0.010752688172,17.29162
6.72897196,0.962962963,0.010752688172,17.29162
6.89719626,0.962962963,0.010752688172,17.29162
7.06542056,0.962962963,0.010752688172,17.29162
7.23364486,0.962962963,0.010752688172,17.29162
7.40186916,0.962962963,0.010752688172,17.29162
7.57009346,0.962962963,0.010752688172,17.29162
7.73831776,0.962962963,0.010752688172,17.29162
7.90654206,0.962962963,0.010752688172,17.29162
8.07476636,0.962962963,0.010752688172,17.29162
8.24299065,0.962962963,0.010752688172,17.29162
8.41121495,0.962962963,0.010752688172,17.29162
8.57943925,0.962962963,0.010752688172,17.29162
8.74766355,0.962962963,0.010752688172,17.29162
8.91588785,0.962962963,0.010752688172,17.29162
9.08411215,0.962962963,0.010752688172,17.29162
9.25233645,0.962962963,0.010752688172,17.29162
9.42056075,0.962962963,0.010752688172,17.29162
9.58878505,0.962962963,0.010752688172,17.29162
9.75700935,0.962962963,0.010752688172,17.29162
9.92523364,0.962962963,0.010752688172,17.29162
10.0934579,0.962962963,0.010752688172,17.29162
10.2616822,0.962962963,0.010752688172,17.29162
10.4299065,0.962962963,0.010752688172,17.29162
10.5981308,0.962962963,0.010752688172,17.29162
10.7663551,0.962962963,0.010752688172,17.29162
10.9345794,0.962962963,0.010752688172,17.29162
11.1028037,0.962962963,0.010752688172,17.29162
11.271028,0.962962963,0.010752688172,17.29162
11.4392523,0.962962963,0.010752688172,17.29162
11.6074766,0.962962963,0.010752688172,17.29162
11.7757009,0.962962963,0.010752688172,17.29162
11.9439252,0.962962963,0.010752688172,17.29162
12.1121495,0.962962963,0.010752688172,17.29162
12.2803738,0.962962963,0.010752688172,17.29162
12.4485981,0.962962963,0.010752688172,17.29162
12.6168224,0.962962963,0.010752688172,17.29162
12.7850467,0.962962963,0.010752688172,17.29162
12.953271,0.962962963,0.010752688172,17.29162
13.1214953,0.962962963,0.010752688172,17.29162
13.2897196,0.962962963,0.010752688172,17.29162
13.4579439,0.962962963,0.010752688172,17.29162
13.6261682,0.962962963,0.010752688172,17.29162
13.7943925,0.962962963,0.010752688172,17.29162
13.9626168,0.962962963,0.010752688172,17.14643
14.1308411,0.962962963,0.010752688172,17.14643
14.2990654,0.962962963,0.010752688172,17.29162
14.4672897,0.962962963,0.010752688172,17.14643
14.635514,0.962962963,0.010752688172,17.29162
14.8037383,0.962962963,0.010752688172,17.14643
14.9719626,0.962962963,0.010752688172,17.29162
15.1401869,0.962962963,0.010752688172,17.14643
15.3084112,0.962962963,0.010752688172,17.14643
15.4766355,0.962962963,0.010752688172,17.29162
15.6448598,0.962962963,0.010752688172,17.29162
15.8130841,0.962962963,0.010752688172,17.29162
15.9813084,0.962962963,0.010752688172,17.29162
16.1495327,0.962962963,0.010752688172,17.29162
16.317757,0.962962963,0.010752688172,17.29162
16.4859813,0.962962963,0.010752688172,17.14643
16.6542056,0.962962963,0.010752688172,17.29162
16.8224299,0.962962963,0.010752688172,17.29162
16.9906542,0.962962963,0.010752688172,17.29162
17.1588785,0.962962963,0.010752688172,17.29162
17.3271028,0.962962963,0.010752688172,17.29162
17.4953271,0.962962963,0.010752688172,17.29162
17.6635514,0.962962963,0.010752688172,17.29162
17.8317757,0.962962963,0.010752688172,17.29162
18,0.962962963,0.010752688172,17.29162
0,0.925925926,,254.0709
0.168224299,0.925925926,,254.0709
0.336448598,0.925925926,,254.0709
0.504672897,0.925925926,,254.0709
0.672897196,0.925925926,,254.0709
0.841121495,0.925925926,,254.0709
1.00934579,0.925925926,,254.0709
1.17757009,0.925925926,,254.0709
1.34579439,0.925925926,,254.0709
1.51401869,0.925925926,,254.0709
1.68224299,0.925925926,,254.0709
1.85046729,0.925925926,,254.0709
2.01869159,0.925925926,,254.0709
2.18691589,0.925925926,,254.0709
2.35514019,0.925925926,,254.0709
2.52336449,0.925925926,,254.0709
2.69158879,0.925925926,,254.0709
2.85981308,0.925925926,0.010752688172,17.29162
3.02803738,0.925925926,0.010752688172,17.29162
3.19626168,0.925925926,0.010752688172,17.29162
3.36448598,0.925925926,0.010752688172,17.29162
3.53271028,0.925925926,0.010752688172,17.29162
3.70093458,0.925925926,0.010752688172,17.29162
3.86915888,0.925925926,0.010752688172,17.29162
4.03738318,0.925925926,0.010752688172,17.29162
4.20560748,0.925925926,0.010752688172,17.29162
4.37383178,0.925925926,0.010752688172,17.29162
4.54205607,0.925925926,0.010752688172,17.29162
4.71028037,0.925925926,0.010752688172,17.29162
4.87850467,0.925925926,0.010752688172,17.29162
5.04672897,0.925925926,0.010752688172,17.29162
5.21495327,0.925925926,0.010752688172,17.29162
5.38317757,0.925925926,0.010752688172,17.29162
5.55140187,0.925925926,0.010752688172,17.29162
5.71962617,0.925925926,0.010752688172,17.29162
5.88785047,0.925925926,0.010752688172,17.29162
6.05607477,0.925925926,0.010752688172,17.29162
6.22429907,0.925925926,0.010752688172,17.29162
6.39252336,0.925925926,0.010752688172,17.29162
6.56074766,0.925925926,0.010752688172,17.29162
6.72897196,0.925925926,0.010752688172,17.29162
6.89719626,0.925925926,0.010752688172,17.29162
7.06542056,0.925925926,0.010752688172,17.29162
7.23364486,0.925925926,0.010752688172,17.29162
7.40186916,0.925925926,0.010752688172,17.29162
7.57009346,0.925925926,0.010752688172,17.29162
7.73831776,0.925925926,0.010752688172,17.29162
7.90654206,0.925925926,0.010752688172,17.29162
8.07476636,0.925925926,0.010752688172,17.29162
8.24299065,0.925925926,0.010752688172,17.29162
8.41121495,0.925925926,0.010752688172,17.29162
8.57943925,0.925925926,0.010752688172,17.29162
8.74766355,0.925925926,0.010752688172,17.29162
8.91588785,0.925925926,0.010752688172,17.29162
9.08411215,0.925925926,0.010752688172,17.29162
9.25233645,0.925925926,0.010752688172,17.29162
9.42056075,0.925925926,0.010752688172,17.29162
9.58878505,0.925925926,0.010752688172,17.29162
9.75700935,0.925925926,0.010752688172,17.29162
9.92523364,0.925925926,0.010752688172,17.29162
10.0934579,0.925925926,0.010752688172,17.29162
10.2616822,0.925925926,0.010752688172,17.29162
10.4299065,0.925925926,0.010752688172,17.29162
10.5981308,0.925925926,0.010752688172,17.29162
10.7663551,0.925925926,0.010752688172,17.29162
10.9345794,0.925925926,0.010752688172,17.29162
11.1028037,0.925925926,0.010752688172,17.29162
11.271028,0.925925926,0.010752688172,17.29162
11.4392523,0.925925926,0.010752688172,17.29162
11.6074766,0.925925926,0.010752688172,17.29162
11.7757009,0.925925926,0.010752688172,17.29162
11.9439252,0.925925926,0.010752688172,17.29162
12.1121495,0.925925926,0.010752688172,17.29162
12.2803738,0.925925926,0.010752688172,17.29162
12.4485981,0.925925926,0.010752688172,17.29162
12.6168224,0.925925926,0.010752688172,17.29162
12.7850467,0.925925926,0.010752688172,17.29162
12.953271,0.925925926,0.010752688172,17.29162
13.1214953,0.925925926,0.010752688172,17.29162
13.2897196,0.925925926,0.010752688172,17.29162
13.4579439,0.925925926,0.010752688172,17.29162
13.6261682,0.925925926,0.010752688172,17.29162
13.7943925,0.925925926,0.010752688172,17.29162
13.9626168,0.925925926,0.010752688172,17.29162
14.1308411,0.925925926,0.010752688172,17.29162
14.2990654,0.925925926,0.010752688172,17.29162
14.4672897,0.925925926,0.010752688172,17.29162
14.635514,0.925925926,0.010752688172,17.29162
14.8037383,0.925925926,0.010752688172,17.29162
14.9719626,0.925925926,0.010752688172,17.29162
15.1401869,0.925925926,0.010752688172,17.29162
15.3084112,0.925925926,0.010752688172,17.29162
15.4766355,0.925925926,0.010752688172,17.29162
15.6448598,0.925925926,0.010752688172,17.29162
15.8130841,0.925925926,0.010752688172,17.29162
15.9813084,0.925925926,0.010752688172,17.29162
16.1495327,0.925925926,0.010752688172,17.29162
16.317757,0.925925926,0.010752688172,17.29162
16.4859813,0.925925926,0.010752688172,17.29162
16.6542056,0.925925926,0.010752688172,17.29162
16.8224299,0.925925926,0.010752688172,17.29162
16.9906542,0.925925926,0.010752688172,17.29162
17.1588785,0.925925926,0.010752688172,17.29162
17.3271028,0.925925926,0.010752688172,17.29162
17.4953271,0.925925926,0.010752688172,17.29162
17.6635514,0.925925926,0.010752688172,17.29162
17.8317757,0.925925926,0.010752688172,17.29162
18,0.925925926,0.010752688172,17.29162
0,0.888888889,,254.0709
0.168224299,0.888888889,,254.0709
0.336448598,0.888888889,,254.0709
0.504672897,0.888888889,,254.0709
0.672897196,0.888888889,,254.0709
0.841121495,0.888888889,,254.0709
1.00934579,0.888888889,,254.0709
1.17757009,0.888888889,,254.0709
1.34579439,0.888888889,,254.0709
1.51401869,0.888888889,,254.0709
1.68224299,0.888888889,,254.0709
1.85046729,0.888888889,,254.0709
2.01869159,0.888888889,,254.0709
2.18691589,0.888888889,,254.0709
2.35514019,0.888888889,,254.0709
2.52336449,0.888888889,,254.0709
2.69158879,0.888888889,,254.0709
2.85981308,0.888888889,0.010752688172,17.29162
3.02803738,0.888888889,0.010752688172,17.29162
3.19626168,0.888888889,0.010752688172,17.29162
3.36448598,0.888888889,0.010752688172,17.29162
3.53271028,0.888888889,0.010752688172,17.29162
3.70093458,0.888888889,0.010752688172,17.29162
3.86915888,0.888888889,0.010752688172,17.29162
4.03738318,0.888888889,0.010752688172,17.29162
4.20560748,0.888888889,0.010752688172,17.29162
4.37383178,0.888888889,0.010752688172,17.29162
4.54205607,0.888888889,0.010752688172,17.29162
4.71028037,0.888888889,0.010752688172,17.29162
4.87850467,0.888888889,0.010752688172,17.29162
5.04672897,0.888888889,0.010752688172,17.29162
5.21495327,0.888888889,0.010752688172,17.29162
5.38317757,0.888888889,0.010752688172,17.29162
5.55140187,0.888888889,0.010752688172,17.29162
5.71962617,0.888888889,0.010752688172,17.29162
5.88785047,0.888888889,0.010752688172,17.29162
6.05607477,0.888888889,0.010752688172,17.29162
6.22429907,0.888888889,0.010752688172,17.29162
6.39252336,0.888888889,0.010752688172,17.29162
6.56074766,0.888888889,0.010752688172,17.29162
6.72897196,0.888888889,0.010752688172,17.29162
6.89719626,0.888888889,0.010752688172,17.29162
7.06542056,0.888888889,0.010752688172,17.29162
7.23364486,0.888888889,0.010752688172,17.29162
7.40186916,0.888888889,0.010752688172,17.29162
7.57009346,0.888888889,0.010752688172,17.29162
7.73831776,0.888888889,0.010752688172,17.29162
7.90654206,0.888888889,0.010752688172,17.29162
8.07476636,0.888888889,0.010752688172,17.29162
8.24299065,0.888888889,0.010752688172,17.29162
8.41121495,0.888888889,0.010752688172,17.29162
8.57943925,0.888888889,0.010752688172,17.29162
8.74766355,0.888888889,0.010752688172,17.29162
8.91588785,0.888888889,0.010752688172,17.29162
9.08411215,0.888888889,0.010752688172,17.29162
9.25233645,0.888888889,0.010752688172,17.29162
9.42056075,0.888888889,0.010752688172,17.29162
9.58878505,0.888888889,0.010752688172,17.29162
9.75700935,0.888888889,0.010752688172,17.29162
9.92523364,0.888888889,0.010752688172,17.29162
10.0934579,0.888888889,0.010752688172,17.29162
10.2616822,0.888888889,0.010752688172,17.29162
10.4299065,0.888888889,0.010752688172,17.29162
10.5981308,0.888888889,0.010752688172,17.29162
10.7663551,0.888888889,0.010752688172,17.29162
10.9345794,0.888888889,0.010752688172,17.29162
11.1028037,0.888888889,0.010752688172,17.29162
11.271028,0.888888889,0.010752688172,17.29162
11.4392523,0.888888889,0.010752688172,17.29162
11.6074766,0.888888889,0.010752688172,17.29162
11.7757009,0.888888889,0.010752688172,17.29162
11.9439252,0.888888889,0.010752688172,17.29162
12.1121495,0.888888889,0.010752688172,17.29162
12.2803738,0.888888889,0.010752688172,17.29162
12.4485981,0.888888889,0.010752688172,17.29162
12.6168224,0.888888889,0.010752688172,17.29162
12.7850467,0.888888889,0.010752688172,17.29162
12.953271,0.888888889,0.010752688172,17.29162
13.1214953,0.888888889,0.010752688172,17.29162
13.2897196,0.888888889,0.010752688172,17.29162
13.4579439,0.888888889,0.010752688172,17.29162
13.6261682,0.888888889,0.010752688172,17.29162
13.7943925,0.888888889,0.010752688172,17.29162
13.9626168,0.888888889,0.010752688172,17.29162
14.1308411,0.888888889,0.010752688172,17.29162
14.2990654,0.888888889,0.010752688172,17.29162
14.4672897,0.888888889,0.010752688172,17.29162
14.635514,0.888888889,0.010752688172,17.29162
14.8037383,0.888888889,0.010752688172,17.29162
14.9719626,0.888888889,0.010752688172,17.29162
15.1401869,0.888888889,0.010752688172,17.29162
15.3084112,0.888888889,0.010752688172,17.29162
15.4766355,0.888888889,0.010752688172,17.29162
15.6448598,0.888888889,0.010752688172,17.29162
15.8130841,0.888888889,0.010752688172,17.29162
15.9813084,0.888888889,0.010752688172,17.29162
16.1495327,0.888888889,0.010752688172,17.29162
16.317757,0.888888889,0.010752688172,17.29162
16.4859813,0.888888889,0.010752688172,17.29162
16.6542056,0.888888889,0.010752688172,17.29162
16.8224299,0.888888889,0.010752688172,17.29162
16.9906542,0.888888889,0.010752688172,17.29162
17.1588785,0.888888889,0.010752688172,17.29162
17.3271028,0.888888889,0.010752688172,17.29162
17.4953271,0.888888889,0.010752688172,17.29162
17.6635514,0.888888889,0.010752688172,17.29162
17.8317757,0.888888889,0.010752688172,17.29162
18,0.888888889,0.010752688172,17.29162
0,0.851851852,,254.0709
0.168224299,0.851851852,,254.0709
0.336448598,0.851851852,,254.0709
0.504672897,0.851851852,,254.0709
0.672897196,0.851851852,,254.0709
0.841121495,0.851851852,,254.0709
1.00934579,0.851851852,,254.0709
1.17757009,0.851851852,,254.0709
1.34579439,0.851851852,,254.0709
1.51401869,0.851851852,,254.0709
1.68224299,0.851851852,,254.0709
1.85046729,0.851851852,,254.0709
2.01869159,0.851851852,,254.0709
2.18691589,0.851851852,,254.0709
2.35514019,0.851851852,,254.0709
2.52336449,0.851851852,,254.0709
2.69158879,0.851851852,,254.0709
2.85981308,0.851851852,0.010752688172,17.29162
3.02803738,0.851851852,0.010752688172,17.29162
3.19626168,0.851851852,0.010752688172,17.29162
3.36448598,0.851851852,0.010752688172,17.29162
3.53271028,0.851851852,0.010752688172,17.29162
3.70093458,0.851851852,0.010752688172,17.29162
3.86915888,0.851851852,0.010752688172,17.29162
4.03738318,0.851851852,0.010752688172,17.29162
4.20560748,0.851851852,0.010752688172,17.29162
4.37383178,0.851851852,0.010752688172,17.29162
4.54205607,0.851851852,0.010752688172,17.29162
4.71028037,0.851851852,0.010752688172,17.29162
4.87850467,0.851851852,0.010752688172,17.29162
5.04672897,0.851851852,0.010752688172,17.29162
5.21495327,0.851851852,0.010752688172,17.29162
5.38317757,0.851851852,0.010752688172,17.29162
5.55140187,0.851851852,0.010752688172,17.29162
5.71962617,0.851851852,0.010752688172,17.29162
5.88785047,0.851851852,0.010752688172,17.29162
6.05607477,0.851851852,0.010752688172,17.29162
6.22429907,0.851851852,0.010752688172,17.29162
6.39252336,0.851851852,0.010752688172,17.29162
6.56074766,0.851851852,0.010752688172,17.29162
6.72897196,0.851851852,0.010752688172,17.29162
6.89719626,0.851851852,0.010752688172,17.29162
7.06542056,0.851851852,0.010752688172,17.29162
7.23364486,0.851851852,0.010752688172,17.29162
7.40186916,0.851851852,0.010752688172,17.29162
7.57009346,0.851851852,0.010752688172,17.29162
7.73831776,0.851851852,0.010752688172,17.29162
7.90654206,0.851851852,0.010752688172,17.29162
8.07476636,0.851851852,0.010752688172,17.29162
8.24299065,0.851851852,0.010752688172,17.29162
8.41121495,0.851851852,0.010752688172,17.29162
8.57943925,0.851851852,0.010752688172,17.29162
8.74766355,0.851851852,0.010752688172,17.29162
8.91588785,0.851851852,0.010752688172,17.29162
9.08411215,0.851851852,0.010752688172,17.29162
9.25233645,0.851851852,0.010752688172,17.29162
9.42056075,0.851851852,0.010752688172,17.29162
9.58878505,0.851851852,0.010752688172,17.29162
9.75700935,0.851851852,0.010752688172,17.29162
9.92523364,0.851851852,0.010752688172,17.29162
10.0934579,0.851851852,0.010752688172,17.29162
10.2616822,0.851851852,0.010752688172,17.29162
10.4299065,0.851851852,0.010752688172,17.29162
10.5981308,0.851851852,0.010752688172,17.29162
10.7663551,0.851851852,0.010752688172,17.29162
10.9345794,0.851851852,0.010752688172,17.29162
11.1028037,0.851851852,0.010752688172,17.29162
11.271028,0.851851852,0.010752688172,17.29162
11.4392523,0.851851852,0.010752688172,17.29162
11.6074766,0.851851852,0.010752688172,17.29162
11.7757009,0.851851852,0.010752688172,17.29162
11.9439252,0.851851852,0.010752688172,17.29162
12.1121495,0.851851852,0.010752688172,17.29162
12.2803738,0.851851852,0.010752688172,17.29162
12.4485981,0.851851852,0.010752688172,17.29162
12.6168224,0.851851852,0.010752688172,17.29162
12.7850467,0.851851852,0.010752688172,17.29162
12.953271,0.851851852,0.010752688172,17.29162
13.1214953,0.851851852,0.010752688172,17.29162
13.2897196,0.851851852,0.010752688172,17.29162
13.4579439,0.851851852,0.010752688172,17.29162
13.6261682,0.851851852,0.010752688172,17.29162
13.7943925,0.851851852,0.010752688172,17.29162
13.9626168,0.851851852,0.010752688172,17.29162
14.1308411,0.851851852,0.010752688172,17.29162
14.2990654,0.851851852,0.010752688172,17.29162
14.4672897,0.851851852,0.010752688172,17.29162
14.635514,0.851851852,0.010752688172,17.29162
14.8037383,0.851851852,0.010752688172,17.29162
14.9719626,0.851851852,0.010752688172,17.29162
15.1401869,0.851851852,0.010752688172,17.29162
15.3084112,0.851851852,0.010752688172,17.29162
15.4766355,0.851851852,0.010752688172,17.29162
15.6448598,0.851851852,0.010752688172,17.29162
15.8130841,0.851851852,0.010752688172,17.29162
15.9813084,0.851851852,0.010752688172,17.29162
16.1495327,0.851851852,0.010752688172,17.29162
16.317757,0.851851852,0.010752688172,17.29162
16.4859813,0.851851852,0.010752688172,17.29162
16.6542056,0.851851852,0.010752688172,17.29162
16.8224299,0.851851852,0.010752688172,17.29162
16.9906542,0.851851852,0.010752688172,17.29162
17.1588785,0.851851852,0.010752688172,17.29162
17.3271028,0.851851852,0.010752688172,17.29162
17.4953271,0.851851852,0.010752688172,17.29162
17.6635514,0.851851852,0.010752688172,17.29162
17.8317757,0.851851852,0.010752688172,17.29162
18,0.851851852,0.010752688172,17.29162
0,0.814814815,,254.0709
0.168224299,0.814814815,,254.0709
0.336448598,0.814814815,,254.0709
0.504672897,0.814814815,,254.0709
0.672897196,0.814814815,,254.0709
0.841121495,0.814814815,,254.0709
1.00934579,0.814814815,,254.0709
1.17757009,0.814814815,,254.0709
1.34579439,0.814814815,,254.0709
1.51401869,0.814814815,,254.0709
1.68224299,0.814814815,,254.0709
1.85046729,0.814814815,,254.0709
2.01869159,0.814814815,,254.0709
2.18691589,0.814814815,,254.0709
2.35514019,0.814814815,,254.0709
2.52336449,0.814814815,,254.0709
2.69158879,0.814814815,,254.0709
2.85981308,0.814814815,0.010752688172,17.29162
3.02803738,0.814814815,0.010752688172,17.29162
3.19626168,0.814814815,0.010752688172,17.29162
3.36448598,0.814814815,0.010752688172,17.29162
3.53271028,0.814814815,0.010752688172,17.29162
3.70093458,0.814814815,0.010752688172,17.29162
3.86915888,0.814814815,0.010752688172,17.29162
4.03738318,0.814814815,0.010752688172,17.29162
4.20560748,0.814814815,0.010752688172,17.29162
4.37383178,0.814814815,0.010752688172,17.29162
4.54205607,0.814814815,0.010752688172,17.29162
4.71028037,0.814814815,0.010752688172,17.29162
4.87850467,0.814814815,0.010752688172,17.29162
5.04672897,0.814814815,0.010752688172,17.29162
5.21495327,0.814814815,0.010752688172,17.29162
5.38317757,0.814814815,0.010752688172,17.29162
5.55140187,0.814814815,0.010752688172,17.29162
5.71962617,0.814814815,0.010752688172,17.29162
5.88785047,0.814814815,0.010752688172,17.29162
6.05607477,0.814814815,0.010752688172,17.29162
6.22429907,0.814814815,0.010752688172,17.29162
6.39252336,0.814814815,0.010752688172,17.29162
6.56074766,0.814814815,0.010752688172,17.29162
6.72897196,0.814814815,0.010752688172,17.29162
6.89719626,0.814814815,0.010752688172,17.29162
7.06542056,0.814814815,0.010752688172,17.29162
7.23364486,0.814814815,0.010752688172,17.29162
7.40186916,0.814814815,0.010752688172,17.29162
7.57009346,0.814814815,0.010752688172,17.29162
7.73831776,0.814814815,0.010752688172,17.29162
7.90654206,0.814814815,0.010752688172,17.29162
8.07476636,0.814814815,0.010752688172,17.29162
8.24299065,0.814814815,0.010752688172,17.29162
8.41121495,0.814814815,0.010752688172,17.29162
8.57943925,0.814814815,0.010752688172,17.29162
8.74766355,0.814814815,0.010752688172,17.29162
8.91588785,0.814814815,0.010752688172,17.29162
9.08411215,0.814814815,0.010752688172,17.29162
9.25233645,0.814814815,0.010752688172,17.29162
9.42056075,0.814814815,0.010752688172,17.29162
9.58878505,0.814814815,0.010752688172,17.29162
9.75700935,0.814814815,0.010752688172,17.29162
9.92523364,0.814814815,0.010752688172,17.29162
10.0934579,0.814814815,0.010752688172,17.29162
10.2616822,0.814814815,0.010752688172,17.29162
10.4299065,0.814814815,0.010752688172,17.29162
10.5981308,0.814814815,0.010752688172,17.29162
10.7663551,0.814814815,0.010752688172,17.29162
10.9345794,0.814814815,0.010752688172,17.29162
11.1028037,0.814814815,0.010752688172,17.29162
11.271028,0.814814815,0.010752688172,17.29162
11.4392523,0.814814815,0.010752688172,17.29162
11.6074766,0.814814815,0.010752688172,17.29162
11.7757009,0.814814815,0.010752688172,17.29162
11.9439252,0.814814815,0.010752688172,17.29162
12.1121495,0.814814815,0.010752688172,17.29162
12.2803738,0.814814815,0.010752688172,17.29162
12.4485981,0.814814815,0.010752688172,17.29162
12.6168224,0.814814815,0.010752688172,17.29162
12.7850467,0.814814815,0.010752688172,17.29162
12.953271,0.814814815,0.010752688172,17.29162
13.1214953,0.814814815,0.010752688172,17.29162
13.2897196,0.814814815,0.010752688172,17.29162
13.4579439,0.814814815,0.010752688172,17.29162
13.6261682,0.814814815,0.010752688172,17.29162
13.7943925,0.814814815,0.010752688172,17.29162
13.9626168,0.814814815,0.010752688172,17.29162
14.1308411,0.814814815,0.010752688172,17.29162
14.2990654,0.814814815,0.010752688172,17.29162
14.4672897,0.814814815,0.010752688172,17.29162
14.635514,0.814814815,0.010752688172,17.29162
14.8037383,0.814814815,0.010752688172,17.29162
14.9719626,0.814814815,0.010752688172,17.29162
15.1401869,0.814814815,0.010752688172,17.29162
15.3084112,0.814814815,0.010752688172,17.29162
15.4766355,0.814814815,0.010752688172,17.29162
15.6448598,0.814814815,0.010752688172,17.29162
15.8130841,0.814814815,0.010752688172,17.29162
15.9813084,0.814814815,0.010752688172,17.29162
16.1495327,0.814814815,0.010752688172,17.29162
16.317757,0.814814815,0.010752688172,17.29162
16.4859813,0.814814815,0.010752688172,17.29162
16.6542056,0.814814815,0.010752688172,17.29162
16.8224299,0.814814815,0.010752688172,17.29162
16.9906542,0.814814815,0.010752688172,17.29162
17.1588785,0.814814815,0.010752688172,17.29162
17.3271028,0.814814815,0.010752688172,17.29162
17.4953271,0.814814815,0.010752688172,16.12452
17.6635514,0.814814815,0.010752688172,17.05872
17.8317757,0.814814815,0.010752688172,17.11724
18,0.814814815,0.010752688172,17.29162
0,0.777777778,,254.0709
0.168224299,0.777777778,,254.0709
0.336448598,0.777777778,,254.0709
0.504672897,0.777777778,,254.0709
0.672897196,0.777777778,,254.0709
0.841121495,0.777777778,,254.0709
1.00934579,0.777777778,,254.0709
1.17757009,0.777777778,,254.0709
1.34579439,0.777777778,,254.0709
1.51401869,0.777777778,,254.0709
1.68224299,0.777777778,,254.0709
1.85046729,0.777777778,,254.0709
2.01869159,0.777777778,,254.0709
2.18691589,0.777777778,,254.0709
2.35514019,0.777777778,,254.0709
2.52336449,0.777777778,,254.0709
2.69158879,0.777777778,,254.0709
2.85981308,0.777777778,0.010752688172,17.29162
3.02803738,0.777777778,0.010752688172,17.29162
3.19626168,0.777777778,0.010752688172,17.29162
3.36448598,0.777777778,0.010752688172,17.29162
3.53271028,0.777777778,0.010752688172,17.29162
3.70093458,0.777777778,0.010752688172,17.29162
3.86915888,0.777777778,0.010752688172,17.29162
4.03738318,0.777777778,0.010752688172,17.29162
4.20560748,0.777777778,0.010752688172,17.29162
4.37383178,0.777777778,0.010752688172,17.29162
4.54205607,0.777777778,0.010752688172,17.29162
4.71028037,0.777777778,0.010752688172,17.29162
4.87850467,0.777777778,0.010752688172,17.29162
5.04672897,0.777777778,0.010752688172,17.29162
5.21495327,0.777777778,0.010752688172,17.29162
5.38317757,0.777777778,0.010752688172,17.29162
5.55140187,0.777777778,0.010752688172,17.29162
5.71962617,0.777777778,0.010752688172,17.29162
5.88785047,0.777777778,0.010752688172,17.29162
6.05607477,0.777777778,0.010752688172,17.29162
6.22429907,0.777777778,0.010752688172,17.29162
6.39252336,0.777777778,0.010752688172,17.29162
6.56074766,0.777777778,0.010752688172,17.29162
6.72897196,0.777777778,0.010752688172,17.29162
6.89719626,0.777777778,0.010752688172,17.29162
7.06542056,0.777777778,0.010752688172,17.29162
7.23364486,0.777777778,0.010752688172,17.29162
7.40186916,0.777777778,0.010752688172,17.29162
7.57009346,0.777777778,0.010752688172,17.29162
7.73831776,0.777777778,0.010752688172,17.29162
7.90654206,0.777777778,0.010752688172,17.29162
8.07476636,0.777777778,0.010752688172,17.29162
8.24299065,0.777777778,0.010752688172,17.29162
8.41121495,0.777777778,0.010752688172,17.29162
8.57943925,0.777777778,0.010752688172,17.29162
8.74766355,0.777777778,0.010752688172,17.29162
8.91588785,0.777777778,0.010752688172,17.29162
9.08411215,0.777777778,0.010752688172,17.29162
9.25233645,0.777777778,0.010752688172,17.29162
9.42056075,0.777777778,0.010752688172,17.29162
9.58878505,0.777777778,0.010752688172,17.29162
9.75700935,0.777777778,0.010752688172,17.29162
9.92523364,0.777777778,0.010752688172,17.29162
10.0934579,0.777777778,0.010752688172,17.29162
10.2616822,0.777777778,0.010752688172,17.29162
10.4299065,0.777777778,0.010752688172,17.29162
10.5981308,0.777777778,0.010752688172,17.29162
10.7663551,0.777777778,0.010752688172,17.29162
10.9345794,0.777777778,0.010752688172,17.29162
11.1028037,0.777777778,0.010752688172,17.29162
11.271028,0.777777778,0.010752688172,17.29162
11.4392523,0.777777778,0.010752688172,17.29162
11.6074766,0.777777778,0.010752688172,17.29162
11.7757009,0.777777778,0.010752688172,17.29162
11.9439252,0.777777778,0.010752688172,17.29162
12.1121495,0.777777778,0.010752688172,17.29162
12.2803738,0.777777778,0.010752688172,17.29162
12.4485981,0.777777778,0.010752688172,17.29162
12.6168224,0.777777778,0.010752688172,17.29162
12.7850467,0.777777778,0.010752688172,17.29162
12.953271,0.777777778,0.010752688172,17.29162
13.1214953,0.777777778,0.010752688172,17.29162
13.2897196,0.777777778,0.010752688172,17.29162
13.4579439,0.777777778,0.010752688172,17.29162
13.6261682,0.777777778,0.010752688172,17.29162
13.7943925,0.777777778,0.010752688172,17.29162
13.9626168,0.777777778,0.010752688172,17.29162
14.1308411,0.777777778,0.010752688172,17.29162
14.2990654,0.777777778,0.010752688172,17.29162
14.4672897,0.777777778,0.010752688172,17.29162
14.635514,0.777777778,0.010752688172,17.29162
14.8037383,0.777777778,0.010752688172,17.29162
14.9719626,0.777777778,0.010752688172,17.29162
15.1401869,0.777777778,0.010752688172,17.29162
15.3084112,0.777777778,0.010752688172,17.29162
15.4766355,0.777777778,0.010752688172,17.29162
15.6448598,0.777777778,0.010752688172,17.29162
15.8130841,0.777777778,0.010752688172,17.29162
15.9813084,0.777777778,0.010752688172,17.29162
16.1495327,0.777777778,0.010752688172,17.29162
16.317757,0.777777778,0.010752688172,17.29162
16.4859813,0.777777778,0.010752688172,17.29162
16.6542056,0.777777778,0.010752688172,17.29162
16.8224299,0.777777778,0.010752688172,17.29162
16.9906542,0.777777778,0.010752688172,17.29162
17.1588785,0.777777778,0.010752688172,17.29162
17.3271028,0.777777778,0.010752688172,17.29162
17.4953271,0.777777778,0.010752688172,13
17.6635514,0.777777778,0.010752688172,19.23538
17.8317757,0.777777778,0.010752688172,16.12452
18,0.777777778,0.010752688172,17.29162
0,0.740740741,,254.0709
0.168224299,0.740740741,,254.0709
0.336448598,0.740740741,,254.0709
0.504672897,0.740740741,,254.0709
0.672897196,0.740740741,,254.0709
0.841121495,0.740740741,,254.0709
1.00934579,0.740740741,,254.0709
1.17757009,0.740740741,,254.0709
1.34579439,0.740740741,,254.0709
1.51401869,0.740740741,,254.0709
1.68224299,0.740740741,,254.0709
1.85046729,0.740740741,,254.0709
2.01869159,0.740740741,,254.0709
2.18691589,0.740740741,,254.0709
2.35514019,0.740740741,,254.0709
2.52336449,0.740740741,,254.0709
2.69158879,0.740740741,,254.0709
2.85981308,0.740740741,0.010752688172,17.29162
3.02803738,0.740740741,0.010752688172,17.29162
3.19626168,0.740740741,0.010752688172,17.29162
3.36448598,0.740740741,0.010752688172,17.29162
3.53271028,0.740740741,0.010752688172,17.29162
3.70093458,0.740740741,0.010752688172,17.29162
3.86915888,0.740740741,0.010752688172,17.29162
4.03738318,0.740740741,0.010752688172,17.29162
4.20560748,0.740740741,0.010752688172,17.29162
4.37383178,0.740740741,0.010752688172,17.29162
4.54205607,0.740740741,0.010752688172,17.29162
4.71028037,0.740740741,0.010752688172,17.29162
4.87850467,0.740740741,0.010752688172,17.29162
5.04672897,0.740740741,0.010752688172,17.29162
5.21495327,0.740740741,0.010752688172,17.29162
5.38317757,0.740740741,0.010752688172,17.29162
5.55140187,0.740740741,0.010752688172,17.29162
5.71962617,0.740740741,0.010752688172,17.29162
5.88785047,0.740740741,0.010752688172,17.29162
6.05607477,0.740740741,0.010752688172,17.29162
6.22429907,0.740740741,0.010752688172,17.29162
6.39252336,0.740740741,0.010752688172,17.29162
6.56074766,0.740740741,0.010752688172,17.29162
6.72897196,0.740740741,0.010752688172,17.29162
6.89719626,0.740740741,0.010752688172,17.29162
7.06542056,0.740740741,0.010752688172,17.29162
7.23364486,0.740740741,0.010752688172,17.29162
7.40186916,0.740740741,0.010752688172,17.29162
7.57009346,0.740740741,0.010752688172,17.29162
7.73831776,0.740740741,0.010752688172,17.29162
7.90654206,0.740740741,0.010752688172,17.29162
8.07476636,0.740740741,0.010752688172,17.29162
8.24299065,0.740740741,0.010752688172,17.29162
8.41121495,0.740740741,0.010752688172,17.29162
8.57943925,0.740740741,0.010752688172,17.29162
8.74766355,0.740740741,0.010752688172,17.29162
8.91588785,0.740740741,0.010752688172,17.29162
9.08411215,0.740740741,0.010752688172,17.29162
9.25233645,0.740740741,0.010752688172,17.29162
9.42056075,0.740740741,0.010752688172,17.29162
9.58878505,0.740740741,0.010752688172,17.29162
9.75700935,0.740740741,0.010752688172,17.29162
9.92523364,0.740740741,0.010752688172,17.29162
10.0934579,0.740740741,0.010752688172,17.29162
10.2616822,0.740740741,0.010752688172,17.29162
10.4299065,0.740740741,0.010752688172,17.29162
10.5981308,0.740740741,0.010752688172,17.29162
10.7663551,0.740740741,0.010752688172,17.29162
10.9345794,0.740740741,0.010752688172,17.29162
11.1028037,0.740740741,0.010752688172,17.29162
11.271028,0.740740741,0.010752688172,17.29162
11.4392523,0.740740741,0.010752688172,17.29162
11.6074766,0.740740741,0.010752688172,17.29162
11.7757009,0.740740741,0.010752688172,17.29162
11.9439252,0.740740741,0.010752688172,17.29162
12.1121495,0.740740741,0.010752688172,17.29162
12.2803738,0.740740741,0.010752688172,17.29162
12.4485981,0.740740741,0.010752688172,17.29162
12.6168224,0.740740741,0.010752688172,17.29162
12.7850467,0.740740741,0.010752688172,17.29162
12.953271,0.740740741,0.010752688172,17.29162
13.1214953,0.740740741,0.010752688172,17.29162
13.2897196,0.740740741,0.010752688172,17.29162
13.4579439,0.740740741,0.010752688172,17.29162
13.6261682,0.740740741,0.010752688172,17.29162
13.7943925,0.740740741,0.010752688172,17.29162
13.9626168,0.740740741,0.010752688172,17.29162
14.1308411,0.740740741,0.010752688172,17.29162
14.2990654,0.740740741,0.010752688172,17.29162
14.4672897,0.740740741,0.010752688172,17.29162
14.635514,0.740740741,0.010752688172,17.29162
14.8037383,0.740740741,0.010752688172,17.29162
14.9719626,0.740740741,0.010752688172,17.29162
15.1401869,0.740740741,0.010752688172,17.29162
15.3084112,0.740740741,0.010752688172,17.29162
15.4766355,0.740740741,0.010752688172,17.29162
15.6448598,0.740740741,0.010752688172,17.29162
15.8130841,0.740740741,0.010752688172,17.29162
15.9813084,0.740740741,0.010752688172,17.29162
16.1495327,0.740740741,0.010752688172,17.29162
16.317757,0.740740741,0.010752688172,17.29162
16.4859813,0.740740741,0.010752688172,17.29162
16.6542056,0.740740741,0.010752688172,17.29162
16.8224299,0.740740741,0.010752688172,17.29162
16.9906542,0.740740741,0.010752688172,17.29162
17.1588785,0.740740741,0.010752688172,16.30951
17.3271028,0.740740741,0.010752688172,17.29162
17.4953271,0.740740741,,147.2311
17.6635514,0.740740741,0.010752688172,19.33908
17.8317757,0.740740741,0.010752688172,17.14643
18,0.740740741,,101.3015
0,0.703703704,,254.0709
0.168224299,0.703703704,,254.0709
0.336448598,0.703703704,,254.0709
0.504672897,0.703703704,,254.0709
0.672897196,0.703703704,,254.0709
0.841121495,0.703703704,,254.0709
1.00934579,0.703703704,,254.0709
1.17757009,0.703703704,,254.0709
1.34579439,0.703703704,,254.0709
1.51401869,0.703703704,,254.0709
1.68224299,0.703703704,,254.0709
1.85046729,0.703703704,,254.0709
2.01869159,0.703703704,,254.0709
2.18691589,0.703703704,,254.0709
2.35514019,0.703703704,,254.0709
2.52336449,0.703703704,,254.0709
2.69158879,0.703703704,,254.0709
2.85981308,0.703703704,0.010752688172,17.29162
3.02803738,0.703703704,0.010752688172,17.29162
3.19626168,0.703703704,0.010752688172,17.29162
3.36448598,0.703703704,0.010752688172,17.29162
3.53271028,0.703703704,0.010752688172,17.29162
3.70093458,0.703703704,0.010752688172,17.29162
3.86915888,0.703703704,0.010752688172,17.29162
4.03738318,0.703703704,0.010752688172,17.29162
4.20560748,0.703703704,0.010752688172,17.29162
4.37383178,0.703703704,0.010752688172,17.29162
4.54205607,0.703703704,0.010752688172,17.29162
4.71028037,0.703703704,0.010752688172,17.29162
4.87850467,0.703703704,0.010752688172,17.29162
5.04672897,0.703703704,0.010752688172,17.29162
5.21495327,0.703703704,0.010752688172,17.29162
5.38317757,0.703703704,0.010752688172,17.29162
5.55140187,0.703703704,0.010752688172,17.29162
5.71962617,0.703703704,0.010752688172,17.29162
5.88785047,0.703703704,0.010752688172,17.29162
6.05607477,0.703703704,0.010752688172,17.29162
6.22429907,0.703703704,0.010752688172,17.29162
6.39252336,0.703703704,0.010752688172,17.29162
6.56074766,0.703703704,0.010752688172,17.29162
6.72897196,0.703703704,0.010752688172,17.29162
6.89719626,0.703703704,0.010752688172,17.29162
7.06542056,0.703703704,0.010752688172,17.29162
7.23364486,0.703703704,0.010752688172,17.29162
7.40186916,0.703703704,0.010752688172,17.29162
7.57009346,0.703703704,0.010752688172,17.29162
7.73831776,0.703703704,0.010752688172,17.29162
7.90654206,0.703703704,0.010752688172,17.29162
8.07476636,0.703703704,0.010752688172,17.29162
8.24299065,0.703703704,0.010752688172,17.29162
8.41121495,0.703703704,0.010752688172,17.29162
8.57943925,0.703703704,0.010752688172,17.29162
8.74766355,0.703703704,0.010752688172,17.29162
8.91588785,0.703703704,0.010752688172,17.29162
9.08411215,0.703703704,0.010752688172,17.29162
9.25233645,0.703703704,0.010752688172,17.29162
9.42056075,0.703703704,0.010752688172,17.29162
9.58878505,0.703703704,0.010752688172,17.29162
9.75700935,0.703703704,0.010752688172,17.29162
9.92523364,0.703703704,0.010752688172,17.29162
10.0934579,0.703703704,0.010752688172,17.29162
10.2616822,0.703703704,0.010752688172,17.29162
10.4299065,0.703703704,0.010752688172,17.29162
10.5981308,0.703703704,0.010752688172,17.29162
10.7663551,0.703703704,0.010752688172,17.29162
10.9345794,0.703703704,0.010752688172,17.29162
11.1028037,0.703703704,0.010752688172,17.29162
11.271028,0.703703704,0.010752688172,17.29162
11.4392523,0.703703704,0.010752688172,17.29162
11.6074766,0.703703704,0.010752688172,17.29162
11.7757009,0.703703704,0.010752688172,17.29162
11.9439252,0.703703704,0.010752688172,17.29162
12.1121495,0.703703704,0.010752688172,17.29162
12.2803738,0.703703704,0.010752688172,17.29162
12.4485981,0.703703704,0.010752688172,17.29162
12.6168224,0.703703704,0.010752688172,17.29162
12.7850467,0.703703704,0.010752688172,17.29162
12.953271,0.703703704,0.010752688172,17.29162
13.1214953,0.703703704,0.010752688172,17.29162
13.2897196,0.703703704,0.010752688172,17.29162
13.4579439,0.703703704,0.010752688172,17.29162
13.6261682,0.703703704,0.010752688172,17.29162
13.7943925,0.703703704,0.010752688172,17.29162
13.9626168,0.703703704,0.010752688172,17.29162
14.1308411,0.703703704,0.010752688172,17.29162
14.2990654,0.703703704,0.010752688172,17.29162
14.4672897,0.703703704,0.010752688172,17.29162
14.635514,0.703703704,0.010752688172,17.29162
14.8037383,0.703703704,0.010752688172,17.29162
14.9719626,0.703703704,0.010752688172,17.29162
15.1401869,0.703703704,0.010752688172,17.29162
15.3084112,0.703703704,0.010752688172,17.29162
15.4766355,0.703703704,0.010752688172,17.29162
15.6448598,0.703703704,0.010752688172,17.29162
15.8130841,0.703703704,0.010752688172,17.29162
15.9813084,0.703703704,0.010752688172,17.29162
16.1495327,0.703703704,0.010752688172,17.29162
16.317757,0.703703704,0.010752688172,17.29162
16.4859813,0.703703704,0.010752688172,16.27882
16.6542056,0.703703704,0.010752688172,15.52417
16.8224299,0.703703704,0.010752688172,15.32971
16.9906542,0.703703704,0.010752688172,14.59452
17.1588785,0.703703704,0.010752688172,14.59452
17.3271028,0.703703704,0.010752688172,15.55635
17.4953271,0.703703704,,73.91887
17.6635514,0.703703704,0.010752688172,16.52271
17.8317757,0.703703704,,52.05766
18,0.703703704,,85.09407
0,0.666666667,,254.0709
0.168224299,0.666666667,,254.0709
0.336448598,0.666666667,,254.0709
0.504672897,0.666666667,,254.0709
0.672897196,0.666666667,,254.0709
0.841121495,0.666666667,,254.0709
1.00934579,0.666666667,,254.0709
1.17757009,0.666666667,,254.0709
1.34579439,0.666666667,,254.0709
1.51401869,0.666666667,,254.0709
1.68224299,0.666666667,,254.0709
1.85046729,0.666666667,,254.0709
2.01869159,0.666666667,,254.0709
2.18691589,0.666666667,,254.0709
2.35514019,0.666666667,,254.0709
2.52336449,0.666666667,,254.0709
2.69158879,0.666666667,,254.0709
2.85981308,0.666666667,0.010752688172,17.29162
3.02803738,0.666666667,0.010752688172,17.29162
3.19626168,0.666666667,0.010752688172,17.29162
3.36448598,0.666666667,0.010752688172,17.29162
3.53271028,0.666666667,0.010752688172,17.29162
3.70093458,0.666666667,0.010752688172,17.29162
3.86915888,0.666666667,0.010752688172,17.29162
4.03738318,0.666666667,0.010752688172,17.29162
4.20560748,0.666666667,0.010752688172,17.29162
4.37383178,0.666666667,0.010752688172,17.29162
4.54205607,0.666666667,0.010752688172,17.29162
4.71028037,0.666666667,0.010752688172,17.29162
4.87850467,0.666666667,0.010752688172,17.29162
5.04672897,0.666666667,0.010752688172,17.29162
5.21495327,0.666666667,0.010752688172,17.29162
5.38317757,0.666666667,0.010752688172,17.29162
5.55140187,0.666666667,0.010752688172,17.29162
5.71962617,0.666666667,0.010752688172,17.29162
5.88785047,0.666666667,0.010752688172,17.29162
6.05607477,0.666666667,0.010752688172,17.29162
6.22429907,0.666666667,0.010752688172,17.29162
6.39252336,0.666666667,0.010752688172,17.29162
6.56074766,0.666666667,0.010752688172,17.29162
6.72897196,0.666666667,0.010752688172,17.29162
6.89719626,0.666666667,0.010752688172,17.29162
7.06542056,0.666666667,0.010752688172,17.29162
7.23364486,0.666666667,0.010752688172,17.29162
7.40186916,0.666666667,0.010752688172,17.29162
7.57009346,0.666666667,0.010752688172,17.29162
7.73831776,0.666666667,0.010752688172,17.29162
7.90654206,0.666666667,0.010752688172,17.29162
8.07476636,0.666666667,0.010752688172,17.29162
8.24299065,0.666666667,0.010752688172,17.29162
8.41121495,0.666666667,0.010752688172,17.29162
8.57943925,0.666666667,0.010752688172,17.29162
8.74766355,0.666666667,0.010752688172,17.29162
8.91588785,0.666666667,0.010752688172,17.29162
9.08411215,0.666666667,0.010752688172,17.29162
9.25233645,0.666666667,0.010752688172,17.29162
9.42056075,0.666666667,0.010752688172,17.29162
9.58878505,0.666666667,0.010752688172,17.29162
9.75700935,0.666666667,0.010752688172,17.29162
9.92523364,0.666666667,0.010752688172,17.29162
10.0934579,0.666666667,0.010752688172,17.29162
10.2616822,0.666666667,0.010752688172,17.29162
10.4299065,0.666666667,0.010752688172,17.29162
10.5981308,0.666666667,0.010752688172,17.29162
10.7663551,0.666666667,0.010752688172,17.29162
10.9345794,0.666666667,0.010752688172,17.29162
11.1028037,0.666666667,0.010752688172,17.29162
11.271028,0.666666667,0.010752688172,17.29162
11.4392523,0.666666667,0.010752688172,17.29162
11.6074766,0.666666667,0.010752688172,17.29162
11.7757009,0.666666667,0.010752688172,17.29162
11.9439252,0.666666667,0.010752688172,17.29162
12.1121495,0.666666667,0.010752688172,17.29162
12.2803738,0.666666667,0.010752688172,17.29162
12.4485981,0.666666667,0.010752688172,17.29162
12.6168224,0.666666667,0.010752688172,17.29162
12.7850467,0.666666667,0.010752688172,17.29162
12.953271,0.666666667,0.010752688172,17.29162
13.1214953,0.666666667,0.010752688172,17.29162
13.2897196,0.666666667,0.010752688172,17.29162
13.4579439,0.666666667,0.010752688172,17.29162
13.6261682,0.666666667,0.010752688172,17.29162
13.7943925,0.666666667,0.010752688172,17.29162
13.9626168,0.666666667,0.010752688172,17.29162
14.1308411,0.666666667,0.010752688172,17.29162
14.2990654,0.666666667,0.010752688172,17.29162
14.4672897,0.666666667,0.010752688172,17.29162
14.635514,0.666666667,0.010752688172,17.29162
14.8037383,0.666666667,0.010752688172,17.29162
14.9719626,0.666666667,0.010752688172,17.29162
15.1401869,0.666666667,0.010752688172,17.29162
15.3084112,0.666666667,0.010752688172,17.29162
15.4766355,0.666666667,0.010752688172,17.29162
15.6448598,0.666666667,0.010752688172,17.29162
15.8130841,0.666666667,0.010752688172,17.29162
15.9813084,0.666666667,0.010752688172,17.26268
16.1495327,0.666666667,0.010752688172,17.26268
16.317757,0.666666667,0.010752688172,16.27882
16.4859813,0.666666667,0.010752688172,15.55635
16.6542056,0.666666667,0.010752688172,14.59452
16.8224299,0.666666667,0.010752688172,14.59452
16.9906542,0.666666667,0.010752688172,14.59452
17.1588785,0.666666667,0.010752688172,14.59452
17.3271028,0.666666667,0.010752688172,14.59452
17.4953271,0.666666667,,147.153
17.6635514,0.666666667,0.0215053763441,26.34862
17.8317757,0.666666667,,102.2546
18,0.666666667,,58.88973
0,0.62962963,,254.0709
0.168224299,0.62962963,,254.0709
0.336448598,0.62962963,,254.0709
0.504672897,0.62962963,,254.0709
0.672897196,0.62962963,,254.0709
0.841121495,0.62962963,,254.0709
1.00934579,0.62962963,,254.0709
1.17757009,0.62962963,,254.0709
1.34579439,0.62962963,,254.0709
1.51401869,0.62962963,,254.0709
1.68224299,0.62962963,,254.0709
1.85046729,0.62962963,,254.0709
2.01869159,0.62962963,,254.0709
2.18691589,0.62962963,,254.0709
2.35514019,0.62962963,,254.0709
2.52336449,0.62962963,,254.0709
2.69158879,0.62962963,,254.0709
2.85981308,0.62962963,0.010752688172,17.29162
3.02803738,0.62962963,0.010752688172,17.29162
3.19626168,0.62962963,0.010752688172,17.29162
3.36448598,0.62962963,0.010752688172,17.29162
3.53271028,0.62962963,0.010752688172,17.29162
3.70093458,0.62962963,0.010752688172,17.29162
3.86915888,0.62962963,0.010752688172,17.29162
4.03738318,0.62962963,0.010752688172,17.29162
4.20560748,0.62962963,0.010752688172,17.29162
4.37383178,0.62962963,0.010752688172,17.29162
4.54205607,0.62962963,0.010752688172,17.29162
4.71028037,0.62962963,0.010752688172,17.29162
4.87850467,0.62962963,0.010752688172,17.29162
5.04672897,0.62962963,0.010752688172,17.29162
5.21495327,0.62962963,0.010752688172,17.29162
5.38317757,0.62962963,0.010752688172,17.29162
5.55140187,0.62962963,0.010752688172,17.29162
5.71962617,0.62962963,0.010752688172,17.29162
5.88785047,0.62962963,0.010752688172,17.29162
6.05607477,0.62962963,0.010752688172,17.29162
6.22429907,0.62962963,0.010752688172,17.29162
6.39252336,0.62962963,0.010752688172,17.29162
6.56074766,0.62962963,0.010752688172,17.29162
6.72897196,0.62962963,0.010752688172,17.29162
6.89719626,0.62962963,0.010752688172,17.29162
7.06542056,0.62962963,0.010752688172,17.29162
7.23364486,0.62962963,0.010752688172,17.29162
7.40186916,0.62962963,0.010752688172,17.29162
7.57009346,0.62962963,0.010752688172,17.29162
7.73831776,0.62962963,0.010752688172,17.29162
7.90654206,0.62962963,0.010752688172,17.29162
8.07476636,0.62962963,0.010752688172,17.29162
8.24299065,0.62962963,0.010752688172,17.29162
8.41121495,0.62962963,0.010752688172,17.29162
8.57943925,0.62962963,0.010752688172,17.29162
8.74766355,0.62962963,0.010752688172,17.29162
8.91588785,0.62962963,0.010752688172,17.29162
9.08411215,0.62962963,0.010752688172,17.29162
9.25233645,0.62962963,0.010752688172,17.29162
9.42056075,0.62962963,0.010752688172,17.29162
9.58878505,0.62962963,0.010752688172,17.29162
9.75700935,0.62962963,0.010752688172,17.29162
9.92523364,0.62962963,0.010752688172,17.29162
10.0934579,0.62962963,0.010752688172,17.29162
10.2616822,0.62962963,0.010752688172,17.29162
10.4299065,0.62962963,0.010752688172,17.29162
10.5981308,0.62962963,0.010752688172,17.29162
10.7663551,0.62962963,0.010752688172,17.29162
10.9345794,0.62962963,0.010752688172,17.29162
11.1028037,0.62962963,0.010752688172,17.29162
11.271028,0.62962963,0.010752688172,17.29162
11.4392523,0.62962963,0.010752688172,17.29162
11.6074766,0.62962963,0.010752688172,17.29162
11.7757009,0.62962963,0.010752688172,17.29162
11.9439252,0.62962963,0.010752688172,17.29162
12.1121495,0.62962963,0.010752688172,17.29162
12.2803738,0.62962963,0.010752688172,17.29162
12.4485981,0.62962963,0.010752688172,17.29162
12.6168224,0.62962963,0.010752688172,17.29162
12.7850467,0.62962963,0.010752688172,17.29162
12.953271,0.62962963,0.010752688172,17.29162
13.1214953,0.62962963,0.010752688172,17.29162
13.2897196,0.62962963,0.010752688172,17.29162
13.4579439,0.62962963,0.010752688172,17.29162
13.6261682,0.62962963,0.010752688172,17.29162
13.7943925,0.62962963,0.010752688172,17.29162
13.9626168,0.62962963,0.010752688172,17.29162
14.1308411,0.62962963,0.010752688172,17.29162
14.2990654,0.62962963,0.010752688172,17.29162
14.4672897,0.62962963,0.010752688172,17.29162
14.635514,0.62962963,0.010752688172,17.29162
14.8037383,0.62962963,0.010752688172,17.29162
14.9719626,0.62962963,0.010752688172,17.29162
15.1401869,0.62962963,0.010752688172,17.29162
15.3084112,0.62962963,0.010752688172,17.29162
15.4766355,0.62962963,0.010752688172,17.29162
15.6448598,0.62962963,0.010752688172,17.29162
15.8130841,0.62962963,0.010752688172,16.49242
15.9813084,0.62962963,0.010752688172,14.59452
16.1495327,0.62962963,0.010752688172,14.3527
16.317757,0.62962963,0.010752688172,14.59452
16.4859813,0.62962963,0.010752688172,14.59452
16.6542056,0.62962963,0.010752688172,14.59452
16.8224299,0.62962963,0.010752688172,14.3527
16.9906542,0.62962963,0.010752688172,14.3527
17.1588785,0.62962963,0.010752688172,14.3527
17.3271028,0.62962963,0.010752688172,14.3527
17.4953271,0.62962963,0.010752688172,12.72792
17.6635514,0.62962963,0.010752688172,21.09502
17.8317757,0.62962963,0.010752688172,12.72792
18,0.62962963,0.010752688172,14.3527
0,0.592592593,,254.0709
0.168224299,0.592592593,,254.0709
0.336448598,0.592592593,,254.0709
0.504672897,0.592592593,,254.0709
0.672897196,0.592592593,,254.0709
0.841121495,0.592592593,,254.0709
1.00934579,0.592592593,,254.0709
1.17757009,0.592592593,,254.0709
1.34579439,0.592592593,,254.0709
1.51401869,0.592592593,,254.0709
1.68224299,0.592592593,,254.0709
1.85046729,0.592592593,,254.0709
2.01869159,0.592592593,,254.0709
2.18691589,0.592592593,,254.0709
2.35514019,0.592592593,,254.0709
2.52336449,0.592592593,,254.0709
2.69158879,0.592592593,,254.0709
2.85981308,0.592592593,0.010752688172,17.29162
3.02803738,0.592592593,0.010752688172,17.29162
3.19626168,0.592592593,0.010752688172,17.29162
3.36448598,0.592592593,0.010752688172,17.29162
3.53271028,0.592592593,0.010752688172,17.29162
3.70093458,0.592592593,0.010752688172,17.29162
3.86915888,0.592592593,0.010752688172,17.29162
4.03738318,0.592592593,0.010752688172,17.29162
4.20560748,0.592592593,0.010752688172,17.29162
4.37383178,0.592592593,0.010752688172,17.29162
4.54205607,0.592592593,0.010752688172,17.29162
4.71028037,0.592592593,0.010752688172,17.29162
4.87850467,0.592592593,0.010752688172,17.29162
5.04672897,0.592592593,0.010752688172,17.29162
5.21495327,0.592592593,0.010752688172,17.29162
5.38317757,0.592592593,0.010752688172,17.29162
5.55140187,0.592592593,0.010752688172,17.29162
5.71962617,0.592592593,0.010752688172,17.29162
5.88785047,0.592592593,0.010752688172,17.29162
6.05607477,0.592592593,0.010752688172,17.29162
6.22429907,0.592592593,0.010752688172,17.29162
6.39252336,0.592592593,0.010752688172,17.29162
6.56074766,0.592592593,0.010752688172,17.29162
6.72897196,0.592592593,0.010752688172,17.29162
6.89719626,0.592592593,0.010752688172,17.29162
7.06542056,0.592592593,0.010752688172,17.29162
7.23364486,0.592592593,0.010752688172,17.29162
7.40186916,0.592592593,0.010752688172,17.29162
7.57009346,0.592592593,0.010752688172,17.29162
7.73831776,0.592592593,0.010752688172,17.29162
7.90654206,0.592592593,0.010752688172,17.29162
8.07476636,0.592592593,0.010752688172,17.29162
8.24299065,0.592592593,0.010752688172,17.29162
8.41121495,0.592592593,0.010752688172,17.29162
8.57943925,0.592592593,0.010752688172,17.29162
8.74766355,0.592592593,0.010752688172,17.29162
8.91588785,0.592592593,0.010752688172,17.29162
9.08411215,0.592592593,0.010752688172,17.29162
9.25233645,0.592592593,0.010752688172,17.29162
9.42056075,0.592592593,0.010752688172,17.29162
9.58878505,0.592592593,0.010752688172,17.29162
9.75700935,0.592592593,0.010752688172,17.29162
9.92523364,0.592592593,0.010752688172,17.29162
10.0934579,0.592592593,0.010752688172,17.29162
10.2616822,0.592592593,0.010752688172,17.29162
10.4299065,0.592592593,0.010752688172,17.29162
10.5981308,0.592592593,0.010752688172,17.29162
10.7663551,0.592592593,0.010752688172,17.29162
10.9345794,0.592592593,0.010752688172,17.29162
11.1028037,0.592592593,0.010752688172,17.29162
11.271028,0.592592593,0.010752688172,17.29162
11.4392523,0.592592593,0.010752688172,17.29162
11.6074766,0.592592593,0.010752688172,17.29162
11.7757009,0.592592593,0.010752688172,17.29162
11.9439252,0.592592593,0.010752688172,17.29162
12.1121495,0.592592593,0.010752688172,17.29162
12.2803738,0.592592593,0.010752688172,17.29162
12.4485981,0.592592593,0.010752688172,17.29162
12.6168224,0.592592593,0.010752688172,17.29162
12.7850467,0.592592593,0.010752688172,17.29162
12.953271,0.592592593,0.010752688172,17.29162
13.1214953,0.592592593,0.010752688172,17.29162
13.2897196,0.592592593,0.010752688172,17.29162
13.4579439,0.592592593,0.010752688172,17.29162
13.6261682,0.592592593,0.010752688172,17.29162
13.7943925,0.592592593,0.010752688172,17.29162
13.9626168,0.592592593,0.010752688172,17.29162
14.1308411,0.592592593,0.010752688172,17.29162
14.2990654,0.592592593,0.010752688172,17.29162
14.4672897,0.592592593,0.010752688172,17.29162
14.635514,0.592592593,0.010752688172,17.29162
14.8037383,0.592592593,0.010752688172,17.26268
14.9719626,0.592592593,0.010752688172,17.29162
15.1401869,0.592592593,0.010752688172,17.29162
15.3084112,0.592592593,0.010752688172,15.55635
15.4766355,0.592592593,0.010752688172,14.56022
15.6448598,0.592592593,0.010752688172,14.59452
15.8130841,0.592592593,0.010752688172,14.59452
15.9813084,0.592592593,0.010752688172,14.59452
16.1495327,0.592592593,0.010752688172,14.3527
16.317757,0.592592593,0.010752688172,14.3527
16.4859813,0.592592593,0.010752688172,14.3527
16.6542056,0.592592593,0.010752688172,14.3527
16.8224299,0.592592593,0.010752688172,14.3527
16.9906542,0.592592593,0.010752688172,14.3527
17.1588785,0.592592593,0.010752688172,14.3527
17.3271028,0.592592593,0.010752688172,14.3527
17.4953271,0.592592593,0.010752688172,14.3527
17.6635514,0.592592593,0.010752688172,14.3527
17.8317757,0.592592593,0.010752688172,14.59452
18,0.592592593,0.010752688172,14.59452
0,0.555555556,,254.0709
0.168224299,0.555555556,,254.0709
0.336448598,0.555555556,,254.0709
0.504672897,0.555555556,,254.0709
0.672897196,0.555555556,,254.0709
0.841121495,0.555555556,,254.0709
1.00934579,0.555555556,,254.0709
1.17757009,0.555555556,,254.0709
1.34579439,0.555555556,,254.0709
1.51401869,0.555555556,,254.0709
1.68224299,0.555555556,,254.0709
1.85046729,0.555555556,,254.0709
2.01869159,0.555555556,,254.0709
2.18691589,0.555555556,,254.0709
2.35514019,0.555555556,,254.0709
2.52336449,0.555555556,,254.0709
2.69158879,0.555555556,,254.0709
2.85981308,0.555555556,0.010752688172,17.29162
3.02803738,0.555555556,0.010752688172,17.29162
3.19626168,0.555555556,0.010752688172,17.29162
3.36448598,0.555555556,0.010752688172,17.29162
3.53271028,0.555555556,0.010752688172,17.29162
3.70093458,0.555555556,0.010752688172,17.29162
3.86915888,0.555555556,0.010752688172,17.29162
4.03738318,0.555555556,0.010752688172,17.29162
4.20560748,0.555555556,0.010752688172,17.29162
4.37383178,0.555555556,0.010752688172,17.29162
4.54205607,0.555555556,0.010752688172,17.29162
4.71028037,0.555555556,0.010752688172,17.29162
4.87850467,0.555555556,0.010752688172,17.29162
5.04672897,0.555555556,0.010752688172,17.29162
5.21495327,0.555555556,0.010752688172,17.29162
5.38317757,0.555555556,0.010752688172,17.29162
5.55140187,0.555555556,0.010752688172,17.29162
5.71962617,0.555555556,0.010752688172,17.29162
5.88785047,0.555555556,0.010752688172,17.29162
6.05607477,0.555555556,0.010752688172,17.29162
6.22429907,0.555555556,0.010752688172,17.29162
6.39252336,0.555555556,0.010752688172,17.29162
6.56074766,0.555555556,0.010752688172,17.29162
6.72897196,0.555555556,0.010752688172,17.29162
6.89719626,0.555555556,0.010752688172,17.29162
7.06542056,0.555555556,0.010752688172,17.29162
7.23364486,0.555555556,0.010752688172,17.29162
7.40186916,0.555555556,0.010752688172,17.29162
7.57009346,0.555555556,0.010752688172,17.29162
7.73831776,0.555555556,0.010752688172,17.29162
7.90654206,0.555555556,0.010752688172,17.29162
8.07476636,0.555555556,0.010752688172,17.29162
8.24299065,0.555555556,0.010752688172,17.29162
8.41121495,0.555555556,0.010752688172,17.29162
8.57943925,0.555555556,0.010752688172,17.29162
8.74766355,0.555555556,0.010752688172,17.29162
8.91588785,0.555555556,0.010752688172,17.29162
9.08411215,0.555555556,0.010752688172,17.29162
9.25233645,0.555555556,0.010752688172,17.29162
9.42056075,0.555555556,0.010752688172,17.29162
9.58878505,0.555555556,0.010752688172,17.29162
9.75700935,0.555555556,0.010752688172,17.29162
9.92523364,0.555555556,0.010752688172,17.29162
10.0934579,0.555555556,0.010752688172,17.29162
10.2616822,0.555555556,0.010752688172,17.29162
10.4299065,0.555555556,0.010752688172,17.29162
10.5981308,0.555555556,0.010752688172,17.29162
10.7663551,0.555555556,0.010752688172,17.29162
10.9345794,0.555555556,0.010752688172,17.29162
11.1028037,0.555555556,0.010752688172,17.29162
11.271028,0.555555556,0.010752688172,17.29162
11.4392523,0.555555556,0.010752688172,17.29162
11.6074766,0.555555556,0.010752688172,17.29162
11.7757009,0.555555556,0.010752688172,17.29162
11.9439252,0.555555556,0.010752688172,17.29162
12.1121495,0.555555556,0.010752688172,17.29162
12.2803738,0.555555556,0.010752688172,17.29162
12.4485981,0.555555556,0.010752688172,17.29162
12.6168224,0.555555556,0.010752688172,17.29162
12.7850467,0.555555556,0.010752688172,17.29162
12.953271,0.555555556,0.010752688172,17.29162
13.1214953,0.555555556,0.010752688172,17.29162
13.2897196,0.555555556,0.010752688172,17.29162
13.4579439,0.555555556,0.010752688172,17.29162
13.6261682,0.555555556,0.010752688172,17.29162
13.7943925,0.555555556,0.010752688172,17.29162
13.9626168,0.555555556,0.010752688172,17.29162
14.1308411,0.555555556,0.010752688172,17.29162
14.2990654,0.555555556,0.010752688172,17.29162
14.4672897,0.555555556,0.010752688172,17.26268
14.635514,0.555555556,0.010752688172,17.29162
14.8037383,0.555555556,0.010752688172,17.26268
14.9719626,0.555555556,0.010752688172,16.52271
15.1401869,0.555555556,0.010752688172,15.52417
15.3084112,0.555555556,0.010752688172,14.3527
15.4766355,0.555555556,0.010752688172,14.3527
15.6448598,0.555555556,0.010752688172,14.3527
15.8130841,0.555555556,0.010752688172,14.3527
15.9813084,0.555555556,0.010752688172,14.3527
16.1495327,0.555555556,0.010752688172,14.59452
16.317757,0.555555556,0.010752688172,14.3527
16.4859813,0.555555556,0.010752688172,14.3527
16.6542056,0.555555556,0.010752688172,14.3527
16.8224299,0.555555556,0.010752688172,13.37909
16.9906542,0.555555556,0.010752688172,13.63818
17.1588785,0.555555556,0.010752688172,13.63818
17.3271028,0.555555556,0.010752688172,14.31782
17.4953271,0.555555556,0.010752688172,14.3527
17.6635514,0.555555556,0.010752688172,14.3527
17.8317757,0.555555556,0.010752688172,14.3527
18,0.555555556,0.010752688172,14.3527
0,0.518518519,,254.0709
0.168224299,0.518518519,,254.0709
0.336448598,0.518518519,,254.0709
0.504672897,0.518518519,,254.0709
0.672897196,0.518518519,,254.0709
0.841121495,0.518518519,,254.0709
1.00934579,0.518518519,,254.0709
1.17757009,0.518518519,,254.0709
1.34579439,0.518518519,,254.0709
1.51401869,0.518518519,,254.0709
1.68224299,0.518518519,,254.0709
1.85046729,0.518518519,,254.0709
2.01869159,0.518518519,,254.0709
2.18691589,0.518518519,,254.0709
2.35514019,0.518518519,,254.0709
2.52336449,0.518518519,,254.0709
2.69158879,0.518518519,,254.0709
2.85981308,0.518518519,0.010752688172,17.29162
3.02803738,0.518518519,0.010752688172,17.29162
3.19626168,0.518518519,0.010752688172,17.29162
3.36448598,0.518518519,0.010752688172,17.29162
3.53271028,0.518518519,0.010752688172,17.29162
3.70093458,0.518518519,0.010752688172,17.29162
3.86915888,0.518518519,0.010752688172,17.29162
4.03738318,0.518518519,0.010752688172,17.29162
4.20560748,0.518518519,0.010752688172,17.29162
4.37383178,0.518518519,0.010752688172,17.29162
4.54205607,0.518518519,0.010752688172,17.29162
4.71028037,0.518518519,0.010752688172,17.29162
4.87850467,0.518518519,0.010752688172,17.29162
5.04672897,0.518518519,0.010752688172,17.29162
5.21495327,0.518518519,0.010752688172,17.29162
5.38317757,0.518518519,0.010752688172,17.29162
5.55140187,0.518518519,0.010752688172,17.29162
5.71962617,0.518518519,0.010752688172,17.29162
5.88785047,0.518518519,0.010752688172,17.29162
6.05607477,0.518518519,0.010752688172,17.29162
6.22429907,0.518518519,0.010752688172,17.29162
6.39252336,0.518518519,0.010752688172,17.29162
6.56074766,0.518518519,0.010752688172,17.29162
6.72897196,0.518518519,0.010752688172,17.29162
6.89719626,0.518518519,0.010752688172,17.29162
7.06542056,0.518518519,0.010752688172,17.29162
7.23364486,0.518518519,0.010752688172,17.29162
7.40186916,0.518518519,0.010752688172,17.29162
7.57009346,0.518518519,0.010752688172,17.29162
7.73831776,0.518518519,0.010752688172,17.29162
7.90654206,0.518518519,0.010752688172,17.29162
8.07476636,0.518518519,0.010752688172,17.29162
8.24299065,0.518518519,0.010752688172,17.29162
8.41121495,0.518518519,0.010752688172,17.29162
8.57943925,0.518518519,0.010752688172,17.29162
8.74766355,0.518518519,0.010752688172,17.29162
8.91588785,0.518518519,0.010752688172,17.29162
9.08411215,0.518518519,0.010752688172,17.29162
9.25233645,0.518518519,0.010752688172,17.29162
9.42056075,0.518518519,0.010752688172,17.29162
9.58878505,0.518518519,0.010752688172,17.29162
9.75700935,0.518518519,0.010752688172,17.29162
9.92523364,0.518518519,0.010752688172,17.29162
10.0934579,0.518518519,0.010752688172,17.29162
10.2616822,0.518518519,0.010752688172,17.29162
10.4299065,0.518518519,0.010752688172,17.29162
10.5981308,0.518518519,0.010752688172,17.29162
10.7663551,0.518518519,0.010752688172,17.29162
10.9345794,0.518518519,0.010752688172,17.29162
11.1028037,0.518518519,0.010752688172,17.29162
11.271028,0.518518519,0.010752688172,17.29162
11.4392523,0.518518519,0.010752688172,17.29162
11.6074766,0.518518519,0.010752688172,17.29162
11.7757009,0.518518519,0.010752688172,17.29162
11.9439252,0.518518519,0.010752688172,17.29162
12.1121495,0.518518519,0.010752688172,17.29162
12.2803738,0.518518519,0.010752688172,17.29162
12.4485981,0.518518519,0.010752688172,17.29162
12.6168224,0.518518519,0.010752688172,17.29162
12.7850467,0.518518519,0.010752688172,17.29162
12.953271,0.518518519,0.010752688172,17.29162
13.1214953,0.518518519,0.010752688172,17.29162
13.2897196,0.518518519,0.010752688172,17.29162
13.4579439,0.518518519,0.010752688172,17.29162
13.6261682,0.518518519,0.010752688172,16.30951
13.7943925,0.518518519,0.010752688172,16.30951
13.9626168,0.518518519,0.010752688172,16.30951
14.1308411,0.518518519,0.010752688172,15.52417
14.2990654,0.518518519,0.010752688172,15.52417
14.4672897,0.518518519,0.010752688172,14.3527
14.635514,0.518518519,0.010752688172,14.3527
14.8037383,0.518518519,0.010752688172,14.59452
14.9719626,0.518518519,0.010752688172,14.59452
15.1401869,0.518518519,0.010752688172,14.3527
15.3084112,0.518518519,0.010752688172,14.59452
15.4766355,0.518518519,0.010752688172,14.59452
15.6448598,0.518518519,0.010752688172,14.3527
15.8130841,0.518518519,0.010752688172,13.63818
15.9813084,0.518518519,0.010752688172,13.63818
16.1495327,0.518518519,0.010752688172,12.68858
16.317757,0.518518519,0.010752688172,12.68858
16.4859813,0.518518519,0.010752688172,11.74734
16.6542056,0.518518519,0.010752688172,11.74734
16.8224299,0.518518519,0.010752688172,11.74734
16.9906542,0.518518519,0.010752688172,11.74734
17.1588785,0.518518519,0.010752688172,12.68858
17.3271028,0.518518519,0.010752688172,12.68858
17.4953271,0.518518519,0.010752688172,12.68858
17.6635514,0.518518519,0.010752688172,12.68858
17.8317757,0.518518519,0.010752688172,12.68858
18,0.518518519,0.010752688172,14.3527
0,0.481481481,,254.0709
0.168224299,0.481481481,,254.0709
0.336448598,0.481481481,,254.0709
0.504672897,0.481481481,,254.0709
0.672897196,0.481481481,,254.0709
0.841121495,0.481481481,,254.0709
1.00934579,0.481481481,,254.0709
1.17757009,0.481481481,,254.0709
1.34579439,0.481481481,,254.0709
1.51401869,0.481481481,,254.0709
1.68224299,0.481481481,,254.0709
1.85046729,0.481481481,,254.0709
2.01869159,0.481481481,,254.0709
2.18691589,0.481481481,,254.0709
2.35514019,0.481481481,,254.0709
2.52336449,0.481481481,,254.0709
2.69158879,0.481481481,,254.0709
2.85981308,0.481481481,0.010752688172,17.29162
3.02803738,0.481481481,0.010752688172,17.29162
3.19626168,0.481481481,0.010752688172,17.29162
3.36448598,0.481481481,0.010752688172,17.29162
3.53271028,0.481481481,0.010752688172,17.29162
3.70093458,0.481481481,0.010752688172,17.29162
3.86915888,0.481481481,0.010752688172,17.29162
4.03738318,0.481481481,0.010752688172,17.29162
4.20560748,0.481481481,0.010752688172,17.29162
4.37383178,0.481481481,0.010752688172,17.29162
4.54205607,0.481481481,0.010752688172,17.29162
4.71028037,0.481481481,0.010752688172,17.29162
4.87850467,0.481481481,0.010752688172,17.29162
5.04672897,0.481481481,0.010752688172,17.29162
5.21495327,0.481481481,0.010752688172,17.29162
5.38317757,0.481481481,0.010752688172,17.29162
5.55140187,0.481481481,0.010752688172,17.29162
5.71962617,0.481481481,0.010752688172,17.29162
5.88785047,0.481481481,0.010752688172,17.29162
6.05607477,0.481481481,0.010752688172,17.29162
6.22429907,0.481481481,0.010752688172,17.29162
6.39252336,0.481481481,0.010752688172,17.29162
6.56074766,0.481481481,0.010752688172,17.29162
6.72897196,0.481481481,0.010752688172,17.29162
6.89719626,0.481481481,0.010752688172,17.29162
7.06542056,0.481481481,0.010752688172,17.29162
7.23364486,0.481481481,0.010752688172,17.29162
7.40186916,0.481481481,0.010752688172,17.29162
7.57009346,0.481481481,0.010752688172,17.29162
7.73831776,0.481481481,0.010752688172,17.29162
7.90654206,0.481481481,0.010752688172,17.29162
8.07476636,0.481481481,0.010752688172,17.29162
8.24299065,0.481481481,0.010752688172,17.29162
8.41121495,0.481481481,0.010752688172,17.29162
8.57943925,0.481481481,0.010752688172,17.29162
8.74766355,0.481481481,0.010752688172,17.29162
8.91588785,0.481481481,0.010752688172,17.29162
9.08411215,0.481481481,0.010752688172,17.29162
9.25233645,0.481481481,0.010752688172,17.29162
9.42056075,0.481481481,0.010752688172,17.29162
9.58878505,0.481481481,0.010752688172,17.29162
9.75700935,0.481481481,0.010752688172,17.29162
9.92523364,0.481481481,0.010752688172,17.29162
10.0934579,0.481481481,0.010752688172,17.29162
10.2616822,0.481481481,0.010752688172,16.30951
10.4299065,0.481481481,0.010752688172,16.27882
10.5981308,0.481481481,0.010752688172,16.52271
10.7663551,0.481481481,0.010752688172,15.55635
10.9345794,0.481481481,0.010752688172,15.55635
11.1028037,0.481481481,0.010752688172,15.55635
11.271028,0.481481481,0.010752688172,15.55635
11.4392523,0.481481481,0.010752688172,15.55635
11.6074766,0.481481481,0.010752688172,15.55635
11.7757009,0.481481481,0.010752688172,15.55635
11.9439252,0.481481481,0.010752688172,15.55635
12.1121495,0.481481481,0.010752688172,15.55635
12.2803738,0.481481481,0.010752688172,15.55635
12.4485981,0.481481481,0.010752688172,15.55635
12.6168224,0.481481481,0.010752688172,15.32971
12.7850467,0.481481481,0.010752688172,14.3527
12.953271,0.481481481,0.010752688172,14.3527
13.1214953,0.481481481,0.010752688172,14.3527
13.2897196,0.481481481,0.010752688172,14.59452
13.4579439,0.481481481,0.010752688172,14.59452
13.6261682,0.481481481,0.010752688172,14.59452
13.7943925,0.481481481,0.010752688172,14.59452
13.9626168,0.481481481,0.010752688172,14.59452
14.1308411,0.481481481,0.010752688172,14.59452
14.2990654,0.481481481,0.010752688172,14.59452
14.4672897,0.481481481,0.010752688172,14.3527
14.635514,0.481481481,0.010752688172,14.31782
14.8037383,0.481481481,0.010752688172,13.37909
14.9719626,0.481481481,0.010752688172,13.63818
15.1401869,0.481481481,0.010752688172,13.63818
15.3084112,0.481481481,0.010752688172,11.74734
15.4766355,0.481481481,0.010752688172,11.44552
15.6448598,0.481481481,0.010752688172,10.81665
15.8130841,0.481481481,0.010752688172,10.81665
15.9813084,0.481481481,0.010752688172,8.602325
16.1495327,0.481481481,0.010752688172,8.602325
16.317757,0.481481481,0.010752688172,9
16.4859813,0.481481481,0.010752688172,8.124038
16.6542056,0.481481481,0.010752688172,9
16.8224299,0.481481481,0.010752688172,9
16.9906542,0.481481481,0.010752688172,9
17.1588785,0.481481481,0.010752688172,9.539392
17.3271028,0.481481481,0.010752688172,9.899495
17.4953271,0.481481481,0.010752688172,10.81665
17.6635514,0.481481481,0.010752688172,11.44552
17.8317757,0.481481481,0.010752688172,12.68858
18,0.481481481,0.010752688172,12.68858
0,0.444444444,,254.0709
0.168224299,0.444444444,,254.0709
0.336448598,0.444444444,,254.0709
0.504672897,0.444444444,,254.0709
0.672897196,0.444444444,,254.0709
0.841121495,0.444444444,,254.0709
1.00934579,0.444444444,,254.0709
1.17757009,0.444444444,,254.0709
1.34579439,0.444444444,,254.0709
1.51401869,0.444444444,,254.0709
1.68224299,0.444444444,,254.0709
1.85046729,0.444444444,,254.0709
2.01869159,0.444444444,,254.0709
2.18691589,0.444444444,,254.0709
2.35514019,0.444444444,,254.0709
2.52336449,0.444444444,,254.0709
2.69158879,0.444444444,,254.0709
2.85981308,0.444444444,0.010752688172,22.04541
3.02803738,0.444444444,0.010752688172,17.29162
3.19626168,0.444444444,0.010752688172,17.29162
3.36448598,0.444444444,0.010752688172,17.29162
3.53271028,0.444444444,0.010752688172,17.29162
3.70093458,0.444444444,0.010752688172,17.29162
3.86915888,0.444444444,0.010752688172,17.29162
4.03738318,0.444444444,0.010752688172,17.29162
4.20560748,0.444444444,0.010752688172,17.29162
4.37383178,0.444444444,0.010752688172,17.29162
4.54205607,0.444444444,0.010752688172,17.29162
4.71028037,0.444444444,0.010752688172,17.29162
4.87850467,0.444444444,0.010752688172,17.29162
5.04672897,0.444444444,0.010752688172,17.29162
5.21495327,0.444444444,0.010752688172,17.29162
5.38317757,0.444444444,0.010752688172,17.29162
5.55140187,0.444444444,0.010752688172,17.29162
5.71962617,0.444444444,0.010752688172,17.29162
5.88785047,0.444444444,0.010752688172,17.29162
6.05607477,0.444444444,0.010752688172,17.29162
6.22429907,0.444444444,0.010752688172,17.29162
6.39252336,0.444444444,0.010752688172,17.29162
6.56074766,0.444444444,0.010752688172,17.29162
6.72897196,0.444444444,0.010752688172,17.29162
6.89719626,0.444444444,0.010752688172,17.29162
7.06542056,0.444444444,0.010752688172,17.29162
7.23364486,0.444444444,0.010752688172,17.29162
7.40186916,0.444444444,0.010752688172,17.29162
7.57009346,0.444444444,0.010752688172,17.29162
7.73831776,0.444444444,0.010752688172,17.29162
7.90654206,0.444444444,0.010752688172,17.29162
8.07476636,0.444444444,0.010752688172,17.29162
8.24299065,0.444444444,0.010752688172,17.29162
8.41121495,0.444444444,0.010752688172,17.29162
8.57943925,0.444444444,0.010752688172,17.29162
8.74766355,0.444444444,0.010752688172,17.29162
8.91588785,0.444444444,0.010752688172,17.29162
9.08411215,0.444444444,0.010752688172,17.29162
9.25233645,0.444444444,0.010752688172,17.26268
9.42056075,0.444444444,0.010752688172,16.30951
9.58878505,0.444444444,0.010752688172,15.29706
9.75700935,0.444444444,0.010752688172,14.3527
9.92523364,0.444444444,0.010752688172,14.59452
10.0934579,0.444444444,0.010752688172,14.3527
10.2616822,0.444444444,0.010752688172,14.59452
10.4299065,0.444444444,0.010752688172,14.59452
10.5981308,0.444444444,0.010752688172,14.3527
10.7663551,0.444444444,0.010752688172,14.59452
10.9345794,0.444444444,0.010752688172,14.59452
11.1028037,0.444444444,0.010752688172,14.59452
11.271028,0.444444444,0.010752688172,14.59452
11.4392523,0.444444444,0.010752688172,14.59452
11.6074766,0.444444444,0.010752688172,14.59452
11.7757009,0.444444444,0.010752688172,14.59452
11.9439252,0.444444444,0.010752688172,14.59452
12.1121495,0.444444444,0.010752688172,14.3527
12.2803738,0.444444444,0.010752688172,14.3527
12.4485981,0.444444444,0.010752688172,14.3527
12.6168224,0.444444444,0.010752688172,14.3527
12.7850467,0.444444444,0.010752688172,14.3527
12.953271,0.444444444,0.010752688172,14.3527
13.1214953,0.444444444,0.010752688172,14.3527
13.2897196,0.444444444,0.010752688172,14.3527
13.4579439,0.444444444,0.010752688172,13.63818
13.6261682,0.444444444,0.010752688172,13.63818
13.7943925,0.444444444,0.010752688172,13.63818
13.9626168,0.444444444,0.010752688172,12.68858
14.1308411,0.444444444,0.010752688172,12.68858
14.2990654,0.444444444,0.010752688172,11.74734
14.4672897,0.444444444,0.010752688172,11.44552
14.635514,0.444444444,0.010752688172,9.899495
14.8037383,0.444444444,0.010752688172,9.539392
14.9719626,0.444444444,0.010752688172,9.539392
15.1401869,0.444444444,0.010752688172,8.062258
15.3084112,0.444444444,0.010752688172,6.403124
15.4766355,0.444444444,0.010752688172,5
15.6448598,0.444444444,0.010752688172,6.403124
15.8130841,0.444444444,0.010752688172,5.656854
15.9813084,0.444444444,0.010752688172,4.472136
16.1495327,0.444444444,0.010752688172,4.242641
16.317757,0.444444444,0.010752688172,3.741657
16.4859813,0.444444444,0.010752688172,3.605551
16.6542056,0.444444444,0.010752688172,4.242641
16.8224299,0.444444444,0.010752688172,5.656854
16.9906542,0.444444444,0.010752688172,6.403124
17.1588785,0.444444444,0.010752688172,7.28011
17.3271028,0.444444444,0.010752688172,8.124038
17.4953271,0.444444444,0.010752688172,9
17.6635514,0.444444444,0.010752688172,9.899495
17.8317757,0.444444444,0.010752688172,9.899495
18,0.444444444,0.010752688172,11.40175
0,0.407407407,,254.0709
0.168224299,0.407407407,,254.0709
0.336448598,0.407407407,,254.0709
0.504672897,0.407407407,,254.0709
0.672897196,0.407407407,,254.0709
0.841121495,0.407407407,,254.0709
1.00934579,0.407407407,,254.0709
1.17757009,0.407407407,,254.0709
1.34579439,0.407407407,,254.0709
1.51401869,0.407407407,,254.0709
1.68224299,0.407407407,,254.0709
1.85046729,0.407407407,,254.0709
2.01869159,0.407407407,,254.0709
2.18691589,0.407407407,,254.0709
2.35514019,0.407407407,,254.0709
2.52336449,0.407407407,,254.0709
2.69158879,0.407407407,,254.0709
2.85981308,0.407407407,,108.1249
3.02803738,0.407407407,0.010752688172,17.29162
3.19626168,0.407407407,0.010752688172,17.29162
3.36448598,0.407407407,0.010752688172,17.29162
3.53271028,0.407407407,0.010752688172,17.29162
3.70093458,0.407407407,0.010752688172,17.29162
3.86915888,0.407407407,0.010752688172,17.29162
4.03738318,0.407407407,0.010752688172,17.29162
4.20560748,0.407407407,0.010752688172,17.29162
4.37383178,0.407407407,0.010752688172,17.29162
4.54205607,0.407407407,0.010752688172,17.29162
4.71028037,0.407407407,0.010752688172,17.29162
4.87850467,0.407407407,0.010752688172,17.29162
5.04672897,0.407407407,0.010752688172,17.29162
5.21495327,0.407407407,0.010752688172,17.29162
5.38317757,0.407407407,0.010752688172,17.29162
5.55140187,0.407407407,0.010752688172,17.29162
5.71962617,0.407407407,0.010752688172,17.29162
5.88785047,0.407407407,0.010752688172,17.29162
6.05607477,0.407407407,0.010752688172,17.29162
6.22429907,0.407407407,0.010752688172,17.29162
6.39252336,0.407407407,0.010752688172,17.29162
6.56074766,0.407407407,0.010752688172,17.29162
6.72897196,0.407407407,0.010752688172,17.29162
6.89719626,0.407407407,0.010752688172,17.29162
7.06542056,0.407407407,0.010752688172,17.29162
7.23364486,0.407407407,0.010752688172,17.29162
7.40186916,0.407407407,0.010752688172,17.29162
7.57009346,0.407407407,0.010752688172,17.29162
7.73831776,0.407407407,0.010752688172,17.29162
7.90654206,0.407407407,0.010752688172,17.29162
8.07476636,0.407407407,0.010752688172,17.29162
8.24299065,0.407407407,0.010752688172,17.29162
8.41121495,0.407407407,0.010752688172,17.29162
8.57943925,0.407407407,0.010752688172,17.29162
8.74766355,0.407407407,0.010752688172,17.29162
8.91588785,0.407407407,0.010752688172,17.26268
9.08411215,0.407407407,0.010752688172,15.52417
9.25233645,0.407407407,0.010752688172,14.31782
9.42056075,0.407407407,0.010752688172,14.3527
9.58878505,0.407407407,0.010752688172,14.3527
9.75700935,0.407407407,0.010752688172,14.3527
9.92523364,0.407407407,0.010752688172,12.36932
10.0934579,0.407407407,0.010752688172,13.37909
10.2616822,0.407407407,0.010752688172,13.37909
10.4299065,0.407407407,0.010752688172,12.68858
10.5981308,0.407407407,0.010752688172,12.68858
10.7663551,0.407407407,0.010752688172,12.40967
10.9345794,0.407407407,0.010752688172,12.40967
11.1028037,0.407407407,0.010752688172,11.74734
11.271028,0.407407407,0.010752688172,11.74734
11.4392523,0.407407407,0.010752688172,11.74734
11.6074766,0.407407407,0.010752688172,12.68858
11.7757009,0.407407407,0.010752688172,13.37909
11.9439252,0.407407407,0.010752688172,12.40967
12.1121495,0.407407407,0.010752688172,12.40967
12.2803738,0.407407407,0.010752688172,12.40967
12.4485981,0.407407407,0.010752688172,12.40967
12.6168224,0.407407407,0.010752688172,12.40967
12.7850467,0.407407407,0.010752688172,12.40967
12.953271,0.407407407,0.010752688172,12.40967
13.1214953,0.407407407,0.010752688172,12.40967
13.2897196,0.407407407,0.010752688172,12.40967
13.4579439,0.407407407,0.010752688172,11.74734
13.6261682,0.407407407,0.010752688172,11.74734
13.7943925,0.407407407,0.010752688172,11.74734
13.9626168,0.407407407,0.010752688172,10.81665
14.1308411,0.407407407,0.010752688172,9.899495
14.2990654,0.407407407,0.010752688172,9.899495
14.4672897,0.407407407,0.010752688172,9
14.635514,0.407407407,0.010752688172,8.944272
14.8037383,0.407407407,0.010752688172,6.403124
14.9719626,0.407407407,0.010752688172,5.656854
15.1401869,0.407407407,0.010752688172,5.656854
15.3084112,0.407407407,0.010752688172,4.472136
15.4766355,0.407407407,0.010752688172,3.162278
15.6448598,0.407407407,0.010752688172,3.162278
15.8130841,0.407407407,0.010752688172,3.316625
15.9813084,0.407407407,0.010752688172,4.472136
16.1495327,0.407407407,0.010752688172,4.472136
16.317757,0.407407407,0.010752688172,3.162278
16.4859813,0.407407407,0.010752688172,3
16.6542056,0.407407407,0.010752688172,4.123106
16.8224299,0.407407407,0.010752688172,3.741657
16.9906542,0.407407407,0.010752688172,5
17.1588785,0.407407407,0.010752688172,5.656854
17.3271028,0.407407407,0.010752688172,7.211103
17.4953271,0.407407407,0.010752688172,8.124038
17.6635514,0.407407407,0.010752688172,9.539392
17.8317757,0.407407407,0.010752688172,9.899495
18,0.407407407,0.010752688172,11.40175
0,0.37037037,,254.0709
0.168224299,0.37037037,,254.0709
0.336448598,0.37037037,,254.0709
0.504672897,0.37037037,,254.0709
0.672897196,0.37037037,,254.0709
0.841121495,0.37037037,,254.0709
1.00934579,0.37037037,,254.0709
1.17757009,0.37037037,,254.0709
1.34579439,0.37037037,,254.0709
1.51401869,0.37037037,,254.0709
1.68224299,0.37037037,,254.0709
1.85046729,0.37037037,,254.0709
2.01869159,0.37037037,,254.0709
2.18691589,0.37037037,,254.0709
2.35514019,0.37037037,,254.0709
2.52336449,0.37037037,,254.0709
2.69158879,0.37037037,,254.0709
2.85981308,0.37037037,,242.0702
3.02803738,0.37037037,0.010752688172,17.14643
3.19626168,0.37037037,0.010752688172,17.29162
3.36448598,0.37037037,0.010752688172,17.29162
3.53271028,0.37037037,0.010752688172,17.29162
3.70093458,0.37037037,0.010752688172,17.29162
3.86915888,0.37037037,0.010752688172,17.29162
4.03738318,0.37037037,0.010752688172,17.29162
4.20560748,0.37037037,0.010752688172,17.29162
4.37383178,0.37037037,0.010752688172,17.29162
4.54205607,0.37037037,0.010752688172,17.29162
4.71028037,0.37037037,0.010752688172,17.29162
4.87850467,0.37037037,0.010752688172,17.29162
5.04672897,0.37037037,0.010752688172,17.29162
5.21495327,0.37037037,0.010752688172,17.29162
5.38317757,0.37037037,0.010752688172,17.29162
5.55140187,0.37037037,0.010752688172,17.29162
5.71962617,0.37037037,0.010752688172,17.29162
5.88785047,0.37037037,0.010752688172,17.29162
6.05607477,0.37037037,0.010752688172,17.29162
6.22429907,0.37037037,0.010752688172,17.29162
6.39252336,0.37037037,0.010752688172,17.29162
6.56074766,0.37037037,0.010752688172,17.29162
6.72897196,0.37037037,0.010752688172,17.29162
6.89719626,0.37037037,0.010752688172,17.29162
7.06542056,0.37037037,0.010752688172,17.29162
7.23364486,0.37037037,0.010752688172,17.29162
7.40186916,0.37037037,0.010752688172,17.29162
7.57009346,0.37037037,0.010752688172,17.29162
7.73831776,0.37037037,0.010752688172,17.29162
7.90654206,0.37037037,0.010752688172,17.29162
8.07476636,0.37037037,0.010752688172,17.29162
8.24299065,0.37037037,0.010752688172,16.30951
8.41121495,0.37037037,0.010752688172,15.29706
8.57943925,0.37037037,0.010752688172,14.3527
8.74766355,0.37037037,0.010752688172,13.37909
8.91588785,0.37037037,0.010752688172,13.37909
9.08411215,0.37037037,0.010752688172,9.899495
9.25233645,0.37037037,0.010752688172,6.78233
9.42056075,0.37037037,0.010752688172,5
9.58878505,0.37037037,0.010752688172,4.242641
9.75700935,0.37037037,0.010752688172,4.123106
9.92523364,0.37037037,0.010752688172,5
10.0934579,0.37037037,0.010752688172,5.91608
10.2616822,0.37037037,0.010752688172,5.830952
10.4299065,0.37037037,0.010752688172,5.744563
10.5981308,0.37037037,0.010752688172,4.123106
10.7663551,0.37037037,0.010752688172,3.605551
10.9345794,0.37037037,0.010752688172,4.123106
11.1028037,0.37037037,0.010752688172,3
11.271028,0.37037037,0.010752688172,4.123106
11.4392523,0.37037037,0.010752688172,4
11.6074766,0.37037037,0.010752688172,3.162278
11.7757009,0.37037037,0.010752688172,3.605551
11.9439252,0.37037037,0.010752688172,5.09902
12.1121495,0.37037037,0.010752688172,5.744563
12.2803738,0.37037037,0.010752688172,6.480741
12.4485981,0.37037037,0.010752688172,5.830952
12.6168224,0.37037037,0.010752688172,6.403124
12.7850467,0.37037037,0.010752688172,6.403124
12.953271,0.37037037,0.010752688172,6.403124
13.1214953,0.37037037,0.010752688172,5.830952
13.2897196,0.37037037,0.010752688172,5.656854
13.4579439,0.37037037,0.010752688172,6.403124
13.6261682,0.37037037,0.010752688172,6.480741
13.7943925,0.37037037,0.010752688172,5.744563
13.9626168,0.37037037,0.010752688172,3.605551
14.1308411,0.37037037,0.010752688172,3.162278
14.2990654,0.37037037,0.010752688172,3.316625
14.4672897,0.37037037,0.010752688172,3.162278
14.635514,0.37037037,0.010752688172,5
14.8037383,0.37037037,0.010752688172,6.708204
14.9719626,0.37037037,0.0215053763441,4.031129
15.1401869,0.37037037,0.0215053763441,2.061553
15.3084112,0.37037037,0.0215053763441,1.5
15.4766355,0.37037037,0.0215053763441,3.201562
15.6448598,0.37037037,0.0215053763441,4.153312
15.8130841,0.37037037,0.0215053763441,4.153312
15.9813084,0.37037037,0.0215053763441,2.291288
16.1495327,0.37037037,0.0215053763441,1.5
16.317757,0.37037037,0.0215053763441,1.118034
16.4859813,0.37037037,0.0215053763441,4.153312
16.6542056,0.37037037,0.010752688172,6.480741
16.8224299,0.37037037,0.010752688172,4.358899
16.9906542,0.37037037,0.010752688172,3.162278
17.1588785,0.37037037,0.010752688172,4.582576
17.3271028,0.37037037,0.010752688172,5.656854
17.4953271,0.37037037,0.010752688172,6.480741
17.6635514,0.37037037,0.010752688172,7.681146
17.8317757,0.37037037,0.010752688172,9.899495
18,0.37037037,0.010752688172,9.899495
0,0.333333333,,254.0709
0.168224299,0.333333333,,254.0709
0.336448598,0.333333333,,254.0709
0.504672897,0.333333333,,254.0709
0.672897196,0.333333333,,254.0709
0.841121495,0.333333333,,254.0709
1.00934579,0.333333333,,254.0709
1.17757009,0.333333333,,254.0709
1.34579439,0.333333333,,254.0709
1.51401869,0.333333333,,254.0709
1.68224299,0.333333333,,254.0709
1.85046729,0.333333333,,254.0709
2.01869159,0.333333333,,254.0709
2.18691589,0.333333333,,254.0709
2.35514019,0.333333333,,254.0709
2.52336449,0.333333333,,254.0709
2.69158879,0.333333333,,254.0709
2.85981308,0.333333333,,211.6908
3.02803738,0.333333333,0.010752688172,17.05872
3.19626168,0.333333333,0.010752688172,17.29162
3.36448598,0.333333333,0.010752688172,17.29162
3.53271028,0.333333333,0.010752688172,17.29162
3.70093458,0.333333333,0.010752688172,17.29162
3.86915888,0.333333333,0.010752688172,17.29162
4.03738318,0.333333333,0.010752688172,17.29162
4.20560748,0.333333333,0.010752688172,17.29162
4.37383178,0.333333333,0.010752688172,17.29162
4.54205607,0.333333333,0.010752688172,17.29162
4.71028037,0.333333333,0.010752688172,17.29162
4.87850467,0.333333333,0.010752688172,17.29162
5.04672897,0.333333333,0.010752688172,17.29162
5.21495327,0.333333333,0.010752688172,17.29162
5.38317757,0.333333333,0.010752688172,17.29162
5.55140187,0.333333333,0.010752688172,17.29162
5.71962617,0.333333333,0.010752688172,17.29162
5.88785047,0.333333333,0.010752688172,17.29162
6.05607477,0.333333333,0.010752688172,17.29162
6.22429907,0.333333333,0.010752688172,17.14643
6.39252336,0.333333333,0.010752688172,17.29162
6.56074766,0.333333333,0.010752688172,17.29162
6.72897196,0.333333333,0.010752688172,17.29162
6.89719626,0.333333333,0.010752688172,17.29162
7.06542056,0.333333333,0.010752688172,17.29162
7.23364486,0.333333333,0.010752688172,16.12452
7.40186916,0.333333333,0.010752688172,14.56022
7.57009346,0.333333333,0.010752688172,11.40175
7.73831776,0.333333333,0.010752688172,7.681146
7.90654206,0.333333333,0.010752688172,5
8.07476636,0.333333333,0.010752688172,2
8.24299065,0.333333333,0.0215053763441,3.201562
8.41121495,0.333333333,0.0322580645161,3.905125
8.57943925,0.333333333,0.0430107526882,6.557439
8.74766355,0.333333333,0.0645161290323,4.690416
8.91588785,0.333333333,0.0752688172043,3.162278
9.08411215,0.333333333,0.0860215053763,7.348469
9.25233645,0.333333333,0.0967741935484,4.898979
9.42056075,0.333333333,0.10752688172,5.385165
9.58878505,0.333333333,0.10752688172,4.690416
9.75700935,0.333333333,0.10752688172,5.385165
9.92523364,0.333333333,0.0967741935484,3
10.0934579,0.333333333,0.0967741935484,3.741657
10.2616822,0.333333333,0.0967741935484,6.63325
10.4299065,0.333333333,0.0860215053763,2.44949
10.5981308,0.333333333,0.0752688172043,5.744563
10.7663551,0.333333333,0.0752688172043,3.316625
10.9345794,0.333333333,0.0645161290323,4.123106
11.1028037,0.333333333,0.0645161290323,3
11.271028,0.333333333,0.0537634408602,3.605551
11.4392523,0.333333333,0.0537634408602,2.44949
11.6074766,0.333333333,0.0537634408602,5.385165
11.7757009,0.333333333,0.0430107526882,2.44949
11.9439252,0.333333333,0.0430107526882,2.44949
12.1121495,0.333333333,0.0430107526882,5.196152
12.2803738,0.333333333,0.0322580645161,4.153312
12.4485981,0.333333333,0.0322580645161,3.201562
12.6168224,0.333333333,0.0322580645161,2.061553
12.7850467,0.333333333,0.0322580645161,1.118034
12.953271,0.333333333,0.0322580645161,1.5
13.1214953,0.333333333,0.0322580645161,2.291288
13.2897196,0.333333333,0.0322580645161,3.041381
13.4579439,0.333333333,0.0322580645161,3.041381
13.6261682,0.333333333,0.0322580645161,3.201562
13.7943925,0.333333333,0.0322580645161,3.201562
13.9626168,0.333333333,0.0322580645161,2.291288
14.1308411,0.333333333,0.0322580645161,1.5
14.2990654,0.333333333,0.0322580645161,2.872281
14.4672897,0.333333333,0.0430107526882,4.123106
14.635514,0.333333333,0.0430107526882,2.44949
14.8037383,0.333333333,0.0430107526882,4
14.9719626,0.333333333,0.0537634408602,5.09902
15.1401869,0.333333333,0.0537634408602,1.414214
15.3084112,0.333333333,0.0537634408602,1
15.4766355,0.333333333,0.0537634408602,1.414214
15.6448598,0.333333333,0.0537634408602,3
15.8130841,0.333333333,0.0430107526882,5.196152
15.9813084,0.333333333,0.0430107526882,1.732051
16.1495327,0.333333333,0.0430107526882,5
16.317757,0.333333333,0.0322580645161,2.291288
16.4859813,0.333333333,0.0215053763441,4.031129
16.6542056,0.333333333,0.0215053763441,1.118034
16.8224299,0.333333333,0.0215053763441,4.153312
16.9906542,0.333333333,0.010752688172,5.09902
17.1588785,0.333333333,0.010752688172,3.605551
17.3271028,0.333333333,0.010752688172,4.242641
17.4953271,0.333333333,0.010752688172,5.744563
17.6635514,0.333333333,0.010752688172,7.28011
17.8317757,0.333333333,0.010752688172,8.124038
18,0.333333333,0.010752688172,9.899495
0,0.296296296,,254.0709
0.168224299,0.296296296,,254.0709
0.336448598,0.296296296,,254.0709
0.504672897,0.296296296,,254.0709
0.672897196,0.296296296,,254.0709
0.841121495,0.296296296,,254.0709
1.00934579,0.296296296,,254.0709
1.17757009,0.296296296,,254.0709
1.34579439,0.296296296,,254.0709
1.51401869,0.296296296,,254.0709
1.68224299,0.296296296,,254.0709
1.85046729,0.296296296,,254.0709
2.01869159,0.296296296,,254.0709
2.18691589,0.296296296,,254.0709
2.35514019,0.296296296,,254.0709
2.52336449,0.296296296,,254.0709
2.69158879,0.296296296,,254.0709
2.85981308,0.296296296,,60.71244
3.02803738,0.296296296,0.010752688172,17.14643
3.19626168,0.296296296,0.010752688172,17.14643
3.36448598,0.296296296,0.010752688172,17.29162
3.53271028,0.296296296,0.010752688172,17.29162
3.70093458,0.296296296,0.010752688172,17.29162
3.86915888,0.296296296,0.010752688172,17.29162
4.03738318,0.296296296,0.010752688172,17.29162
4.20560748,0.296296296,0.010752688172,17.29162
4.37383178,0.296296296,0.010752688172,17.29162
4.54205607,0.296296296,0.010752688172,17.29162
4.71028037,0.296296296,0.010752688172,17.29162
4.87850467,0.296296296,0.010752688172,17.29162
5.04672897,0.296296296,0.010752688172,17.29162
5.21495327,0.296296296,0.010752688172,17.29162
5.38317757,0.296296296,0.010752688172,17.29162
5.55140187,0.296296296,0.010752688172,17.29162
5.71962617,0.296296296,0.010752688172,17.29162
5.88785047,0.296296296,0.010752688172,17.29162
6.05607477,0.296296296,0.010752688172,17.29162
6.22429907,0.296296296,0.010752688172,17.14643
6.39252336,0.296296296,0.010752688172,17.29162
6.56074766,0.296296296,0.010752688172,17.26268
6.72897196,0.296296296,0.010752688172,17.49286
6.89719626,0.296296296,0.010752688172,14.31782
7.06542056,0.296296296,0.010752688172,8.306624
7.23364486,0.296296296,0.010752688172,3.316625
7.40186916,0.296296296,0.0215053763441,2.291288
7.57009346,0.296296296,0.0322580645161,2.872281
7.73831776,0.296296296,0.0430107526882,2.236068
7.90654206,0.296296296,0.0537634408602,2.828427
8.07476636,0.296296296,0.0752688172043,3.741657
8.24299065,0.296296296,0.0967741935484,4.582576
8.41121495,0.296296296,0.129032258065,7.549834
8.57943925,0.296296296,0.161290322581,7.433034
8.74766355,0.296296296,0.172043010753,9.165151
8.91588785,0.296296296,0.182795698925,11.44552
9.08411215,0.296296296,0.193548387097,12.40967
9.25233645,0.296296296,0.193548387097,13.92839
9.42056075,0.296296296,0.204301075269,12.8841
9.58878505,0.296296296,0.193548387097,10.63015
9.75700935,0.296296296,0.193548387097,8.602325
9.92523364,0.296296296,0.182795698925,7.071068
10.0934579,0.296296296,0.182795698925,5.830952
10.2616822,0.296296296,0.172043010753,7.81025
10.4299065,0.296296296,0.172043010753,6.708204
10.5981308,0.296296296,0.161290322581,3.5
10.7663551,0.296296296,0.150537634409,5.385165
10.9345794,0.296296296,0.139784946237,3.162278
11.1028037,0.296296296,0.129032258065,5.656854
11.271028,0.296296296,0.118279569892,3
11.4392523,0.296296296,0.10752688172,4.690416
11.6074766,0.296296296,0.10752688172,5.385165
11.7757009,0.296296296,0.0967741935484,4.582576
11.9439252,0.296296296,0.0860215053763,3
12.1121495,0.296296296,0.0860215053763,5.744563
12.2803738,0.296296296,0.0752688172043,2.44949
12.4485981,0.296296296,0.0752688172043,4.123106
12.6168224,0.296296296,0.0645161290323,4.123106
12.7850467,0.296296296,0.0645161290323,3
12.953271,0.296296296,0.0645161290323,3
13.1214953,0.296296296,0.0645161290323,3.741657
13.2897196,0.296296296,0.0645161290323,5.744563
13.4579439,0.296296296,0.0537634408602,4.472136
13.6261682,0.296296296,0.0537634408602,4.472136
13.7943925,0.296296296,0.0537634408602,3.741657
13.9626168,0.296296296,0.0537634408602,3.741657
14.1308411,0.296296296,0.0537634408602,3.741657
14.2990654,0.296296296,0.0645161290323,4.582576
14.4672897,0.296296296,0.0645161290323,1.414214
14.635514,0.296296296,0.0645161290323,4.123106
14.8037383,0.296296296,0.0752688172043,2.236068
14.9719626,0.296296296,0.0752688172043,1.414214
15.1401869,0.296296296,0.0752688172043,2.236068
15.3084112,0.296296296,0.0752688172043,1.732051
15.4766355,0.296296296,0.0752688172043,2.236068
15.6448598,0.296296296,0.0645161290323,3.316625
15.8130841,0.296296296,0.0645161290323,4.242641
15.9813084,0.296296296,0.0537634408602,1.414214
16.1495327,0.296296296,0.0430107526882,2.236068
16.317757,0.296296296,0.0430107526882,3
16.4859813,0.296296296,0.0322580645161,3.201562
16.6542056,0.296296296,0.0215053763441,4.031129
16.8224299,0.296296296,0.0215053763441,1.5
16.9906542,0.296296296,0.0215053763441,7.088723
17.1588785,0.296296296,0.010752688172,5.09902
17.3271028,0.296296296,0.010752688172,4.123106
17.4953271,0.296296296,0.010752688172,5.09902
17.6635514,0.296296296,0.010752688172,5.656854
17.8317757,0.296296296,0.010752688172,7.211103
18,0.296296296,0.010752688172,9.899495
0,0.259259259,,254.0709
0.168224299,0.259259259,,254.0709
0.336448598,0.259259259,,254.0709
0.504672897,0.259259259,,254.0709
0.672897196,0.259259259,,254.0709
0.841121495,0.259259259,,254.0709
1.00934579,0.259259259,,254.0709
1.17757009,0.259259259,,254.0709
1.34579439,0.259259259,,254.0709
1.51401869,0.259259259,,254.0709
1.68224299,0.259259259,,254.0709
1.85046729,0.259259259,,254.0709
2.01869159,0.259259259,,254.0709
2.18691589,0.259259259,,254.0709
2.35514019,0.259259259,,254.0709
2.52336449,0.259259259,,254.0709
2.69158879,0.259259259,,254.0709
2.85981308,0.259259259,0.010752688172,17.26268
3.02803738,0.259259259,0.010752688172,17.14643
3.19626168,0.259259259,0.010752688172,17.29162
3.36448598,0.259259259,0.010752688172,17.29162
3.53271028,0.259259259,0.010752688172,17.29162
3.70093458,0.259259259,0.010752688172,17.29162
3.86915888,0.259259259,0.010752688172,17.29162
4.03738318,0.259259259,0.010752688172,17.29162
4.20560748,0.259259259,0.010752688172,17.29162
4.37383178,0.259259259,0.010752688172,17.29162
4.54205607,0.259259259,0.010752688172,17.29162
4.71028037,0.259259259,0.010752688172,17.29162
4.87850467,0.259259259,0.010752688172,17.14643
5.04672897,0.259259259,0.010752688172,17.29162
5.21495327,0.259259259,0.010752688172,17.29162
5.38317757,0.259259259,0.010752688172,17.29162
5.55140187,0.259259259,0.010752688172,17.29162
5.71962617,0.259259259,0.010752688172,17.49286
5.88785047,0.259259259,0.010752688172,17.29162
6.05607477,0.259259259,0.010752688172,17.46425
6.22429907,0.259259259,0.010752688172,17.26268
6.39252336,0.259259259,0.010752688172,6.480741
6.56074766,0.259259259,0.0430107526882,5.744563
6.72897196,0.259259259,0.0967741935484,7.81025
6.89719626,0.259259259,0.150537634409,22.36068
7.06542056,0.259259259,0.172043010753,32.81768
7.23364486,0.259259259,,48.05206
7.40186916,0.259259259,0.322580645161,30.01666
7.57009346,0.259259259,0.344086021505,24.35159
7.73831776,0.259259259,0.376344086022,19.94994
7.90654206,0.259259259,0.397849462366,17.72005
8.07476636,0.259259259,0.41935483871,20.12461
8.24299065,0.259259259,0.440860215054,30.08322
8.41121495,0.259259259,,35.07136
8.57943925,0.259259259,0.52688172043,34.46738
8.74766355,0.259259259,0.52688172043,32.28002
8.91588785,0.259259259,0.52688172043,30.21589
9.08411215,0.259259259,0.52688172043,30.21589
9.25233645,0.259259259,0.47311827957,27.96426
9.42056075,0.259259259,0.462365591398,25.07987
9.58878505,0.259259259,0.451612903226,19.44222
9.75700935,0.259259259,0.451612903226,16.15549
9.92523364,0.259259259,0.440860215054,10.95445
10.0934579,0.259259259,0.440860215054,8.774964
10.2616822,0.259259259,0.430107526882,6.324555
10.4299065,0.259259259,0.41935483871,7
10.5981308,0.259259259,0.408602150538,3.741657
10.7663551,0.259259259,0.387096774194,4.582576
10.9345794,0.259259259,0.376344086022,1.732051
11.1028037,0.259259259,0.365591397849,1.414214
11.271028,0.259259259,0.344086021505,4.472136
11.4392523,0.259259259,0.333333333333,4.5
11.6074766,0.259259259,0.322580645161,7.141428
11.7757009,0.259259259,0.301075268817,10.0995
11.9439252,0.259259259,0.290322580645,14.07125
12.1121495,0.259259259,0.268817204301,19.67232
12.2803738,0.259259259,0.215053763441,21.30728
12.4485981,0.259259259,0.215053763441,16.09348
12.6168224,0.259259259,0.204301075269,11.83216
12.7850467,0.259259259,0.204301075269,11.6619
12.953271,0.259259259,0.193548387097,8.485281
13.1214953,0.259259259,0.182795698925,8.660254
13.2897196,0.259259259,0.182795698925,6.480741
13.4579439,0.259259259,0.182795698925,6.480741
13.6261682,0.259259259,0.172043010753,5.09902
13.7943925,0.259259259,0.172043010753,3.605551
13.9626168,0.259259259,0.161290322581,3.5
14.1308411,0.259259259,0.161290322581,5.024938
14.2990654,0.259259259,0.150537634409,4.358899
14.4672897,0.259259259,0.150537634409,4.242641
14.635514,0.259259259,0.150537634409,4.123106
14.8037383,0.259259259,0.150537634409,6.164414
14.9719626,0.259259259,0.139784946237,4.898979
15.1401869,0.259259259,0.139784946237,3.464102
15.3084112,0.259259259,0.118279569892,5.196152
15.4766355,0.259259259,0.10752688172,4.898979
15.6448598,0.259259259,0.0967741935484,1.414214
15.8130841,0.259259259,0.0860215053763,1.414214
15.9813084,0.259259259,0.0752688172043,1
16.1495327,0.259259259,0.0537634408602,5.09902
16.317757,0.259259259,0.0537634408602,4.123106
16.4859813,0.259259259,0.0322580645161,3.041381
16.6542056,0.259259259,0.0322580645161,3.201562
16.8224299,0.259259259,0.0215053763441,2.061553
16.9906542,0.259259259,0.0215053763441,6.103278
17.1588785,0.259259259,0.010752688172,5.744563
17.3271028,0.259259259,0.010752688172,4.123106
17.4953271,0.259259259,0.010752688172,5.09902
17.6635514,0.259259259,0.010752688172,5.744563
17.8317757,0.259259259,0.010752688172,7.211103
18,0.259259259,0.010752688172,9.899495
0,0.222222222,,254.0709
0.168224299,0.222222222,,254.0709
0.336448598,0.222222222,,254.0709
0.504672897,0.222222222,,254.0709
0.672897196,0.222222222,,254.0709
0.841121495,0.222222222,,254.0709
1.00934579,0.222222222,,254.0709
1.17757009,0.222222222,,254.0709
1.34579439,0.222222222,,254.0709
1.51401869,0.222222222,,254.0709
1.68224299,0.222222222,,254.0709
1.85046729,0.222222222,,254.0709
2.01869159,0.222222222,,254.0709
2.18691589,0.222222222,,254.0709
2.35514019,0.222222222,,254.0709
2.52336449,0.222222222,,254.0709
2.69158879,0.222222222,,253.0711
2.85981308,0.222222222,0.010752688172,17.14643
3.02803738,0.222222222,0.010752688172,17.29162
3.19626168,0.222222222,0.010752688172,17.29162
3.36448598,0.222222222,0.010752688172,17.29162
3.53271028,0.222222222,0.010752688172,17.29162
3.70093458,0.222222222,0.010752688172,17.29162
3.86915888,0.222222222,0.010752688172,17.29162
4.03738318,0.222222222,0.010752688172,17.29162
4.20560748,0.222222222,0.010752688172,17.29162
4.37383178,0.222222222,0.010752688172,17.11724
4.54205607,0.222222222,0.010752688172,17.29162
4.71028037,0.222222222,0.010752688172,17.29162
4.87850467,0.222222222,0.010752688172,17.11724
5.04672897,0.222222222,0.010752688172,12.04159
5.21495327,0.222222222,0.0215053763441,7.088723
5.38317757,0.222222222,0.0537634408602,6.082763
5.55140187,0.222222222,0.0860215053763,7.483315
5.71962617,0.222222222,0.118279569892,15.32971
5.88785047,0.222222222,,37.01351
6.05607477,0.222222222,,49.67142
6.22429907,0.222222222,0.354838709677,33.19639
6.39252336,0.222222222,,52.47857
6.56074766,0.222222222,0.602150537634,15.42725
6.72897196,0.222222222,0.634408602151,7.348469
6.89719626,0.222222222,0.677419354839,8.774964
7.06542056,0.222222222,0.698924731183,12.68858
7.23364486,0.222222222,0.720430107527,17.02939
7.40186916,0.222222222,0.774193548387,13.92839
7.57009346,0.222222222,0.774193548387,8.306624
7.73831776,0.222222222,0.774193548387,6.557439
7.90654206,0.222222222,0.784946236559,7.549834
8.07476636,0.222222222,0.774193548387,7.071068
8.24299065,0.222222222,0.774193548387,5.830952
8.41121495,0.222222222,0.774193548387,5.385165
8.57943925,0.222222222,0.774193548387,4.690416
8.74766355,0.222222222,0.763440860215,6.652067
8.91588785,0.222222222,0.763440860215,5.408327
9.08411215,0.222222222,0.763440860215,11.58663
9.25233645,0.222222222,0.731182795699,12.68858
9.42056075,0.222222222,0.731182795699,10.81665
9.58878505,0.222222222,0.720430107527,8.306624
9.75700935,0.222222222,0.720430107527,6.708204
9.92523364,0.222222222,0.709677419355,5.385165
10.0934579,0.222222222,0.709677419355,4.472136
10.2616822,0.222222222,0.709677419355,6.480741
10.4299065,0.222222222,0.698924731183,2.236068
10.5981308,0.222222222,0.688172043011,2.236068
10.7663551,0.222222222,0.666666666667,5.09902
10.9345794,0.222222222,0.655913978495,5.196152
11.1028037,0.222222222,0.645161290323,2.44949
11.271028,0.222222222,0.623655913978,4.898979
11.4392523,0.222222222,0.612903225806,5.024938
11.6074766,0.222222222,0.602150537634,4.472136
11.7757009,0.222222222,0.58064516129,3.605551
11.9439252,0.222222222,0.559139784946,8.246211
12.1121495,0.222222222,0.548387096774,5.385165
12.2803738,0.222222222,0.537634408602,5.830952
12.4485981,0.222222222,0.52688172043,12.72792
12.6168224,0.222222222,0.47311827957,19.64688
12.7850467,0.222222222,0.47311827957,14.24781
12.953271,0.222222222,0.451612903226,6.708204
13.1214953,0.222222222,0.440860215054,5.385165
13.2897196,0.222222222,0.430107526882,3.605551
13.4579439,0.222222222,0.408602150538,5.09902
13.6261682,0.222222222,0.397849462366,4
13.7943925,0.222222222,0.387096774194,0
13.9626168,0.222222222,0.365591397849,6
14.1308411,0.222222222,0.333333333333,4.609772
14.2990654,0.222222222,0.311827956989,1.414214
14.4672897,0.222222222,0.290322580645,6.082763
14.635514,0.222222222,0.279569892473,2.236068
14.8037383,0.222222222,0.258064516129,5.196152
14.9719626,0.222222222,0.236559139785,8.602325
15.1401869,0.222222222,0.215053763441,2.828427
15.3084112,0.222222222,0.182795698925,4.582576
15.4766355,0.222222222,0.161290322581,5.315073
15.6448598,0.222222222,0.139784946237,4.123106
15.8130841,0.222222222,0.118279569892,4
15.9813084,0.222222222,0.0967741935484,2.44949
16.1495327,0.222222222,0.0752688172043,1
16.317757,0.222222222,0.0645161290323,5.477226
16.4859813,0.222222222,0.0430107526882,1
16.6542056,0.222222222,0.0322580645161,2.291288
16.8224299,0.222222222,0.0322580645161,4.153312
16.9906542,0.222222222,0.0215053763441,2.061553
17.1588785,0.222222222,0.010752688172,6.480741
17.3271028,0.222222222,0.010752688172,3.162278
17.4953271,0.222222222,0.010752688172,5.656854
17.6635514,0.222222222,0.010752688172,5.656854
17.8317757,0.222222222,0.010752688172,6.708204
18,0.222222222,0.010752688172,8.124038
0,0.185185185,,254.0709
0.168224299,0.185185185,,254.0709
0.336448598,0.185185185,,254.0709
0.504672897,0.185185185,,254.0709
0.672897196,0.185185185,,254.0709
0.841121495,0.185185185,,254.0709
1.00934579,0.185185185,,254.0709
1.17757009,0.185185185,,254.0709
1.34579439,0.185185185,,254.0709
1.51401869,0.185185185,,254.0709
1.68224299,0.185185185,,254.0709
1.85046729,0.185185185,,254.0709
2.01869159,0.185185185,,254.0709
2.18691589,0.185185185,,254.0709
2.35514019,0.185185185,,254.0709
2.52336449,0.185185185,,254.0709
2.69158879,0.185185185,,254.0709
2.85981308,0.185185185,0.010752688172,16.06238
3.02803738,0.185185185,0.010752688172,17.29162
3.19626168,0.185185185,0.010752688172,17.29162
3.36448598,0.185185185,0.010752688172,17.29162
3.53271028,0.185185185,0.010752688172,17.29162
3.70093458,0.185185185,0.010752688172,17.14643
3.86915888,0.185185185,0.010752688172,17.29162
4.03738318,0.185185185,0.010752688172,16.52271
4.20560748,0.185185185,0.010752688172,17.49286
4.37383178,0.185185185,0.010752688172,14.59452
4.54205607,0.185185185,0.010752688172,11.09054
4.71028037,0.185185185,0.0322580645161,8.01561
4.87850467,0.185185185,0.0967741935484,10.48809
5.04672897,0.185185185,0.139784946237,17.23369
5.21495327,0.185185185,,54.59853
5.38317757,0.185185185,0.344086021505,30.08322
5.55140187,0.185185185,0.376344086022,24.18677
5.71962617,0.185185185,,40.09988
5.88785047,0.185185185,,58.24946
6.05607477,0.185185185,0.645161290323,9.69536
6.22429907,0.185185185,0.688172043011,15.0333
6.39252336,0.185185185,0.774193548387,16.43168
6.56074766,0.185185185,0.784946236559,5.744563
6.72897196,0.185185185,0.806451612903,4.472136
6.89719626,0.185185185,0.817204301075,6.164414
7.06542056,0.185185185,0.827956989247,4
7.23364486,0.185185185,0.838709677419,4.358899
7.40186916,0.185185185,0.849462365591,4.690416
7.57009346,0.185185185,0.849462365591,3.605551
7.73831776,0.185185185,0.849462365591,4.123106
7.90654206,0.185185185,0.849462365591,4.690416
8.07476636,0.185185185,0.849462365591,4.358899
8.24299065,0.185185185,0.849462365591,3.741657
8.41121495,0.185185185,0.849462365591,6.164414
8.57943925,0.185185185,0.838709677419,3.741657
8.74766355,0.185185185,0.827956989247,7.549834
8.91588785,0.185185185,0.827956989247,4.358899
9.08411215,0.185185185,0.817204301075,5.385165
9.25233645,0.185185185,0.817204301075,5.477226
9.42056075,0.185185185,0.817204301075,6.164414
9.58878505,0.185185185,0.806451612903,4.123106
9.75700935,0.185185185,0.806451612903,5.656854
9.92523364,0.185185185,0.795698924731,3
10.0934579,0.185185185,0.795698924731,5
10.2616822,0.185185185,0.784946236559,4.472136
10.4299065,0.185185185,0.774193548387,4.358899
10.5981308,0.185185185,0.774193548387,5.09902
10.7663551,0.185185185,0.763440860215,6.726812
10.9345794,0.185185185,0.763440860215,10.5
11.1028037,0.185185185,0.731182795699,9
11.271028,0.185185185,0.720430107527,4.582576
11.4392523,0.185185185,0.720430107527,4.242641
11.6074766,0.185185185,0.709677419355,3.741657
11.7757009,0.185185185,0.688172043011,5.477226
11.9439252,0.185185185,0.677419354839,3
12.1121495,0.185185185,0.655913978495,5.744563
12.2803738,0.185185185,0.645161290323,4.123106
12.4485981,0.185185185,0.634408602151,4.123106
12.6168224,0.185185185,0.612903225806,3.201562
12.7850467,0.185185185,0.602150537634,5.656854
12.953271,0.185185185,0.569892473118,5.830952
13.1214953,0.185185185,0.559139784946,3.605551
13.2897196,0.185185185,0.548387096774,2.236068
13.4579439,0.185185185,0.52688172043,4.123106
13.6261682,0.185185185,0.516129032258,9.539392
13.7943925,0.185185185,0.483870967742,11.78983
13.9626168,0.185185185,0.462365591398,2.44949
14.1308411,0.185185185,0.430107526882,5.196152
14.2990654,0.185185185,0.397849462366,1.732051
14.4672897,0.185185185,0.376344086022,1.414214
14.635514,0.185185185,0.354838709677,1
14.8037383,0.185185185,0.311827956989,3.162278
14.9719626,0.185185185,0.290322580645,1.414214
15.1401869,0.185185185,0.268817204301,4.123106
15.3084112,0.185185185,0.215053763441,5.385165
15.4766355,0.185185185,0.193548387097,2.236068
15.6448598,0.185185185,0.161290322581,4.387482
15.8130841,0.185185185,0.129032258065,3.162278
15.9813084,0.185185185,0.10752688172,2.44949
16.1495327,0.185185185,0.0860215053763,5.09902
16.317757,0.185185185,0.0645161290323,1
16.4859813,0.185185185,0.0430107526882,3.162278
16.6542056,0.185185185,0.0322580645161,4.153312
16.8224299,0.185185185,0.0322580645161,4.153312
16.9906542,0.185185185,0.0215053763441,2.061553
17.1588785,0.185185185,0.010752688172,6.480741
17.3271028,0.185185185,0.010752688172,3.741657
17.4953271,0.185185185,0.010752688172,4.472136
17.6635514,0.185185185,0.010752688172,5
17.8317757,0.185185185,0.010752688172,7.211103
18,0.185185185,0.010752688172,8.124038
0,0.148148148,,254.0709
0.168224299,0.148148148,,254.0709
0.336448598,0.148148148,,254.0709
0.504672897,0.148148148,,254.0709
0.672897196,0.148148148,,254.0709
0.841121495,0.148148148,,254.0709
1.00934579,0.148148148,,254.0709
1.17757009,0.148148148,,254.0709
1.34579439,0.148148148,,254.0709
1.51401869,0.148148148,,254.0709
1.68224299,0.148148148,,254.0709
1.85046729,0.148148148,,254.0709
2.01869159,0.148148148,,254.0709
2.18691589,0.148148148,,254.0709
2.35514019,0.148148148,,254.0709
2.52336449,0.148148148,,254.0709
2.69158879,0.148148148,,254.0709
2.85981308,0.148148148,,69.23872
3.02803738,0.148148148,0.010752688172,15.32971
3.19626168,0.148148148,0.010752688172,5.09902
3.36448598,0.148148148,0.0322580645161,7.088723
3.53271028,0.148148148,0.0215053763441,2.692582
3.70093458,0.148148148,0.010752688172,3.316625
3.86915888,0.148148148,0.0215053763441,10.06231
4.03738318,0.148148148,,41.40048
4.20560748,0.148148148,,77.5951
4.37383178,0.148148148,,49.81967
4.54205607,0.148148148,,68.29348
4.71028037,0.148148148,0.623655913978,26.58947
4.87850467,0.148148148,0.666666666667,14.17745
5.04672897,0.148148148,0.698924731183,25.01999
5.21495327,0.148148148,0.795698924731,18.27567
5.38317757,0.148148148,0.817204301075,9.273618
5.55140187,0.148148148,0.838709677419,3
5.71962617,0.148148148,0.860215053763,5.744563
5.88785047,0.148148148,0.881720430108,5.315073
6.05607477,0.148148148,0.89247311828,5.385165
6.22429907,0.148148148,0.903225806452,3
6.39252336,0.148148148,0.913978494624,3.464102
6.56074766,0.148148148,0.913978494624,2.44949
6.72897196,0.148148148,0.913978494624,4.582576
6.89719626,0.148148148,0.913978494624,4.582576
7.06542056,0.148148148,0.913978494624,4.582576
7.23364486,0.148148148,0.913978494624,5.830952
7.40186916,0.148148148,0.924731182796,6.164414
7.57009346,0.148148148,0.924731182796,5.477226
7.73831776,0.148148148,0.924731182796,5.196152
7.90654206,0.148148148,0.924731182796,5.196152
8.07476636,0.148148148,0.924731182796,6.164414
8.24299065,0.148148148,0.913978494624,3.741657
8.41121495,0.148148148,0.913978494624,2.44949
8.57943925,0.148148148,0.913978494624,2.44949
8.74766355,0.148148148,0.903225806452,6.164414
8.91588785,0.148148148,0.903225806452,6.164414
9.08411215,0.148148148,0.903225806452,1.732051
9.25233645,0.148148148,0.903225806452,3
9.42056075,0.148148148,0.903225806452,4.242641
9.58878505,0.148148148,0.89247311828,5.09902
9.75700935,0.148148148,0.89247311828,3.316625
9.92523364,0.148148148,0.89247311828,3
10.0934579,0.148148148,0.881720430108,4.5
10.2616822,0.148148148,0.881720430108,3.041381
10.4299065,0.148148148,0.870967741935,5.91608
10.5981308,0.148148148,0.870967741935,3.316625
10.7663551,0.148148148,0.860215053763,4.898979
10.9345794,0.148148148,0.860215053763,4.242641
11.1028037,0.148148148,0.849462365591,4.898979
11.271028,0.148148148,0.849462365591,5.744563
11.4392523,0.148148148,0.838709677419,4.690416
11.6074766,0.148148148,0.827956989247,4.898979
11.7757009,0.148148148,0.817204301075,4.472136
11.9439252,0.148148148,0.806451612903,6.708204
12.1121495,0.148148148,0.795698924731,4.582576
12.2803738,0.148148148,0.784946236559,5.91608
12.4485981,0.148148148,0.784946236559,5.656854
12.6168224,0.148148148,0.774193548387,7.071068
12.7850467,0.148148148,0.763440860215,5.678908
12.953271,0.148148148,0.731182795699,7.071068
13.1214953,0.148148148,0.720430107527,4.242641
13.2897196,0.148148148,0.709677419355,3.605551
13.4579439,0.148148148,0.688172043011,3
13.6261682,0.148148148,0.677419354839,3.741657
13.7943925,0.148148148,0.655913978495,3
13.9626168,0.148148148,0.623655913978,4.123106
14.1308411,0.148148148,0.591397849462,3.316625
14.2990654,0.148148148,0.548387096774,4.582576
14.4672897,0.148148148,0.52688172043,5.385165
14.635514,0.148148148,0.483870967742,12.40967
14.8037383,0.148148148,0.440860215054,2.44949
14.9719626,0.148148148,0.408602150538,2.44949
15.1401869,0.148148148,0.376344086022,4.242641
15.3084112,0.148148148,0.311827956989,4.123106
15.4766355,0.148148148,0.268817204301,4.123106
15.6448598,0.148148148,0.204301075269,2.828427
15.8130841,0.148148148,0.172043010753,2.236068
15.9813084,0.148148148,0.139784946237,1.414214
16.1495327,0.148148148,0.0967741935484,0
16.317757,0.148148148,0.0752688172043,4
16.4859813,0.148148148,0.0537634408602,2.44949
16.6542056,0.148148148,0.0430107526882,3.316625
16.8224299,0.148148148,0.0322580645161,2.291288
16.9906542,0.148148148,0.0215053763441,1.118034
17.1588785,0.148148148,0.0215053763441,5.123475
17.3271028,0.148148148,0.010752688172,5.744563
17.4953271,0.148148148,0.010752688172,4.123106
17.6635514,0.148148148,0.010752688172,4.582576
17.8317757,0.148148148,0.010752688172,6.403124
18,0.148148148,0.010752688172,7.28011
0,0.111111111,,254.0709
0.168224299,0.111111111,,254.0709
0.336448598,0.111111111,,254.0709
0.504672897,0.111111111,,254.0709
0.672897196,0.111111111,,254.0709
0.841121495,0.111111111,,254.0709
1.00934579,0.111111111,,254.0709
1.17757009,0.111111111,,254.0709
1.34579439,0.111111111,,254.0709
1.51401869,0.111111111,,254.0709
1.68224299,0.111111111,,254.0709
1.85046729,0.111111111,,254.0709
2.01869159,0.111111111,,254.0709
2.18691589,0.111111111,,254.0709
2.35514019,0.111111111,,254.0709
2.52336449,0.111111111,,254.0709
2.69158879,0.111111111,,254.0709
2.85981308,0.111111111,,111.5392
3.02803738,0.111111111,,57.22762
3.19626168,0.111111111,,58.01724
3.36448598,0.111111111,,75.49834
3.53271028,0.111111111,,75.72318
3.70093458,0.111111111,,85.69714
3.86915888,0.111111111,,59
4.03738318,0.111111111,0.838709677419,24.41311
4.20560748,0.111111111,0.860215053763,9.165151
4.37383178,0.111111111,0.881720430108,5.123475
4.54205607,0.111111111,0.89247311828,2.236068
4.71028037,0.111111111,0.903225806452,6.164414
4.87850467,0.111111111,0.913978494624,4.123106
5.04672897,0.111111111,0.924731182796,4.690416
5.21495327,0.111111111,0.924731182796,4.582576
5.38317757,0.111111111,0.935483870968,3.741657
5.55140187,0.111111111,0.935483870968,2.236068
5.71962617,0.111111111,0.935483870968,3.741657
5.88785047,0.111111111,0.935483870968,5.196152
6.05607477,0.111111111,0.94623655914,1.732051
6.22429907,0.111111111,0.94623655914,1.414214
6.39252336,0.111111111,0.94623655914,2
6.56074766,0.111111111,0.94623655914,2.44949
6.72897196,0.111111111,0.94623655914,2.44949
6.89719626,0.111111111,0.94623655914,1.732051
7.06542056,0.111111111,0.94623655914,1.732051
7.23364486,0.111111111,0.94623655914,1.414214
7.40186916,0.111111111,0.94623655914,1.414214
7.57009346,0.111111111,0.94623655914,1.414214
7.73831776,0.111111111,0.94623655914,1.414214
7.90654206,0.111111111,0.94623655914,1.414214
8.07476636,0.111111111,0.94623655914,1
8.24299065,0.111111111,0.94623655914,1.414214
8.41121495,0.111111111,0.94623655914,3.162278
8.57943925,0.111111111,0.94623655914,4.123106
8.74766355,0.111111111,0.935483870968,4.242641
8.91588785,0.111111111,0.935483870968,2.236068
9.08411215,0.111111111,0.935483870968,1
9.25233645,0.111111111,0.935483870968,2.44949
9.42056075,0.111111111,0.935483870968,4.123106
9.58878505,0.111111111,0.924731182796,4.123106
9.75700935,0.111111111,0.924731182796,2.236068
9.92523364,0.111111111,0.924731182796,1.414214
10.0934579,0.111111111,0.924731182796,3.162278
10.2616822,0.111111111,0.924731182796,5.196152
10.4299065,0.111111111,0.913978494624,3
10.5981308,0.111111111,0.913978494624,1.414214
10.7663551,0.111111111,0.913978494624,3.162278
10.9345794,0.111111111,0.903225806452,4
11.1028037,0.111111111,0.903225806452,1
11.271028,0.111111111,0.903225806452,4
11.4392523,0.111111111,0.89247311828,3.316625
11.6074766,0.111111111,0.89247311828,2.236068
11.7757009,0.111111111,0.881720430108,1.5
11.9439252,0.111111111,0.881720430108,4.153312
12.1121495,0.111111111,0.870967741935,2
12.2803738,0.111111111,0.870967741935,5.196152
12.4485981,0.111111111,0.860215053763,3
12.6168224,0.111111111,0.849462365591,1
12.7850467,0.111111111,0.838709677419,3
12.953271,0.111111111,0.827956989247,3
13.1214953,0.111111111,0.817204301075,2.44949
13.2897196,0.111111111,0.806451612903,5.830952
13.4579439,0.111111111,0.795698924731,1.732051
13.6261682,0.111111111,0.784946236559,3.741657
13.7943925,0.111111111,0.774193548387,4.898979
13.9626168,0.111111111,0.731182795699,9.433981
14.1308411,0.111111111,0.720430107527,3
14.2990654,0.111111111,0.688172043011,3.316625
14.4672897,0.111111111,0.655913978495,3.741657
14.635514,0.111111111,0.623655913978,4.898979
14.8037383,0.111111111,0.569892473118,5.385165
14.9719626,0.111111111,0.537634408602,3
15.1401869,0.111111111,0.483870967742,14.3527
15.3084112,0.111111111,0.408602150538,6
15.4766355,0.111111111,0.354838709677,3.162278
15.6448598,0.111111111,0.279569892473,2.236068
15.8130841,0.111111111,0.215053763441,6.082763
15.9813084,0.111111111,0.172043010753,2.236068
16.1495327,0.111111111,0.118279569892,1
16.317757,0.111111111,0.0860215053763,5.09902
16.4859813,0.111111111,0.0537634408602,4.242641
16.6542056,0.111111111,0.0430107526882,1.414214
16.8224299,0.111111111,0.0322580645161,2.061553
16.9906542,0.111111111,0.0215053763441,1.5
17.1588785,0.111111111,0.0215053763441,5.123475
17.3271028,0.111111111,0.010752688172,5.744563
17.4953271,0.111111111,0.010752688172,3.162278
17.6635514,0.111111111,0.010752688172,3.741657
17.8317757,0.111111111,0.010752688172,5.656854
18,0.111111111,0.010752688172,6.480741
0,0.0740740741,,254.0709
0.168224299,0.0740740741,,254.0709
0.336448598,0.0740740741,,254.0709
0.504672897,0.0740740741,,254.0709
0.672897196,0.0740740741,,254.0709
0.841121495,0.0740740741,,254.0709
1.00934579,0.0740740741,,254.0709
1.17757009,0.0740740741,,254.0709
1.34579439,0.0740740741,,254.0709
1.51401869,0.0740740741,,254.0709
1.68224299,0.0740740741,,254.0709
1.85046729,0.0740740741,,254.0709
2.01869159,0.0740740741,,254.0709
2.18691589,0.0740740741,,254.0709
2.35514019,0.0740740741,,254.0709
2.52336449,0.0740740741,,254.0709
2.69158879,0.0740740741,,254.0709
2.85981308,0.0740740741,0.978494623656,5.385165
3.02803738,0.0740740741,0.94623655914,18.68154
3.19626168,0.0740740741,0.967741935484,3.741657
3.36448598,0.0740740741,0.978494623656,2.236068
3.53271028,0.0740740741,0.978494623656,3.316625
3.70093458,0.0740740741,0.978494623656,4.123106
3.86915888,0.0740740741,0.967741935484,2.236068
4.03738318,0.0740740741,0.967741935484,2.236068
4.20560748,0.0740740741,0.967741935484,2.236068
4.37383178,0.0740740741,0.967741935484,2.236068
4.54205607,0.0740740741,0.967741935484,2.236068
4.71028037,0.0740740741,0.967741935484,2.236068
4.87850467,0.0740740741,0.967741935484,2.236068
5.04672897,0.0740740741,0.967741935484,3.162278
5.21495327,0.0740740741,0.967741935484,4.242641
5.38317757,0.0740740741,0.967741935484,5.09902
5.55140187,0.0740740741,0.967741935484,5.196152
5.71962617,0.0740740741,0.967741935484,5.196152
5.88785047,0.0740740741,0.967741935484,5
6.05607477,0.0740740741,0.967741935484,5.196152
6.22429907,0.0740740741,0.967741935484,4.123106
6.39252336,0.0740740741,0.967741935484,5.196152
6.56074766,0.0740740741,0.967741935484,5.09902
6.72897196,0.0740740741,0.967741935484,5
6.89719626,0.0740740741,0.967741935484,5
7.06542056,0.0740740741,0.956989247312,6.082763
7.23364486,0.0740740741,0.956989247312,5.196152
7.40186916,0.0740740741,0.956989247312,5
7.57009346,0.0740740741,0.956989247312,4
7.73831776,0.0740740741,0.956989247312,2.236068
7.90654206,0.0740740741,0.956989247312,3.316625
8.07476636,0.0740740741,0.956989247312,2.236068
8.24299065,0.0740740741,0.956989247312,1
8.41121495,0.0740740741,0.956989247312,1.414214
8.57943925,0.0740740741,0.956989247312,2
8.74766355,0.0740740741,0.956989247312,3
8.91588785,0.0740740741,0.956989247312,4
9.08411215,0.0740740741,0.94623655914,4.123106
9.25233645,0.0740740741,0.94623655914,2.236068
9.42056075,0.0740740741,0.94623655914,1.414214
9.58878505,0.0740740741,0.94623655914,2.236068
9.75700935,0.0740740741,0.94623655914,4
9.92523364,0.0740740741,0.935483870968,4.123106
10.0934579,0.0740740741,0.935483870968,1.414214
10.2616822,0.0740740741,0.935483870968,0
10.4299065,0.0740740741,0.935483870968,3.162278
10.5981308,0.0740740741,0.924731182796,5.09902
10.7663551,0.0740740741,0.924731182796,3.316625
10.9345794,0.0740740741,0.924731182796,0
11.1028037,0.0740740741,0.924731182796,3
11.271028,0.0740740741,0.913978494624,6.082763
11.4392523,0.0740740741,0.913978494624,3.162278
11.6074766,0.0740740741,0.913978494624,0
11.7757009,0.0740740741,0.913978494624,4.242641
11.9439252,0.0740740741,0.903225806452,5
12.1121495,0.0740740741,0.903225806452,1
12.2803738,0.0740740741,0.903225806452,3.162278
12.4485981,0.0740740741,0.89247311828,4.123106
12.6168224,0.0740740741,0.89247311828,2.44949
12.7850467,0.0740740741,0.881720430108,2.291288
12.953271,0.0740740741,0.881720430108,4.153312
13.1214953,0.0740740741,0.870967741935,1
13.2897196,0.0740740741,0.860215053763,4.582576
13.4579439,0.0740740741,0.849462365591,5
13.6261682,0.0740740741,0.849462365591,3
13.7943925,0.0740740741,0.838709677419,3.605551
13.9626168,0.0740740741,0.817204301075,3.464102
14.1308411,0.0740740741,0.806451612903,2.828427
14.2990654,0.0740740741,0.784946236559,3
14.4672897,0.0740740741,0.763440860215,5.59017
14.635514,0.0740740741,0.731182795699,6.403124
14.8037383,0.0740740741,0.688172043011,4.123106
14.9719626,0.0740740741,0.645161290323,4.123106
15.1401869,0.0740740741,0.602150537634,4.898979
15.3084112,0.0740740741,0.516129032258,8.306624
15.4766355,0.0740740741,0.430107526882,5.385165
15.6448598,0.0740740741,0.344086021505,4
15.8130841,0.0740740741,0.279569892473,7.141428
15.9813084,0.0740740741,0.204301075269,2.236068
16.1495327,0.0740740741,0.139784946237,2.236068
16.317757,0.0740740741,0.0967741935484,2
16.4859813,0.0740740741,0.0645161290323,3
16.6542056,0.0740740741,0.0430107526882,4.123106
16.8224299,0.0740740741,0.0322580645161,3.201562
16.9906542,0.0740740741,0.0215053763441,1.118034
17.1588785,0.0740740741,0.0215053763441,5.123475
17.3271028,0.0740740741,0.010752688172,6.480741
17.4953271,0.0740740741,0.010752688172,4.123106
17.6635514,0.0740740741,0.010752688172,3.741657
17.8317757,0.0740740741,0.010752688172,5.656854
18,0.0740740741,0.010752688172,7.211103
0,0.037037037,,254.0709
0.168224299,0.037037037,,254.0709
0.336448598,0.037037037,,254.0709
0.504672897,0.037037037,,254.0709
0.672897196,0.037037037,,254.0709
0.841121495,0.037037037,,254.0709
1.00934579,0.037037037,,254.0709
1.17757009,0.037037037,,254.0709
1.34579439,0.037037037,,254.0709
1.51401869,0.037037037,,254.0709
1.68224299,0.037037037,,254.0709
1.85046729,0.037037037,,254.0709
2.01869159,0.037037037,,254.0709
2.18691589,0.037037037,,254.0709
2.35514019,0.037037037,,254.0709
2.52336449,0.037037037,,254.0709
2.69158879,0.037037037,,254.0709
2.85981308,0.037037037,0.978494623656,18
3.02803738,0.037037037,0.978494623656,18
3.19626168,0.037037037,0.978494623656,10.19804
3.36448598,0.037037037,0.978494623656,5.09902
3.53271028,0.037037037,0.978494623656,4
3.70093458,0.037037037,0.978494623656,2.236068
3.86915888,0.037037037,0.978494623656,2.236068
4.03738318,0.037037037,0.978494623656,3.162278
4.20560748,0.037037037,0.978494623656,5.09902
4.37383178,0.037037037,0.978494623656,5.09902
4.54205607,0.037037037,0.967741935484,5
4.71028037,0.037037037,0.967741935484,5.09902
4.87850467,0.037037037,0.967741935484,4
5.04672897,0.037037037,0.967741935484,4
5.21495327,0.037037037,0.967741935484,2
5.38317757,0.037037037,0.967741935484,1
5.55140187,0.037037037,0.967741935484,1.414214
5.71962617,0.037037037,0.967741935484,1.732051
5.88785047,0.037037037,0.967741935484,1
6.05607477,0.037037037,0.967741935484,1.414214
6.22429907,0.037037037,0.967741935484,1
6.39252336,0.037037037,0.967741935484,1.414214
6.56074766,0.037037037,0.967741935484,1.414214
6.72897196,0.037037037,0.967741935484,1
6.89719626,0.037037037,0.967741935484,1
7.06542056,0.037037037,0.967741935484,1.732051
7.23364486,0.037037037,0.967741935484,1.732051
7.40186916,0.037037037,0.967741935484,3.316625
7.57009346,0.037037037,0.967741935484,4.123106
7.73831776,0.037037037,0.956989247312,6
7.90654206,0.037037037,0.967741935484,5
8.07476636,0.037037037,0.956989247312,6.082763
8.24299065,0.037037037,0.956989247312,5.196152
8.41121495,0.037037037,0.956989247312,3.162278
8.57943925,0.037037037,0.956989247312,2.236068
8.74766355,0.037037037,0.956989247312,1
8.91588785,0.037037037,0.956989247312,1
9.08411215,0.037037037,0.956989247312,3.162278
9.25233645,0.037037037,0.956989247312,5
9.42056075,0.037037037,0.94623655914,4
9.58878505,0.037037037,0.94623655914,1.732051
9.75700935,0.037037037,0.94623655914,1.414214
9.92523364,0.037037037,0.94623655914,3
10.0934579,0.037037037,0.94623655914,5.09902
10.2616822,0.037037037,0.935483870968,4.123106
10.4299065,0.037037037,0.935483870968,1.414214
10.5981308,0.037037037,0.935483870968,1
10.7663551,0.037037037,0.935483870968,3.162278
10.9345794,0.037037037,0.924731182796,4.242641
11.1028037,0.037037037,0.924731182796,3.162278
11.271028,0.037037037,0.924731182796,1
11.4392523,0.037037037,0.924731182796,4
11.6074766,0.037037037,0.913978494624,6.082763
11.7757009,0.037037037,0.913978494624,3
11.9439252,0.037037037,0.913978494624,1
12.1121495,0.037037037,0.913978494624,3.162278
12.2803738,0.037037037,0.903225806452,5
12.4485981,0.037037037,0.903225806452,3.316625
12.6168224,0.037037037,0.903225806452,3.162278
12.7850467,0.037037037,0.89247311828,5.196152
12.953271,0.037037037,0.89247311828,1.414214
13.1214953,0.037037037,0.881720430108,2.061553
13.2897196,0.037037037,0.881720430108,2.692582
13.4579439,0.037037037,0.870967741935,2.236068
13.6261682,0.037037037,0.860215053763,5.09902
13.7943925,0.037037037,0.860215053763,4.123106
13.9626168,0.037037037,0.849462365591,5
14.1308411,0.037037037,0.827956989247,4.582576
14.2990654,0.037037037,0.817204301075,4.582576
14.4672897,0.037037037,0.795698924731,5.09902
14.635514,0.037037037,0.774193548387,5.91608
14.8037383,0.037037037,0.731182795699,4.582576
14.9719626,0.037037037,0.698924731183,5.09902
15.1401869,0.037037037,0.645161290323,4
15.3084112,0.037037037,0.548387096774,4.242641
15.4766355,0.037037037,0.462365591398,10.44031
15.6448598,0.037037037,0.365591397849,0
15.8130841,0.037037037,0.290322580645,2.236068
15.9813084,0.037037037,0.215053763441,3.605551
16.1495327,0.037037037,0.139784946237,5.09902
16.317757,0.037037037,0.10752688172,5.09902
16.4859813,0.037037037,0.0645161290323,2
16.6542056,0.037037037,0.0430107526882,3.162278
16.8224299,0.037037037,0.0322580645161,3.201562
16.9906542,0.037037037,0.0215053763441,1.118034
17.1588785,0.037037037,0.0215053763441,5.123475
17.3271028,0.037037037,0.010752688172,6.480741
17.4953271,0.037037037,0.010752688172,4.123106
17.6635514,0.037037037,0.010752688172,3.741657
17.8317757,0.037037037,0.010752688172,5.656854
18,0.037037037,0.010752688172,7.211103
0,0,,254.0709
0.168224299,0,,254.0709
0.336448598,0,,254.0709
0.504672897,0,,254.0709
0.672897196,0,,254.0709
0.841121495,0,,254.0709
1.00934579,0,,254.0709
1.17757009,0,,254.0709
1.34579439,0,,254.0709
1.51401869,0,,254.0709
1.68224299,0,,254.0709
1.85046729,0,,254.0709
2.01869159,0,,254.0709
2.18691589,0,,254.0709
2.35514019,0,,254.0709
2.52336449,0,,254.0709
2.69158879,0,,254.0709
2.85981308,0,0.989247311828,17.02939
3.02803738,0,0.989247311828,17.02939
3.19626168,0,0.989247311828,17.02939
3.36448598,0,0.978494623656,14.3527
3.53271028,0,0.978494623656,12.40967
3.70093458,0,0.978494623656,10.48809
3.86915888,0,0.978494623656,11.44552
4.03738318,0,0.978494623656,10.48809
4.20560748,0,0.978494623656,8.602325
4.37383178,0,0.978494623656,7.681146
4.54205607,0,0.978494623656,7.681146
4.71028037,0,0.978494623656,7.681146
4.87850467,0,0.978494623656,7.681146
5.04672897,0,0.978494623656,7.681146
5.21495327,0,0.978494623656,8.774964
5.38317757,0,0.978494623656,8.774964
5.55140187,0,0.978494623656,7.681146
5.71962617,0,0.978494623656,7.681146
5.88785047,0,0.978494623656,7.681146
6.05607477,0,0.978494623656,7.681146
6.22429907,0,0.978494623656,6.78233
6.39252336,0,0.978494623656,6.78233
6.56074766,0,0.978494623656,6.78233
6.72897196,0,0.978494623656,6.164414
6.89719626,0,0.978494623656,5.91608
7.06542056,0,0.978494623656,5.91608
7.23364486,0,0.978494623656,4.358899
7.40186916,0,0.978494623656,3.741657
7.57009346,0,0.978494623656,3.741657
7.73831776,0,0.978494623656,3.162278
7.90654206,0,0.978494623656,4.358899
8.07476636,0,0.978494623656,5.385165
8.24299065,0,0.967741935484,5.744563
8.41121495,0,0.967741935484,4.898979
8.57943925,0,0.967741935484,3
8.74766355,0,0.967741935484,2.828427
8.91588785,0,0.967741935484,3
9.08411215,0,0.967741935484,3.464102
9.25233645,0,0.967741935484,6.63325
9.42056075,0,0.956989247312,5.91608
9.58878505,0,0.956989247312,3.605551
9.75700935,0,0.956989247312,3
9.92523364,0,0.956989247312,4.242641
10.0934579,0,0.956989247312,5
10.2616822,0,0.94623655914,5.09902
10.4299065,0,0.94623655914,4.123106
10.5981308,0,0.94623655914,3.162278
10.7663551,0,0.94623655914,4.123106
10.9345794,0,0.94623655914,5.09902
11.1028037,0,0.935483870968,4.582576
11.271028,0,0.935483870968,2.44949
11.4392523,0,0.935483870968,2.828427
11.6074766,0,0.935483870968,3
11.7757009,0,0.924731182796,4.898979
11.9439252,0,0.924731182796,3.464102
12.1121495,0,0.924731182796,3
12.2803738,0,0.924731182796,3.741657
12.4485981,0,0.924731182796,6.63325
12.6168224,0,0.913978494624,3.316625
12.7850467,0,0.913978494624,3.605551
12.953271,0,0.903225806452,6.403124
13.1214953,0,0.903225806452,2.236068
13.2897196,0,0.903225806452,3.605551
13.4579439,0,0.89247311828,3
13.6261682,0,0.89247311828,3.741657
13.7943925,0,0.881720430108,1.802776
13.9626168,0,0.870967741935,2.44949
14.1308411,0,0.860215053763,5.385165
14.2990654,0,0.849462365591,3.605551
14.4672897,0,0.838709677419,3
14.635514,0,0.827956989247,3.741657
14.8037383,0,0.795698924731,4.898979
14.9719626,0,0.752688172043,9.110434
15.1401869,0,0.688172043011,5.385165
15.3084112,0,0.58064516129,3.464102
15.4766355,0,0.516129032258,7.483315
15.6448598,0,0.397849462366,5.385165
15.8130841,0,0.311827956989,6.164414
15.9813084,0,0.225806451613,17.52142
16.1495327,0,0.150537634409,3.316625
16.317757,0,0.0967741935484,5.91608
16.4859813,0,0.0537634408602,3.741657
16.6542056,0,0.0430107526882,6.164414
16.8224299,0,0.0215053763441,5.59017
16.9906542,0,0.010752688172,5.744563
17.1588785,0,0.010752688172,4.123106
17.3271028,0,0.010752688172,6.63325
17.4953271,0,0.010752688172,11.35782
17.6635514,0,0.010752688172,14.28286
17.8317757,0,0.010752688172,14.28286
18,0,0.010752688172,14.28286
